iso3,name,year,value_pct,series_type,region_code,region_name
AGO,Angola,1990,25.089179548157,country,SSF,Sub-Saharan Africa
AGO,Angola,1991,28.5867237687366,country,SSF,Sub-Saharan Africa
AGO,Angola,1992,28.5110876451954,country,SSF,Sub-Saharan Africa
AGO,Angola,1993,28.4210526315789,country,SSF,Sub-Saharan Africa
AGO,Angola,1994,28.3769633507853,country,SSF,Sub-Saharan Africa
AGO,Angola,1995,28.4375,country,SSF,Sub-Saharan Africa
AGO,Angola,1996,28.4046692607004,country,SSF,Sub-Saharan Africa
AGO,Angola,1997,10.0349040139616,country,SSF,Sub-Saharan Africa
AGO,Angola,1998,14.5675265553869,country,SSF,Sub-Saharan Africa
AGO,Angola,1999,14.5318352059925,country,SSF,Sub-Saharan Africa
AGO,Angola,2000,14.6020761245675,country,SSF,Sub-Saharan Africa
AGO,Angola,2001,14.5299145299145,country,SSF,Sub-Saharan Africa
AGO,Angola,2002,14.6175637393768,country,SSF,Sub-Saharan Africa
AGO,Angola,2003,12.9323308270677,country,SSF,Sub-Saharan Africa
AGO,Angola,2004,26.3040570664289,country,SSF,Sub-Saharan Africa
AGO,Angola,2005,25.1042851725446,country,SSF,Sub-Saharan Africa
AGO,Angola,2006,13.0740864901106,country,SSF,Sub-Saharan Africa
AGO,Angola,2007,13.3024691358025,country,SSF,Sub-Saharan Africa
AGO,Angola,2008,10.2690693655887,country,SSF,Sub-Saharan Africa
AGO,Angola,2009,9.99185999185999,country,SSF,Sub-Saharan Africa
AGO,Angola,2010,11.5066984767847,country,SSF,Sub-Saharan Africa
AGO,Angola,2011,11.276332094176,country,SSF,Sub-Saharan Africa
AGO,Angola,2012,11.2710765239948,country,SSF,Sub-Saharan Africa
AGO,Angola,2013,11.2748710390567,country,SSF,Sub-Saharan Africa
AGO,Angola,2014,11.2724976318282,country,SSF,Sub-Saharan Africa
AGO,Angola,2015,11.2700699876492,country,SSF,Sub-Saharan Africa
AGO,Angola,2016,11.2669600293363,country,SSF,Sub-Saharan Africa
AGO,Angola,2017,11.2580314740665,country,SSF,Sub-Saharan Africa
AGO,Angola,2018,11.2649128173753,country,SSF,Sub-Saharan Africa
AGO,Angola,2019,11.2629123625458,country,SSF,Sub-Saharan Africa
AGO,Angola,2020,11.2661592364383,country,SSF,Sub-Saharan Africa
AGO,Angola,2021,11.2622876114836,country,SSF,Sub-Saharan Africa
AGO,Angola,2022,11.2616822429907,country,SSF,Sub-Saharan Africa
AGO,Angola,2023,11.2667982931024,country,SSF,Sub-Saharan Africa
ALB,Albania,1990,51.1832524271845,country,ECS,Europe & Central Asia
ALB,Albania,1991,33.4730225248821,country,ECS,Europe & Central Asia
ALB,Albania,1992,41.5733647613435,country,ECS,Europe & Central Asia
ALB,Albania,1993,46.8971379994333,country,ECS,Europe & Central Asia
ALB,Albania,1994,46.7647805125603,country,ECS,Europe & Central Asia
ALB,Albania,1995,51.0395707578806,country,ECS,Europe & Central Asia
ALB,Albania,1996,48.2614510197258,country,ECS,Europe & Central Asia
ALB,Albania,1997,55.7192042846213,country,ECS,Europe & Central Asia
ALB,Albania,1998,62.4192601291838,country,ECS,Europe & Central Asia
ALB,Albania,1999,25.5848222508749,country,ECS,Europe & Central Asia
ALB,Albania,2000,27.2498953537045,country,ECS,Europe & Central Asia
ALB,Albania,2001,36.0857908847185,country,ECS,Europe & Central Asia
ALB,Albania,2002,27.5013376136972,country,ECS,Europe & Central Asia
ALB,Albania,2003,28.8862179487179,country,ECS,Europe & Central Asia
ALB,Albania,2004,11.452015697467,country,ECS,Europe & Central Asia
ALB,Albania,2005,11.5377549145692,country,ECS,Europe & Central Asia
ALB,Albania,2006,45.0579290369298,country,ECS,Europe & Central Asia
ALB,Albania,2007,72.9020979020979,country,ECS,Europe & Central Asia
ALB,Albania,2008,38.530418751646,country,ECS,Europe & Central Asia
ALB,Albania,2009,23.5870818915802,country,ECS,Europe & Central Asia
ALB,Albania,2010,12.6585623678647,country,ECS,Europe & Central Asia
ALB,Albania,2011,24.9343832020997,country,ECS,Europe & Central Asia
ALB,Albania,2012,23.6825396825397,country,ECS,Europe & Central Asia
ALB,Albania,2013,27.9925276620204,country,ECS,Europe & Central Asia
ALB,Albania,2014,23.6875529212532,country,ECS,Europe & Central Asia
ALB,Albania,2015,21.2044105173876,country,ECS,Europe & Central Asia
ALB,Albania,2016,25.751734772552,country,ECS,Europe & Central Asia
ALB,Albania,2017,28.1926646045073,country,ECS,Europe & Central Asia
ALB,Albania,2018,13.0246697065357,country,ECS,Europe & Central Asia
ALB,Albania,2019,20.2458701498271,country,ECS,Europe & Central Asia
ALB,Albania,2020,17.0525127046866,country,ECS,Europe & Central Asia
ALB,Albania,2021,15.1417094398572,country,ECS,Europe & Central Asia
ALB,Albania,2022,13.6818051985147,country,ECS,Europe & Central Asia
ALB,Albania,2023,12.3473240062181,country,ECS,Europe & Central Asia
ARE,United Arab Emirates,1990,8.99882903981265,country,MEA,"Middle East, North Africa, Afghanistan & Pakistan"
ARE,United Arab Emirates,1991,8.99659961961847,country,MEA,"Middle East, North Africa, Afghanistan & Pakistan"
ARE,United Arab Emirates,1992,8.99994649258922,country,MEA,"Middle East, North Africa, Afghanistan & Pakistan"
ARE,United Arab Emirates,1993,9.00138057984353,country,MEA,"Middle East, North Africa, Afghanistan & Pakistan"
ARE,United Arab Emirates,1994,8.9989888776542,country,MEA,"Middle East, North Africa, Afghanistan & Pakistan"
ARE,United Arab Emirates,1995,6.20046433432071,country,MEA,"Middle East, North Africa, Afghanistan & Pakistan"
ARE,United Arab Emirates,1996,6.20201716092127,country,MEA,"Middle East, North Africa, Afghanistan & Pakistan"
ARE,United Arab Emirates,1997,6.20070422535211,country,MEA,"Middle East, North Africa, Afghanistan & Pakistan"
ARE,United Arab Emirates,1998,6.20208433157643,country,MEA,"Middle East, North Africa, Afghanistan & Pakistan"
ARE,United Arab Emirates,1999,6.20050638366643,country,MEA,"Middle East, North Africa, Afghanistan & Pakistan"
ARE,United Arab Emirates,2000,6.20118165431604,country,MEA,"Middle East, North Africa, Afghanistan & Pakistan"
ARE,United Arab Emirates,2001,6.20077828221996,country,MEA,"Middle East, North Africa, Afghanistan & Pakistan"
ARE,United Arab Emirates,2002,6.20198053611064,country,MEA,"Middle East, North Africa, Afghanistan & Pakistan"
ARE,United Arab Emirates,2003,6.20222446916077,country,MEA,"Middle East, North Africa, Afghanistan & Pakistan"
ARE,United Arab Emirates,2004,6.20218631360055,country,MEA,"Middle East, North Africa, Afghanistan & Pakistan"
ARE,United Arab Emirates,2005,6.20119279053676,country,MEA,"Middle East, North Africa, Afghanistan & Pakistan"
ARE,United Arab Emirates,2006,6.20207284926911,country,MEA,"Middle East, North Africa, Afghanistan & Pakistan"
ARE,United Arab Emirates,2007,6.20230824900649,country,MEA,"Middle East, North Africa, Afghanistan & Pakistan"
ARE,United Arab Emirates,2008,6.20160819258541,country,MEA,"Middle East, North Africa, Afghanistan & Pakistan"
ARE,United Arab Emirates,2009,6.20201171555929,country,MEA,"Middle East, North Africa, Afghanistan & Pakistan"
ARE,United Arab Emirates,2010,6.20230124854974,country,MEA,"Middle East, North Africa, Afghanistan & Pakistan"
ARE,United Arab Emirates,2011,6.20252781504383,country,MEA,"Middle East, North Africa, Afghanistan & Pakistan"
ARE,United Arab Emirates,2012,6.20210502532432,country,MEA,"Middle East, North Africa, Afghanistan & Pakistan"
ARE,United Arab Emirates,2013,6.20210009545888,country,MEA,"Middle East, North Africa, Afghanistan & Pakistan"
ARE,United Arab Emirates,2014,6.20189626324596,country,MEA,"Middle East, North Africa, Afghanistan & Pakistan"
ARE,United Arab Emirates,2015,6.20255450099307,country,MEA,"Middle East, North Africa, Afghanistan & Pakistan"
ARE,United Arab Emirates,2016,6.00788501153434,country,MEA,"Middle East, North Africa, Afghanistan & Pakistan"
ARE,United Arab Emirates,2017,6.21618809821057,country,MEA,"Middle East, North Africa, Afghanistan & Pakistan"
ARE,United Arab Emirates,2018,5.81484258973341,country,MEA,"Middle East, North Africa, Afghanistan & Pakistan"
ARE,United Arab Emirates,2019,5.06377569445448,country,MEA,"Middle East, North Africa, Afghanistan & Pakistan"
ARE,United Arab Emirates,2020,5.11980190809118,country,MEA,"Middle East, North Africa, Afghanistan & Pakistan"
ARE,United Arab Emirates,2021,4.88151785953895,country,MEA,"Middle East, North Africa, Afghanistan & Pakistan"
ARE,United Arab Emirates,2022,4.7272867638544,country,MEA,"Middle East, North Africa, Afghanistan & Pakistan"
ARE,United Arab Emirates,2023,4.29052360146121,country,MEA,"Middle East, North Africa, Afghanistan & Pakistan"
ARG,Argentina,1990,17.7441486650723,country,LCN,Latin America & Caribbean
ARG,Argentina,1991,18.5318580127729,country,LCN,Latin America & Caribbean
ARG,Argentina,1992,19.6927847176435,country,LCN,Latin America & Caribbean
ARG,Argentina,1993,19.3244990303814,country,LCN,Latin America & Caribbean
ARG,Argentina,1994,17.3720937319072,country,LCN,Latin America & Caribbean
ARG,Argentina,1995,15.9286107679255,country,LCN,Latin America & Caribbean
ARG,Argentina,1996,16.6356131399415,country,LCN,Latin America & Caribbean
ARG,Argentina,1997,16.0248361503967,country,LCN,Latin America & Caribbean
ARG,Argentina,1998,14.8551554938463,country,LCN,Latin America & Caribbean
ARG,Argentina,1999,14.6584281628054,country,LCN,Latin America & Caribbean
ARG,Argentina,2000,13.9076791693822,country,LCN,Latin America & Caribbean
ARG,Argentina,2001,14.5928078621026,country,LCN,Latin America & Caribbean
ARG,Argentina,2002,15.8832220317948,country,LCN,Latin America & Caribbean
ARG,Argentina,2003,16.0563013163039,country,LCN,Latin America & Caribbean
ARG,Argentina,2004,16.0950946858265,country,LCN,Latin America & Caribbean
ARG,Argentina,2005,15.8089799468653,country,LCN,Latin America & Caribbean
ARG,Argentina,2006,14.6733189943937,country,LCN,Latin America & Caribbean
ARG,Argentina,2007,15.3243207538861,country,LCN,Latin America & Caribbean
ARG,Argentina,2008,14.8949781426591,country,LCN,Latin America & Caribbean
ARG,Argentina,2009,15.5368293719554,country,LCN,Latin America & Caribbean
ARG,Argentina,2010,15.8124032853232,country,LCN,Latin America & Caribbean
ARG,Argentina,2011,14.6379318332741,country,LCN,Latin America & Caribbean
ARG,Argentina,2012,15.1832306810331,country,LCN,Latin America & Caribbean
ARG,Argentina,2013,15.984426423455,country,LCN,Latin America & Caribbean
ARG,Argentina,2014,12.8507100796675,country,LCN,Latin America & Caribbean
ARG,Argentina,2015,12.2876374211912,country,LCN,Latin America & Caribbean
ARG,Argentina,2016,13.8785491101752,country,LCN,Latin America & Caribbean
ARG,Argentina,2017,15.7809453187224,country,LCN,Latin America & Caribbean
ARG,Argentina,2018,16.1280653950954,country,LCN,Latin America & Caribbean
ARG,Argentina,2019,14.9510945505356,country,LCN,Latin America & Caribbean
ARG,Argentina,2020,14.4218131749685,country,LCN,Latin America & Caribbean
ARG,Argentina,2021,14.5764106045868,country,LCN,Latin America & Caribbean
ARG,Argentina,2022,20.512890933434,country,LCN,Latin America & Caribbean
ARG,Argentina,2023,23.8509266611933,country,LCN,Latin America & Caribbean
ARG,Argentina,2024,21.8360129456596,country,LCN,Latin America & Caribbean
ARM,Armenia,1990,15.9139162323876,country,ECS,Europe & Central Asia
ARM,Armenia,1991,17.4443043295502,country,ECS,Europe & Central Asia
ARM,Armenia,1992,28.0986228342959,country,ECS,Europe & Central Asia
ARM,Armenia,1993,37.9666401906275,country,ECS,Europe & Central Asia
ARM,Armenia,1994,39.6076352067869,country,ECS,Europe & Central Asia
ARM,Armenia,1995,39.4713181082539,country,ECS,Europe & Central Asia
ARM,Armenia,1996,37.801738010943,country,ECS,Europe & Central Asia
ARM,Armenia,1997,20.6336042461436,country,ECS,Europe & Central Asia
ARM,Armenia,1998,28.4929736714586,country,ECS,Europe & Central Asia
ARM,Armenia,1999,25.1355606087109,country,ECS,Europe & Central Asia
ARM,Armenia,2000,25.3776435045317,country,ECS,Europe & Central Asia
ARM,Armenia,2001,26.1444734551784,country,ECS,Europe & Central Asia
ARM,Armenia,2002,25.6205834390288,country,ECS,Europe & Central Asia
ARM,Armenia,2003,22.5413561170696,country,ECS,Europe & Central Asia
ARM,Armenia,2004,15.8540630182421,country,ECS,Europe & Central Asia
ARM,Armenia,2005,15.8461294918474,country,ECS,Europe & Central Asia
ARM,Armenia,2006,13.1122706615048,country,ECS,Europe & Central Asia
ARM,Armenia,2007,13.1400474737199,country,ECS,Europe & Central Asia
ARM,Armenia,2008,15.4592720970537,country,ECS,Europe & Central Asia
ARM,Armenia,2009,14.8651031564098,country,ECS,Europe & Central Asia
ARM,Armenia,2010,11.2463410876598,country,ECS,Europe & Central Asia
ARM,Armenia,2011,12.1668909825034,country,ECS,Europe & Central Asia
ARM,Armenia,2012,12.2075659532106,country,ECS,Europe & Central Asia
ARM,Armenia,2013,12.3086900129702,country,ECS,Europe & Central Asia
ARM,Armenia,2014,11.9886436959608,country,ECS,Europe & Central Asia
ARM,Armenia,2015,10.4115912296448,country,ECS,Europe & Central Asia
ARM,Armenia,2016,9.6514012303486,country,ECS,Europe & Central Asia
ARM,Armenia,2017,8.60270444301352,country,ECS,Europe & Central Asia
ARM,Armenia,2018,7.84238223591323,country,ECS,Europe & Central Asia
ARM,Armenia,2019,7.12332334939445,country,ECS,Europe & Central Asia
ARM,Armenia,2020,7.19571319214085,country,ECS,Europe & Central Asia
ARM,Armenia,2021,6.99327325802767,country,ECS,Europe & Central Asia
ARM,Armenia,2022,6.58324265505985,country,ECS,Europe & Central Asia
ARM,Armenia,2023,6.69997728821258,country,ECS,Europe & Central Asia
AUS,Australia,1990,6.12892613163548,country,EAS,East Asia & Pacific
AUS,Australia,1991,6.0713693581094,country,EAS,East Asia & Pacific
AUS,Australia,1992,6.24087248111818,country,EAS,East Asia & Pacific
AUS,Australia,1993,6.05927283837458,country,EAS,East Asia & Pacific
AUS,Australia,1994,6.04073735690869,country,EAS,East Asia & Pacific
AUS,Australia,1995,6.12904902430714,country,EAS,East Asia & Pacific
AUS,Australia,1996,6.09015867295803,country,EAS,East Asia & Pacific
AUS,Australia,1997,5.95608372189637,country,EAS,East Asia & Pacific
AUS,Australia,1998,6.30140912836735,country,EAS,East Asia & Pacific
AUS,Australia,1999,6.88132086848672,country,EAS,East Asia & Pacific
AUS,Australia,2000,7.12573255194459,country,EAS,East Asia & Pacific
AUS,Australia,2001,8.08021902196897,country,EAS,East Asia & Pacific
AUS,Australia,2002,6.95436268154952,country,EAS,East Asia & Pacific
AUS,Australia,2003,6.00221012490829,country,EAS,East Asia & Pacific
AUS,Australia,2004,6.98626299062311,country,EAS,East Asia & Pacific
AUS,Australia,2005,6.84758364312268,country,EAS,East Asia & Pacific
AUS,Australia,2006,6.91362796890435,country,EAS,East Asia & Pacific
AUS,Australia,2007,6.63686424820178,country,EAS,East Asia & Pacific
AUS,Australia,2008,6.36129281599862,country,EAS,East Asia & Pacific
AUS,Australia,2009,5.14139956963596,country,EAS,East Asia & Pacific
AUS,Australia,2010,5.84379860762049,country,EAS,East Asia & Pacific
AUS,Australia,2011,5.0888981668938,country,EAS,East Asia & Pacific
AUS,Australia,2012,5.02151394422311,country,EAS,East Asia & Pacific
AUS,Australia,2013,4.52685288730164,country,EAS,East Asia & Pacific
AUS,Australia,2014,3.96325088339223,country,EAS,East Asia & Pacific
AUS,Australia,2015,3.90416754392586,country,EAS,East Asia & Pacific
AUS,Australia,2016,3.93758129463903,country,EAS,East Asia & Pacific
AUS,Australia,2017,4.30222959434792,country,EAS,East Asia & Pacific
AUS,Australia,2018,4.02518999754842,country,EAS,East Asia & Pacific
AUS,Australia,2019,3.79735329096377,country,EAS,East Asia & Pacific
AUS,Australia,2020,3.91774581601792,country,EAS,East Asia & Pacific
AUS,Australia,2021,4.79262221619708,country,EAS,East Asia & Pacific
AUS,Australia,2022,4.91140974695339,country,EAS,East Asia & Pacific
AUS,Australia,2023,4.61865240423501,country,EAS,East Asia & Pacific
AUS,Australia,2024,4.71134182790624,country,EAS,East Asia & Pacific
AUT,Austria,1990,5.78995506422237,country,ECS,Europe & Central Asia
AUT,Austria,1991,5.87766835654488,country,ECS,Europe & Central Asia
AUT,Austria,1992,5.69642508302403,country,ECS,Europe & Central Asia
AUT,Austria,1993,6.04719482650083,country,ECS,Europe & Central Asia
AUT,Austria,1994,5.75547692539336,country,ECS,Europe & Central Asia
AUT,Austria,1995,5.91907514450867,country,ECS,Europe & Central Asia
AUT,Austria,1996,5.91290087463557,country,ECS,Europe & Central Asia
AUT,Austria,1997,5.61688769751693,country,ECS,Europe & Central Asia
AUT,Austria,1998,5.85954632374871,country,ECS,Europe & Central Asia
AUT,Austria,1999,5.4492648989236,country,ECS,Europe & Central Asia
AUT,Austria,2000,5.21899538011982,country,ECS,Europe & Central Asia
AUT,Austria,2001,5.90561898509184,country,ECS,Europe & Central Asia
AUT,Austria,2002,5.06888110209763,country,ECS,Europe & Central Asia
AUT,Austria,2003,5.4724631900821,country,ECS,Europe & Central Asia
AUT,Austria,2004,5.33888265369747,country,ECS,Europe & Central Asia
AUT,Austria,2005,5.13676083313383,country,ECS,Europe & Central Asia
AUT,Austria,2006,5.17449228771908,country,ECS,Europe & Central Asia
AUT,Austria,2007,5.33925388728413,country,ECS,Europe & Central Asia
AUT,Austria,2008,5.15773885207402,country,ECS,Europe & Central Asia
AUT,Austria,2009,5.18331958255533,country,ECS,Europe & Central Asia
AUT,Austria,2010,4.70981891800697,country,ECS,Europe & Central Asia
AUT,Austria,2011,5.27403400543965,country,ECS,Europe & Central Asia
AUT,Austria,2012,4.85379392036142,country,ECS,Europe & Central Asia
AUT,Austria,2013,5.17584411024636,country,ECS,Europe & Central Asia
AUT,Austria,2014,5.21562394938721,country,ECS,Europe & Central Asia
AUT,Austria,2015,5.30789139190493,country,ECS,Europe & Central Asia
AUT,Austria,2016,4.88815365696551,country,ECS,Europe & Central Asia
AUT,Austria,2017,4.84969996074253,country,ECS,Europe & Central Asia
AUT,Austria,2018,4.86031158459274,country,ECS,Europe & Central Asia
AUT,Austria,2019,4.45079074278632,country,ECS,Europe & Central Asia
AUT,Austria,2020,4.39786102152761,country,ECS,Europe & Central Asia
AUT,Austria,2021,4.57346373452428,country,ECS,Europe & Central Asia
AUT,Austria,2022,4.68817763899731,country,ECS,Europe & Central Asia
AUT,Austria,2023,4.14126185743066,country,ECS,Europe & Central Asia
AUT,Austria,2024,3.82132369002257,country,ECS,Europe & Central Asia
AZE,Azerbaijan,1990,13.4286454733932,country,ECS,Europe & Central Asia
AZE,Azerbaijan,1991,11.1513859275053,country,ECS,Europe & Central Asia
AZE,Azerbaijan,1992,12.3867833830896,country,ECS,Europe & Central Asia
AZE,Azerbaijan,1993,16.8757545535667,country,ECS,Europe & Central Asia
AZE,Azerbaijan,1994,16.6581298730863,country,ECS,Europe & Central Asia
AZE,Azerbaijan,1995,14.3334897911288,country,ECS,Europe & Central Asia
AZE,Azerbaijan,1996,18.4116579856031,country,ECS,Europe & Central Asia
AZE,Azerbaijan,1997,20.5511998099311,country,ECS,Europe & Central Asia
AZE,Azerbaijan,1998,16.1740193354817,country,ECS,Europe & Central Asia
AZE,Azerbaijan,1999,15.3003961267606,country,ECS,Europe & Central Asia
AZE,Azerbaijan,2000,14.8136263971335,country,ECS,Europe & Central Asia
AZE,Azerbaijan,2001,13.4949920927781,country,ECS,Europe & Central Asia
AZE,Azerbaijan,2002,20.501577455751,country,ECS,Europe & Central Asia
AZE,Azerbaijan,2003,20.877572113126,country,ECS,Europe & Central Asia
AZE,Azerbaijan,2004,19.1041206769684,country,ECS,Europe & Central Asia
AZE,Azerbaijan,2005,17.6241692899615,country,ECS,Europe & Central Asia
AZE,Azerbaijan,2006,15.3811677464043,country,ECS,Europe & Central Asia
AZE,Azerbaijan,2007,15.7092506980363,country,ECS,Europe & Central Asia
AZE,Azerbaijan,2008,14.6144249872938,country,ECS,Europe & Central Asia
AZE,Azerbaijan,2009,21.7299130803477,country,ECS,Europe & Central Asia
AZE,Azerbaijan,2010,20.4703367183324,country,ECS,Europe & Central Asia
AZE,Azerbaijan,2011,19.5772149403765,country,ECS,Europe & Central Asia
AZE,Azerbaijan,2012,14.6511223246911,country,ECS,Europe & Central Asia
AZE,Azerbaijan,2013,14.0489851845508,country,ECS,Europe & Central Asia
AZE,Azerbaijan,2014,13.5999676480104,country,ECS,Europe & Central Asia
AZE,Azerbaijan,2015,11.6210304601426,country,ECS,Europe & Central Asia
AZE,Azerbaijan,2016,9.41808271882014,country,ECS,Europe & Central Asia
AZE,Azerbaijan,2017,9.25164473684211,country,ECS,Europe & Central Asia
AZE,Azerbaijan,2018,8.79543382615244,country,ECS,Europe & Central Asia
AZE,Azerbaijan,2019,8.53405952746241,country,ECS,Europe & Central Asia
AZE,Azerbaijan,2020,7.90278261542629,country,ECS,Europe & Central Asia
AZE,Azerbaijan,2021,7.69534191558791,country,ECS,Europe & Central Asia
AZE,Azerbaijan,2022,7.52436378663177,country,ECS,Europe & Central Asia
AZE,Azerbaijan,2023,7.63692202695786,country,ECS,Europe & Central Asia
BEL,Belgium,1990,5.08156733358713,country,ECS,Europe & Central Asia
BEL,Belgium,1991,4.8723865658363,country,ECS,Europe & Central Asia
BEL,Belgium,1992,4.89719626168224,country,ECS,Europe & Central Asia
BEL,Belgium,1993,5.18536296128978,country,ECS,Europe & Central Asia
BEL,Belgium,1994,4.9460369359509,country,ECS,Europe & Central Asia
BEL,Belgium,1995,4.93629717234706,country,ECS,Europe & Central Asia
BEL,Belgium,1996,5.03817395760785,country,ECS,Europe & Central Asia
BEL,Belgium,1997,4.6820493955577,country,ECS,Europe & Central Asia
BEL,Belgium,1998,4.61512568673888,country,ECS,Europe & Central Asia
BEL,Belgium,1999,4.88203137941643,country,ECS,Europe & Central Asia
BEL,Belgium,2000,4.51006999000143,country,ECS,Europe & Central Asia
BEL,Belgium,2001,4.86839302940329,country,ECS,Europe & Central Asia
BEL,Belgium,2002,4.59613252263339,country,ECS,Europe & Central Asia
BEL,Belgium,2003,4.43932411674347,country,ECS,Europe & Central Asia
BEL,Belgium,2004,4.45434033962712,country,ECS,Europe & Central Asia
BEL,Belgium,2005,4.49950978103553,country,ECS,Europe & Central Asia
BEL,Belgium,2006,4.68629931313322,country,ECS,Europe & Central Asia
BEL,Belgium,2007,4.50841070577285,country,ECS,Europe & Central Asia
BEL,Belgium,2008,4.76427445822818,country,ECS,Europe & Central Asia
BEL,Belgium,2009,4.31769079762675,country,ECS,Europe & Central Asia
BEL,Belgium,2010,4.38541787779175,country,ECS,Europe & Central Asia
BEL,Belgium,2011,4.37348985513642,country,ECS,Europe & Central Asia
BEL,Belgium,2012,4.95243829018663,country,ECS,Europe & Central Asia
BEL,Belgium,2013,4.73931946390715,country,ECS,Europe & Central Asia
BEL,Belgium,2014,5.28223861051761,country,ECS,Europe & Central Asia
BEL,Belgium,2015,5.58639982784592,country,ECS,Europe & Central Asia
BEL,Belgium,2016,4.58729528304091,country,ECS,Europe & Central Asia
BEL,Belgium,2017,4.49670395640679,country,ECS,Europe & Central Asia
BEL,Belgium,2018,5.10001465904396,country,ECS,Europe & Central Asia
BEL,Belgium,2019,3.87745077100508,country,ECS,Europe & Central Asia
BEL,Belgium,2020,3.90931550646708,country,ECS,Europe & Central Asia
BEL,Belgium,2021,3.59271902150655,country,ECS,Europe & Central Asia
BEL,Belgium,2022,3.46117769671704,country,ECS,Europe & Central Asia
BEL,Belgium,2023,4.36632681113515,country,ECS,Europe & Central Asia
BEL,Belgium,2024,4.29778630307429,country,ECS,Europe & Central Asia
BEN,Benin,1994,73.0769230769231,country,SSF,Sub-Saharan Africa
BEN,Benin,1996,85.1063829787234,country,SSF,Sub-Saharan Africa
BEN,Benin,1997,71.1864406779661,country,SSF,Sub-Saharan Africa
BEN,Benin,1998,55.6962025316456,country,SSF,Sub-Saharan Africa
BEN,Benin,1999,73.6111111111111,country,SSF,Sub-Saharan Africa
BEN,Benin,2000,70.2380952380952,country,SSF,Sub-Saharan Africa
BEN,Benin,2006,81.8181818181818,country,SSF,Sub-Saharan Africa
BEN,Benin,2007,56.8181818181818,country,SSF,Sub-Saharan Africa
BEN,Benin,2008,61.1353711790393,country,SSF,Sub-Saharan Africa
BEN,Benin,2014,78.1609195402299,country,SSF,Sub-Saharan Africa
BEN,Benin,2015,83.9393939393939,country,SSF,Sub-Saharan Africa
BEN,Benin,2017,89.7280966767372,country,SSF,Sub-Saharan Africa
BEN,Benin,2019,68.75,country,SSF,Sub-Saharan Africa
BEN,Benin,2020,34.9848331648129,country,SSF,Sub-Saharan Africa
BEN,Benin,2021,26.5541740674956,country,SSF,Sub-Saharan Africa
BEN,Benin,2022,38.4615384615385,country,SSF,Sub-Saharan Africa
BEN,Benin,2023,58.6206896551724,country,SSF,Sub-Saharan Africa
BFA,Burkina Faso,1990,9.78260869565217,country,SSF,Sub-Saharan Africa
BFA,Burkina Faso,1991,9.79381443298969,country,SSF,Sub-Saharan Africa
BFA,Burkina Faso,1992,9.95024875621891,country,SSF,Sub-Saharan Africa
BFA,Burkina Faso,1993,9.76744186046512,country,SSF,Sub-Saharan Africa
BFA,Burkina Faso,1994,9.72222222222222,country,SSF,Sub-Saharan Africa
BFA,Burkina Faso,1995,11.9341563786008,country,SSF,Sub-Saharan Africa
BFA,Burkina Faso,1996,14.5985401459854,country,SSF,Sub-Saharan Africa
BFA,Burkina Faso,1997,12.3778501628664,country,SSF,Sub-Saharan Africa
BFA,Burkina Faso,1998,14.2011834319527,country,SSF,Sub-Saharan Africa
BFA,Burkina Faso,1999,12.5,country,SSF,Sub-Saharan Africa
BFA,Burkina Faso,2000,12.5641025641026,country,SSF,Sub-Saharan Africa
BFA,Burkina Faso,2001,17.4863387978142,country,SSF,Sub-Saharan Africa
BFA,Burkina Faso,2002,15.6164383561644,country,SSF,Sub-Saharan Africa
BFA,Burkina Faso,2003,15.5056179775281,country,SSF,Sub-Saharan Africa
BFA,Burkina Faso,2004,16.0337552742616,country,SSF,Sub-Saharan Africa
BFA,Burkina Faso,2005,15.8607350096712,country,SSF,Sub-Saharan Africa
BFA,Burkina Faso,2006,15.5109489051095,country,SSF,Sub-Saharan Africa
BFA,Burkina Faso,2007,16.8300653594771,country,SSF,Sub-Saharan Africa
BFA,Burkina Faso,2008,15.3225806451613,country,SSF,Sub-Saharan Africa
BFA,Burkina Faso,2009,14.5714285714286,country,SSF,Sub-Saharan Africa
BFA,Burkina Faso,2010,28.0,country,SSF,Sub-Saharan Africa
BFA,Burkina Faso,2011,18.4008762322015,country,SSF,Sub-Saharan Africa
BFA,Burkina Faso,2012,16.0035366931919,country,SSF,Sub-Saharan Africa
BFA,Burkina Faso,2013,14.2745709828393,country,SSF,Sub-Saharan Africa
BFA,Burkina Faso,2014,13.3333333333333,country,SSF,Sub-Saharan Africa
BFA,Burkina Faso,2015,11.2579281183932,country,SSF,Sub-Saharan Africa
BFA,Burkina Faso,2016,14.789139225881,country,SSF,Sub-Saharan Africa
BFA,Burkina Faso,2017,13.0005485463522,country,SSF,Sub-Saharan Africa
BFA,Burkina Faso,2018,12.8485511208311,country,SSF,Sub-Saharan Africa
BFA,Burkina Faso,2019,4.34508816120907,country,SSF,Sub-Saharan Africa
BFA,Burkina Faso,2020,11.4465408805031,country,SSF,Sub-Saharan Africa
BFA,Burkina Faso,2021,16.6071428571429,country,SSF,Sub-Saharan Africa
BFA,Burkina Faso,2022,16.5847665847666,country,SSF,Sub-Saharan Africa
BFA,Burkina Faso,2023,17.1030640668524,country,SSF,Sub-Saharan Africa
BGD,Bangladesh,1990,33.5747542679772,country,SAS,South Asia
BGD,Bangladesh,1991,35.6227327690447,country,SAS,South Asia
BGD,Bangladesh,1992,26.6584214076906,country,SAS,South Asia
BGD,Bangladesh,1993,19.4655659352596,country,SAS,South Asia
BGD,Bangladesh,1994,18.1009811937858,country,SAS,South Asia
BGD,Bangladesh,1995,16.6203960762539,country,SAS,South Asia
BGD,Bangladesh,1996,15.9839637441171,country,SAS,South Asia
BGD,Bangladesh,1997,15.1374599426547,country,SAS,South Asia
BGD,Bangladesh,1998,15.4168607359106,country,SAS,South Asia
BGD,Bangladesh,1999,15.8200692041522,country,SAS,South Asia
BGD,Bangladesh,2000,15.3255976158772,country,SAS,South Asia
BGD,Bangladesh,2001,13.8741950321987,country,SAS,South Asia
BGD,Bangladesh,2002,12.708277524779,country,SAS,South Asia
BGD,Bangladesh,2003,11.520900974026,country,SAS,South Asia
BGD,Bangladesh,2004,8.25602592667612,country,SAS,South Asia
BGD,Bangladesh,2005,7.43289224952741,country,SAS,South Asia
BGD,Bangladesh,2006,6.01977248104009,country,SAS,South Asia
BGD,Bangladesh,2007,5.16540917005223,country,SAS,South Asia
BGD,Bangladesh,2008,12.5218709903184,country,SAS,South Asia
BGD,Bangladesh,2009,11.3188289014236,country,SAS,South Asia
BGD,Bangladesh,2010,10.5866222701009,country,SAS,South Asia
BGD,Bangladesh,2011,10.2194725433526,country,SAS,South Asia
BGD,Bangladesh,2012,11.8862306191601,country,SAS,South Asia
BGD,Bangladesh,2013,13.2285983066792,country,SAS,South Asia
BGD,Bangladesh,2014,12.2014064093617,country,SAS,South Asia
BGD,Bangladesh,2015,12.0383522727273,country,SAS,South Asia
BGD,Bangladesh,2016,9.71632237416351,country,SAS,South Asia
BGD,Bangladesh,2017,8.74179774361213,country,SAS,South Asia
BGD,Bangladesh,2018,7.99746594868546,country,SAS,South Asia
BGD,Bangladesh,2019,8.13713585079167,country,SAS,South Asia
BGD,Bangladesh,2020,8.09904958338705,country,SAS,South Asia
BGD,Bangladesh,2021,7.78174186778594,country,SAS,South Asia
BGD,Bangladesh,2022,7.31582972215142,country,SAS,South Asia
BGD,Bangladesh,2023,7.90266328471782,country,SAS,South Asia
BGR,Bulgaria,1990,10.5431764789635,country,ECS,Europe & Central Asia
BGR,Bulgaria,1991,13.065929225197,country,ECS,Europe & Central Asia
BGR,Bulgaria,1992,18.0089862398203,country,ECS,Europe & Central Asia
BGR,Bulgaria,1993,15.3880569518646,country,ECS,Europe & Central Asia
BGR,Bulgaria,1994,15.1076495423911,country,ECS,Europe & Central Asia
BGR,Bulgaria,1995,14.908229438369,country,ECS,Europe & Central Asia
BGR,Bulgaria,1996,13.7770390486001,country,ECS,Europe & Central Asia
BGR,Bulgaria,1997,14.0410718874845,country,ECS,Europe & Central Asia
BGR,Bulgaria,1998,13.4137277936276,country,ECS,Europe & Central Asia
BGR,Bulgaria,1999,17.3159380882661,country,ECS,Europe & Central Asia
BGR,Bulgaria,2000,15.3699540611866,country,ECS,Europe & Central Asia
BGR,Bulgaria,2001,13.9533296943231,country,ECS,Europe & Central Asia
BGR,Bulgaria,2002,14.4825323929802,country,ECS,Europe & Central Asia
BGR,Bulgaria,2003,14.1455399061033,country,ECS,Europe & Central Asia
BGR,Bulgaria,2004,12.2342086927272,country,ECS,Europe & Central Asia
BGR,Bulgaria,2005,11.0064239828694,country,ECS,Europe & Central Asia
BGR,Bulgaria,2006,10.7039242632463,country,ECS,Europe & Central Asia
BGR,Bulgaria,2007,10.8367785296903,country,ECS,Europe & Central Asia
BGR,Bulgaria,2008,10.3670315518352,country,ECS,Europe & Central Asia
BGR,Bulgaria,2009,10.5018154734196,country,ECS,Europe & Central Asia
BGR,Bulgaria,2010,9.60281225215956,country,ECS,Europe & Central Asia
BGR,Bulgaria,2011,8.65405437328976,country,ECS,Europe & Central Asia
BGR,Bulgaria,2012,8.94616653275257,country,ECS,Europe & Central Asia
BGR,Bulgaria,2013,8.8896496633573,country,ECS,Europe & Central Asia
BGR,Bulgaria,2014,8.45020004211413,country,ECS,Europe & Central Asia
BGR,Bulgaria,2015,7.68886992910395,country,ECS,Europe & Central Asia
BGR,Bulgaria,2016,7.89990945029705,country,ECS,Europe & Central Asia
BGR,Bulgaria,2017,7.61860913794615,country,ECS,Europe & Central Asia
BGR,Bulgaria,2018,6.62083395606038,country,ECS,Europe & Central Asia
BGR,Bulgaria,2019,6.24717680007227,country,ECS,Europe & Central Asia
BGR,Bulgaria,2020,6.36747313147176,country,ECS,Europe & Central Asia
BGR,Bulgaria,2021,5.47006390850992,country,ECS,Europe & Central Asia
BGR,Bulgaria,2022,4.97039545337531,country,ECS,Europe & Central Asia
BGR,Bulgaria,2023,5.87504657806484,country,ECS,Europe & Central Asia
BHR,Bahrain,1990,3.02916510201527,country,MEA,"Middle East, North Africa, Afghanistan & Pakistan"
BHR,Bahrain,1991,2.12076185330272,country,MEA,"Middle East, North Africa, Afghanistan & Pakistan"
BHR,Bahrain,1992,1.98541329011345,country,MEA,"Middle East, North Africa, Afghanistan & Pakistan"
BHR,Bahrain,1993,1.70237994410096,country,MEA,"Middle East, North Africa, Afghanistan & Pakistan"
BHR,Bahrain,1994,1.43632860395866,country,MEA,"Middle East, North Africa, Afghanistan & Pakistan"
BHR,Bahrain,1995,0.53228021978022,country,MEA,"Middle East, North Africa, Afghanistan & Pakistan"
BHR,Bahrain,1996,2.58275439313445,country,MEA,"Middle East, North Africa, Afghanistan & Pakistan"
BHR,Bahrain,1997,0.672415157028716,country,MEA,"Middle East, North Africa, Afghanistan & Pakistan"
BHR,Bahrain,1998,3.40690268108428,country,MEA,"Middle East, North Africa, Afghanistan & Pakistan"
BHR,Bahrain,1999,2.90465631929047,country,MEA,"Middle East, North Africa, Afghanistan & Pakistan"
BHR,Bahrain,2000,4.01904899343387,country,MEA,"Middle East, North Africa, Afghanistan & Pakistan"
BHR,Bahrain,2001,3.94034751676016,country,MEA,"Middle East, North Africa, Afghanistan & Pakistan"
BHR,Bahrain,2002,3.55878883208808,country,MEA,"Middle East, North Africa, Afghanistan & Pakistan"
BHR,Bahrain,2003,1.9296904852885,country,MEA,"Middle East, North Africa, Afghanistan & Pakistan"
BHR,Bahrain,2004,2.45820433436533,country,MEA,"Middle East, North Africa, Afghanistan & Pakistan"
BHR,Bahrain,2005,2.1215093170908,country,MEA,"Middle East, North Africa, Afghanistan & Pakistan"
BHR,Bahrain,2006,2.04828438361373,country,MEA,"Middle East, North Africa, Afghanistan & Pakistan"
BHR,Bahrain,2007,1.87784783909421,country,MEA,"Middle East, North Africa, Afghanistan & Pakistan"
BHR,Bahrain,2008,8.49106203995794,country,MEA,"Middle East, North Africa, Afghanistan & Pakistan"
BHR,Bahrain,2009,9.03328753158105,country,MEA,"Middle East, North Africa, Afghanistan & Pakistan"
BHR,Bahrain,2010,6.77468099395567,country,MEA,"Middle East, North Africa, Afghanistan & Pakistan"
BHR,Bahrain,2011,6.42205604404635,country,MEA,"Middle East, North Africa, Afghanistan & Pakistan"
BHR,Bahrain,2012,5.71947527749748,country,MEA,"Middle East, North Africa, Afghanistan & Pakistan"
BHR,Bahrain,2013,5.21299583269023,country,MEA,"Middle East, North Africa, Afghanistan & Pakistan"
BHR,Bahrain,2014,3.93718122775474,country,MEA,"Middle East, North Africa, Afghanistan & Pakistan"
BHR,Bahrain,2015,2.36624069653139,country,MEA,"Middle East, North Africa, Afghanistan & Pakistan"
BHR,Bahrain,2016,2.40617327253595,country,MEA,"Middle East, North Africa, Afghanistan & Pakistan"
BHR,Bahrain,2017,4.85543199315654,country,MEA,"Middle East, North Africa, Afghanistan & Pakistan"
BHR,Bahrain,2018,1.82710201319574,country,MEA,"Middle East, North Africa, Afghanistan & Pakistan"
BHR,Bahrain,2019,2.49826299731142,country,MEA,"Middle East, North Africa, Afghanistan & Pakistan"
BHR,Bahrain,2020,4.76604157929423,country,MEA,"Middle East, North Africa, Afghanistan & Pakistan"
BHR,Bahrain,2021,2.95103957075788,country,MEA,"Middle East, North Africa, Afghanistan & Pakistan"
BHR,Bahrain,2022,2.96235229458642,country,MEA,"Middle East, North Africa, Afghanistan & Pakistan"
BHR,Bahrain,2023,2.69124079803691,country,MEA,"Middle East, North Africa, Afghanistan & Pakistan"
BIH,Bosnia and Herzegovina,1990,10.388190267906,country,ECS,Europe & Central Asia
BIH,Bosnia and Herzegovina,1991,15.3282553500181,country,ECS,Europe & Central Asia
BIH,Bosnia and Herzegovina,1992,16.551724137931,country,ECS,Europe & Central Asia
BIH,Bosnia and Herzegovina,1993,19.9278629395852,country,ECS,Europe & Central Asia
BIH,Bosnia and Herzegovina,1994,19.0386427898209,country,ECS,Europe & Central Asia
BIH,Bosnia and Herzegovina,1995,19.1547375596455,country,ECS,Europe & Central Asia
BIH,Bosnia and Herzegovina,1996,21.3215258855586,country,ECS,Europe & Central Asia
BIH,Bosnia and Herzegovina,1997,20.5476326297775,country,ECS,Europe & Central Asia
BIH,Bosnia and Herzegovina,1998,16.7676545114024,country,ECS,Europe & Central Asia
BIH,Bosnia and Herzegovina,1999,15.5308252905259,country,ECS,Europe & Central Asia
BIH,Bosnia and Herzegovina,2000,16.7705436762873,country,ECS,Europe & Central Asia
BIH,Bosnia and Herzegovina,2001,16.7418687723256,country,ECS,Europe & Central Asia
BIH,Bosnia and Herzegovina,2002,16.7454798331015,country,ECS,Europe & Central Asia
BIH,Bosnia and Herzegovina,2003,17.1311911947453,country,ECS,Europe & Central Asia
BIH,Bosnia and Herzegovina,2004,16.0512256442489,country,ECS,Europe & Central Asia
BIH,Bosnia and Herzegovina,2005,17.6717981272814,country,ECS,Europe & Central Asia
BIH,Bosnia and Herzegovina,2006,16.6954692313472,country,ECS,Europe & Central Asia
BIH,Bosnia and Herzegovina,2007,18.8221317040054,country,ECS,Europe & Central Asia
BIH,Bosnia and Herzegovina,2008,13.2631720974162,country,ECS,Europe & Central Asia
BIH,Bosnia and Herzegovina,2009,11.967066632627,country,ECS,Europe & Central Asia
BIH,Bosnia and Herzegovina,2010,9.35529081990189,country,ECS,Europe & Central Asia
BIH,Bosnia and Herzegovina,2011,10.1374345549738,country,ECS,Europe & Central Asia
BIH,Bosnia and Herzegovina,2012,10.6234909813947,country,ECS,Europe & Central Asia
BIH,Bosnia and Herzegovina,2013,8.29751876683285,country,ECS,Europe & Central Asia
BIH,Bosnia and Herzegovina,2014,8.18069306930693,country,ECS,Europe & Central Asia
BIH,Bosnia and Herzegovina,2015,8.91931665493634,country,ECS,Europe & Central Asia
BIH,Bosnia and Herzegovina,2016,7.64338380142962,country,ECS,Europe & Central Asia
BIH,Bosnia and Herzegovina,2017,8.19442754593016,country,ECS,Europe & Central Asia
BIH,Bosnia and Herzegovina,2018,7.04070981210856,country,ECS,Europe & Central Asia
BIH,Bosnia and Herzegovina,2019,7.18573143543132,country,ECS,Europe & Central Asia
BIH,Bosnia and Herzegovina,2020,7.28932084864288,country,ECS,Europe & Central Asia
BIH,Bosnia and Herzegovina,2021,7.1968062149331,country,ECS,Europe & Central Asia
BIH,Bosnia and Herzegovina,2022,7.71484375,country,ECS,Europe & Central Asia
BIH,Bosnia and Herzegovina,2023,7.23887110852488,country,ECS,Europe & Central Asia
BLR,Belarus,1990,10.9244547892526,country,ECS,Europe & Central Asia
BLR,Belarus,1991,11.1501226281141,country,ECS,Europe & Central Asia
BLR,Belarus,1992,10.9722037504987,country,ECS,Europe & Central Asia
BLR,Belarus,1993,12.1280230153736,country,ECS,Europe & Central Asia
BLR,Belarus,1994,12.2209128260662,country,ECS,Europe & Central Asia
BLR,Belarus,1995,14.5918613050807,country,ECS,Europe & Central Asia
BLR,Belarus,1996,15.8336142953473,country,ECS,Europe & Central Asia
BLR,Belarus,1997,14.5872510265955,country,ECS,Europe & Central Asia
BLR,Belarus,1998,16.1544355525285,country,ECS,Europe & Central Asia
BLR,Belarus,1999,13.3692864685473,country,ECS,Europe & Central Asia
BLR,Belarus,2000,13.0646335389449,country,ECS,Europe & Central Asia
BLR,Belarus,2001,13.7852611419224,country,ECS,Europe & Central Asia
BLR,Belarus,2002,12.8779860901119,country,ECS,Europe & Central Asia
BLR,Belarus,2003,12.9567732001352,country,ECS,Europe & Central Asia
BLR,Belarus,2004,11.464274271067,country,ECS,Europe & Central Asia
BLR,Belarus,2005,11.7373469849165,country,ECS,Europe & Central Asia
BLR,Belarus,2006,12.0744396592374,country,ECS,Europe & Central Asia
BLR,Belarus,2007,11.7000219925225,country,ECS,Europe & Central Asia
BLR,Belarus,2008,10.5968956859165,country,ECS,Europe & Central Asia
BLR,Belarus,2009,11.4794574664209,country,ECS,Europe & Central Asia
BLR,Belarus,2010,10.8153030520132,country,ECS,Europe & Central Asia
BLR,Belarus,2011,10.5962732919255,country,ECS,Europe & Central Asia
BLR,Belarus,2012,11.0588006104094,country,ECS,Europe & Central Asia
BLR,Belarus,2013,10.6071666613768,country,ECS,Europe & Central Asia
BLR,Belarus,2014,9.17518353246006,country,ECS,Europe & Central Asia
BLR,Belarus,2015,8.55583592512177,country,ECS,Europe & Central Asia
BLR,Belarus,2016,8.56819400583924,country,ECS,Europe & Central Asia
BLR,Belarus,2017,8.32101984644357,country,ECS,Europe & Central Asia
BLR,Belarus,2018,7.27184117375468,country,ECS,Europe & Central Asia
BLR,Belarus,2019,6.69961695292228,country,ECS,Europe & Central Asia
BLR,Belarus,2020,7.09764449517485,country,ECS,Europe & Central Asia
BLR,Belarus,2021,6.90608404665487,country,ECS,Europe & Central Asia
BLR,Belarus,2022,6.81472081218274,country,ECS,Europe & Central Asia
BLR,Belarus,2023,6.88580402311252,country,ECS,Europe & Central Asia
BOL,Bolivia,1990,24.5956034840315,country,LCN,Latin America & Caribbean
BOL,Bolivia,1991,13.9718804920914,country,LCN,Latin America & Caribbean
BOL,Bolivia,1992,14.3864013266998,country,LCN,Latin America & Caribbean
BOL,Bolivia,1993,14.2587702753678,country,LCN,Latin America & Caribbean
BOL,Bolivia,1994,12.570821529745,country,LCN,Latin America & Caribbean
BOL,Bolivia,1995,11.560119244783,country,LCN,Latin America & Caribbean
BOL,Bolivia,1996,11.4576899320568,country,LCN,Latin America & Caribbean
BOL,Bolivia,1997,11.6071428571429,country,LCN,Latin America & Caribbean
BOL,Bolivia,1998,11.9676549865229,country,LCN,Latin America & Caribbean
BOL,Bolivia,1999,11.4145838701366,country,LCN,Latin America & Caribbean
BOL,Bolivia,2000,11.0824742268041,country,LCN,Latin America & Caribbean
BOL,Bolivia,2001,11.0776186887717,country,LCN,Latin America & Caribbean
BOL,Bolivia,2002,11.063321385902,country,LCN,Latin America & Caribbean
BOL,Bolivia,2003,10.9910324212463,country,LCN,Latin America & Caribbean
BOL,Bolivia,2004,11.0132158590308,country,LCN,Latin America & Caribbean
BOL,Bolivia,2005,10.9912477101567,country,LCN,Latin America & Caribbean
BOL,Bolivia,2006,11.6580310880829,country,LCN,Latin America & Caribbean
BOL,Bolivia,2007,11.573734409391,country,LCN,Latin America & Caribbean
BOL,Bolivia,2008,11.5410497981157,country,LCN,Latin America & Caribbean
BOL,Bolivia,2009,11.5248796147673,country,LCN,Latin America & Caribbean
BOL,Bolivia,2010,11.7373707090391,country,LCN,Latin America & Caribbean
BOL,Bolivia,2011,11.1844878460025,country,LCN,Latin America & Caribbean
BOL,Bolivia,2012,10.1653892698669,country,LCN,Latin America & Caribbean
BOL,Bolivia,2013,9.10946670068895,country,LCN,Latin America & Caribbean
BOL,Bolivia,2014,9.0941941700795,country,LCN,Latin America & Caribbean
BOL,Bolivia,2015,9.00741396481133,country,LCN,Latin America & Caribbean
BOL,Bolivia,2016,8.59014281112423,country,LCN,Latin America & Caribbean
BOL,Bolivia,2017,8.87549366036167,country,LCN,Latin America & Caribbean
BOL,Bolivia,2018,8.83618532973081,country,LCN,Latin America & Caribbean
BOL,Bolivia,2019,8.71005455962588,country,LCN,Latin America & Caribbean
BOL,Bolivia,2020,8.83413461538462,country,LCN,Latin America & Caribbean
BOL,Bolivia,2021,8.52627710400588,country,LCN,Latin America & Caribbean
BOL,Bolivia,2022,9.02558710129688,country,LCN,Latin America & Caribbean
BOL,Bolivia,2023,8.94736842105263,country,LCN,Latin America & Caribbean
BRA,Brazil,1990,14.2271150385287,country,LCN,Latin America & Caribbean
BRA,Brazil,1991,15.3914419930283,country,LCN,Latin America & Caribbean
BRA,Brazil,1992,14.591779325865,country,LCN,Latin America & Caribbean
BRA,Brazil,1993,15.2220846429819,country,LCN,Latin America & Caribbean
BRA,Brazil,1994,16.1570675393496,country,LCN,Latin America & Caribbean
BRA,Brazil,1995,16.7444965729442,country,LCN,Latin America & Caribbean
BRA,Brazil,1996,17.2058995186729,country,LCN,Latin America & Caribbean
BRA,Brazil,1997,17.455890279302,country,LCN,Latin America & Caribbean
BRA,Brazil,1998,16.8212389820605,country,LCN,Latin America & Caribbean
BRA,Brazil,1999,17.6041778701944,country,LCN,Latin America & Caribbean
BRA,Brazil,2000,17.6575621220372,country,LCN,Latin America & Caribbean
BRA,Brazil,2001,17.2379363668465,country,LCN,Latin America & Caribbean
BRA,Brazil,2002,16.743955958122,country,LCN,Latin America & Caribbean
BRA,Brazil,2003,16.2680909812016,country,LCN,Latin America & Caribbean
BRA,Brazil,2004,16.7483539939038,country,LCN,Latin America & Caribbean
BRA,Brazil,2005,16.5941746705605,country,LCN,Latin America & Caribbean
BRA,Brazil,2006,16.8241772130768,country,LCN,Latin America & Caribbean
BRA,Brazil,2007,16.1409601771999,country,LCN,Latin America & Caribbean
BRA,Brazil,2008,16.6457553658542,country,LCN,Latin America & Caribbean
BRA,Brazil,2009,17.1869536021763,country,LCN,Latin America & Caribbean
BRA,Brazil,2010,16.6268835573274,country,LCN,Latin America & Caribbean
BRA,Brazil,2011,16.4593978076452,country,LCN,Latin America & Caribbean
BRA,Brazil,2012,17.0830610371813,country,LCN,Latin America & Caribbean
BRA,Brazil,2013,16.6413238081557,country,LCN,Latin America & Caribbean
BRA,Brazil,2014,15.3891952449954,country,LCN,Latin America & Caribbean
BRA,Brazil,2015,15.4988653045775,country,LCN,Latin America & Caribbean
BRA,Brazil,2016,16.8239252003806,country,LCN,Latin America & Caribbean
BRA,Brazil,2017,16.3905744710145,country,LCN,Latin America & Caribbean
BRA,Brazil,2018,16.1349663950936,country,LCN,Latin America & Caribbean
BRA,Brazil,2019,16.7307497883203,country,LCN,Latin America & Caribbean
BRA,Brazil,2020,16.8234822604348,country,LCN,Latin America & Caribbean
BRA,Brazil,2021,16.5221022726407,country,LCN,Latin America & Caribbean
BRA,Brazil,2022,15.3527387502565,country,LCN,Latin America & Caribbean
BRA,Brazil,2023,15.1096105687426,country,LCN,Latin America & Caribbean
BRA,Brazil,2024,14.9721495737587,country,LCN,Latin America & Caribbean
BRN,Brunei Darussalam,1990,4.5221843003413,country,EAS,East Asia & Pacific
BRN,Brunei Darussalam,1991,6.14657210401891,country,EAS,East Asia & Pacific
BRN,Brunei Darussalam,1992,6.18336886993603,country,EAS,East Asia & Pacific
BRN,Brunei Darussalam,1993,4.1343669250646,country,EAS,East Asia & Pacific
BRN,Brunei Darussalam,1994,2.88634996993385,country,EAS,East Asia & Pacific
BRN,Brunei Darussalam,1995,3.50966429298067,country,EAS,East Asia & Pacific
BRN,Brunei Darussalam,1996,2.02543570419218,country,EAS,East Asia & Pacific
BRN,Brunei Darussalam,1997,1.20481927710843,country,EAS,East Asia & Pacific
BRN,Brunei Darussalam,1998,1.15814696485623,country,EAS,East Asia & Pacific
BRN,Brunei Darussalam,1999,1.15036976170912,country,EAS,East Asia & Pacific
BRN,Brunei Darussalam,2000,1.14038537160834,country,EAS,East Asia & Pacific
BRN,Brunei Darussalam,2001,5.31213648701047,country,EAS,East Asia & Pacific
BRN,Brunei Darussalam,2002,5.33135875601629,country,EAS,East Asia & Pacific
BRN,Brunei Darussalam,2003,5.32748354747728,country,EAS,East Asia & Pacific
BRN,Brunei Darussalam,2004,5.33088235294118,country,EAS,East Asia & Pacific
BRN,Brunei Darussalam,2005,5.33088235294118,country,EAS,East Asia & Pacific
BRN,Brunei Darussalam,2006,5.33656761673742,country,EAS,East Asia & Pacific
BRN,Brunei Darussalam,2007,4.860088365243,country,EAS,East Asia & Pacific
BRN,Brunei Darussalam,2008,4.79111890154835,country,EAS,East Asia & Pacific
BRN,Brunei Darussalam,2009,6.03543743078627,country,EAS,East Asia & Pacific
BRN,Brunei Darussalam,2010,9.70464135021097,country,EAS,East Asia & Pacific
BRN,Brunei Darussalam,2011,7.16778523489933,country,EAS,East Asia & Pacific
BRN,Brunei Darussalam,2012,6.18320610687023,country,EAS,East Asia & Pacific
BRN,Brunei Darussalam,2013,9.29123125851885,country,EAS,East Asia & Pacific
BRN,Brunei Darussalam,2014,6.41367066134043,country,EAS,East Asia & Pacific
BRN,Brunei Darussalam,2015,6.40476190476191,country,EAS,East Asia & Pacific
BRN,Brunei Darussalam,2016,5.66744730679157,country,EAS,East Asia & Pacific
BRN,Brunei Darussalam,2017,11.5708443589127,country,EAS,East Asia & Pacific
BRN,Brunei Darussalam,2018,11.1809923130678,country,EAS,East Asia & Pacific
BRN,Brunei Darussalam,2019,10.0729631130928,country,EAS,East Asia & Pacific
BRN,Brunei Darussalam,2020,7.65475152571927,country,EAS,East Asia & Pacific
BRN,Brunei Darussalam,2021,8.98403228636603,country,EAS,East Asia & Pacific
BRN,Brunei Darussalam,2022,8.97893609425205,country,EAS,East Asia & Pacific
BRN,Brunei Darussalam,2023,12.6893601853502,country,EAS,East Asia & Pacific
BWA,Botswana,1990,0.0,country,SSF,Sub-Saharan Africa
BWA,Botswana,1991,0.0,country,SSF,Sub-Saharan Africa
BWA,Botswana,1992,0.0,country,SSF,Sub-Saharan Africa
BWA,Botswana,1993,0.0,country,SSF,Sub-Saharan Africa
BWA,Botswana,1994,0.0,country,SSF,Sub-Saharan Africa
BWA,Botswana,1995,0.0,country,SSF,Sub-Saharan Africa
BWA,Botswana,1996,0.0,country,SSF,Sub-Saharan Africa
BWA,Botswana,1997,0.0,country,SSF,Sub-Saharan Africa
BWA,Botswana,1998,12.7659574468085,country,SSF,Sub-Saharan Africa
BWA,Botswana,1999,16.9744942832014,country,SSF,Sub-Saharan Africa
BWA,Botswana,2000,17.6265270506108,country,SSF,Sub-Saharan Africa
BWA,Botswana,2001,18.5739436619718,country,SSF,Sub-Saharan Africa
BWA,Botswana,2002,25.1643192488263,country,SSF,Sub-Saharan Africa
BWA,Botswana,2003,29.0491118077325,country,SSF,Sub-Saharan Africa
BWA,Botswana,2004,28.692380056444,country,SSF,Sub-Saharan Africa
BWA,Botswana,2005,27.5510204081633,country,SSF,Sub-Saharan Africa
BWA,Botswana,2006,38.1062355658199,country,SSF,Sub-Saharan Africa
BWA,Botswana,2007,45.0953678474114,country,SSF,Sub-Saharan Africa
BWA,Botswana,2008,57.5,country,SSF,Sub-Saharan Africa
BWA,Botswana,2009,62.2743682310469,country,SSF,Sub-Saharan Africa
BWA,Botswana,2010,85.3862212943633,country,SSF,Sub-Saharan Africa
BWA,Botswana,2012,48.1582537517053,country,SSF,Sub-Saharan Africa
BWA,Botswana,2013,14.2561983471074,country,SSF,Sub-Saharan Africa
BWA,Botswana,2014,16.7029774872912,country,SSF,Sub-Saharan Africa
BWA,Botswana,2015,19.5974576271186,country,SSF,Sub-Saharan Africa
BWA,Botswana,2016,21.1086637298091,country,SSF,Sub-Saharan Africa
BWA,Botswana,2017,15.281812899477,country,SSF,Sub-Saharan Africa
BWA,Botswana,2018,19.0779014308426,country,SSF,Sub-Saharan Africa
BWA,Botswana,2019,26.2151394422311,country,SSF,Sub-Saharan Africa
BWA,Botswana,2020,25.9808195292066,country,SSF,Sub-Saharan Africa
BWA,Botswana,2021,24.6241365298659,country,SSF,Sub-Saharan Africa
BWA,Botswana,2022,17.5172413793103,country,SSF,Sub-Saharan Africa
BWA,Botswana,2023,20.638363805392,country,SSF,Sub-Saharan Africa
CAN,Canada,1990,7.06506654957146,country,NAC,North America
CAN,Canada,1991,7.15755495692194,country,NAC,North America
CAN,Canada,1992,7.0480473681585,country,NAC,North America
CAN,Canada,1993,6.88024855348178,country,NAC,North America
CAN,Canada,1994,6.57652153600115,country,NAC,North America
CAN,Canada,1995,7.06923597989233,country,NAC,North America
CAN,Canada,1996,7.60079001818296,country,NAC,North America
CAN,Canada,1997,6.95236785435124,country,NAC,North America
CAN,Canada,1998,6.89920661168781,country,NAC,North America
CAN,Canada,1999,7.43685187357266,country,NAC,North America
CAN,Canada,2000,8.88077878943298,country,NAC,North America
CAN,Canada,2001,8.75249550005673,country,NAC,North America
CAN,Canada,2002,8.56348267566885,country,NAC,North America
CAN,Canada,2003,8.13707036326086,country,NAC,North America
CAN,Canada,2004,8.72818702544292,country,NAC,North America
CAN,Canada,2005,3.56247776670696,country,NAC,North America
CAN,Canada,2006,3.80452677256547,country,NAC,North America
CAN,Canada,2007,3.36831350380994,country,NAC,North America
CAN,Canada,2008,3.70943837568836,country,NAC,North America
CAN,Canada,2009,4.32322183977509,country,NAC,North America
CAN,Canada,2010,4.29212712332036,country,NAC,North America
CAN,Canada,2011,4.20470127480698,country,NAC,North America
CAN,Canada,2012,4.11232654506706,country,NAC,North America
CAN,Canada,2013,3.95569259572761,country,NAC,North America
CAN,Canada,2014,4.44466359684724,country,NAC,North America
CAN,Canada,2015,5.05232619955344,country,NAC,North America
CAN,Canada,2016,4.88962759362757,country,NAC,North America
CAN,Canada,2017,5.33910969098095,country,NAC,North America
CAN,Canada,2018,5.08775524141228,country,NAC,North America
CAN,Canada,2019,5.14082564589782,country,NAC,North America
CAN,Canada,2020,5.04484081396009,country,NAC,North America
CAN,Canada,2021,4.02245666941144,country,NAC,North America
CAN,Canada,2022,4.00742205175393,country,NAC,North America
CAN,Canada,2023,3.99982938442533,country,NAC,North America
CAN,Canada,2024,4.15191638080424,country,NAC,North America
CHE,Switzerland,1990,7.24534482144765,country,ECS,Europe & Central Asia
CHE,Switzerland,1991,7.15929781167337,country,ECS,Europe & Central Asia
CHE,Switzerland,1992,7.21623569237988,country,ECS,Europe & Central Asia
CHE,Switzerland,1993,6.97233432197209,country,ECS,Europe & Central Asia
CHE,Switzerland,1994,6.66626447876448,country,ECS,Europe & Central Asia
CHE,Switzerland,1995,7.1170199263866,country,ECS,Europe & Central Asia
CHE,Switzerland,1996,7.42930680671977,country,ECS,Europe & Central Asia
CHE,Switzerland,1997,6.80751917834274,country,ECS,Europe & Central Asia
CHE,Switzerland,1998,6.80804802344452,country,ECS,Europe & Central Asia
CHE,Switzerland,1999,6.93346343143304,country,ECS,Europe & Central Asia
CHE,Switzerland,2000,6.0574644549763,country,ECS,Europe & Central Asia
CHE,Switzerland,2001,5.79155909599216,country,ECS,Europe & Central Asia
CHE,Switzerland,2002,6.20875601435998,country,ECS,Europe & Central Asia
CHE,Switzerland,2003,6.21605579462828,country,ECS,Europe & Central Asia
CHE,Switzerland,2004,6.47251658153541,country,ECS,Europe & Central Asia
CHE,Switzerland,2005,7.08825107296137,country,ECS,Europe & Central Asia
CHE,Switzerland,2006,6.54406943707265,country,ECS,Europe & Central Asia
CHE,Switzerland,2007,6.21273463378727,country,ECS,Europe & Central Asia
CHE,Switzerland,2008,6.21563991354676,country,ECS,Europe & Central Asia
CHE,Switzerland,2009,6.11606947223886,country,ECS,Europe & Central Asia
CHE,Switzerland,2010,6.44400206444002,country,ECS,Europe & Central Asia
CHE,Switzerland,2011,6.93096885009981,country,ECS,Europe & Central Asia
CHE,Switzerland,2012,6.55078108220335,country,ECS,Europe & Central Asia
CHE,Switzerland,2013,6.64701190679656,country,ECS,Europe & Central Asia
CHE,Switzerland,2014,6.51352745215561,country,ECS,Europe & Central Asia
CHE,Switzerland,2015,6.70773139531449,country,ECS,Europe & Central Asia
CHE,Switzerland,2016,7.06157912228781,country,ECS,Europe & Central Asia
CHE,Switzerland,2017,7.22479244565562,country,ECS,Europe & Central Asia
CHE,Switzerland,2018,6.12551889726196,country,ECS,Europe & Central Asia
CHE,Switzerland,2019,5.66566457633344,country,ECS,Europe & Central Asia
CHE,Switzerland,2020,5.60406656918042,country,ECS,Europe & Central Asia
CHE,Switzerland,2021,6.39062547189756,country,ECS,Europe & Central Asia
CHE,Switzerland,2022,6.32838446490044,country,ECS,Europe & Central Asia
CHE,Switzerland,2023,5.50251154773287,country,ECS,Europe & Central Asia
CHE,Switzerland,2024,5.0134927453804,country,ECS,Europe & Central Asia
CHL,Chile,1990,10.5758763335511,country,LCN,Latin America & Caribbean
CHL,Chile,1991,11.1667752116627,country,LCN,Latin America & Caribbean
CHL,Chile,1992,10.6068058847203,country,LCN,Latin America & Caribbean
CHL,Chile,1993,11.9985001874766,country,LCN,Latin America & Caribbean
CHL,Chile,1994,10.9625351109704,country,LCN,Latin America & Caribbean
CHL,Chile,1995,10.4435009098369,country,LCN,Latin America & Caribbean
CHL,Chile,1996,8.55757654638337,country,LCN,Latin America & Caribbean
CHL,Chile,1997,8.10583536054299,country,LCN,Latin America & Caribbean
CHL,Chile,1998,8.17539215410178,country,LCN,Latin America & Caribbean
CHL,Chile,1999,5.7827559260224,country,LCN,Latin America & Caribbean
CHL,Chile,2000,7.29327810769,country,LCN,Latin America & Caribbean
CHL,Chile,2001,7.35933789471209,country,LCN,Latin America & Caribbean
CHL,Chile,2002,6.18030271805088,country,LCN,Latin America & Caribbean
CHL,Chile,2003,6.08597236755002,country,LCN,Latin America & Caribbean
CHL,Chile,2004,7.8776753632245,country,LCN,Latin America & Caribbean
CHL,Chile,2005,8.6502553159058,country,LCN,Latin America & Caribbean
CHL,Chile,2006,8.8647866955893,country,LCN,Latin America & Caribbean
CHL,Chile,2007,8.43459980515818,country,LCN,Latin America & Caribbean
CHL,Chile,2008,8.5103175666622,country,LCN,Latin America & Caribbean
CHL,Chile,2009,10.5464246895689,country,LCN,Latin America & Caribbean
CHL,Chile,2010,8.21888341000099,country,LCN,Latin America & Caribbean
CHL,Chile,2011,7.13253085386453,country,LCN,Latin America & Caribbean
CHL,Chile,2012,5.01641553526114,country,LCN,Latin America & Caribbean
CHL,Chile,2013,6.69267090946418,country,LCN,Latin America & Caribbean
CHL,Chile,2014,6.1679363419219,country,LCN,Latin America & Caribbean
CHL,Chile,2015,4.9155329249211,country,LCN,Latin America & Caribbean
CHL,Chile,2016,3.62139813951143,country,LCN,Latin America & Caribbean
CHL,Chile,2017,5.2553403068867,country,LCN,Latin America & Caribbean
CHL,Chile,2018,4.26407899051482,country,LCN,Latin America & Caribbean
CHL,Chile,2019,4.22195416164053,country,LCN,Latin America & Caribbean
CHL,Chile,2020,3.90627790411106,country,LCN,Latin America & Caribbean
CHL,Chile,2021,4.80015451384944,country,LCN,Latin America & Caribbean
CHL,Chile,2022,5.0135068085341,country,LCN,Latin America & Caribbean
CHL,Chile,2023,5.91094282804127,country,LCN,Latin America & Caribbean
CHL,Chile,2024,5.91161423750952,country,LCN,Latin America & Caribbean
CHN,China,1990,6.99537075786939,country,EAS,East Asia & Pacific
CHN,China,1991,7.19424460431655,country,EAS,East Asia & Pacific
CHN,China,1992,7.24069749400255,country,EAS,East Asia & Pacific
CHN,China,1993,7.38431224273884,country,EAS,East Asia & Pacific
CHN,China,1994,6.42147277927702,country,EAS,East Asia & Pacific
CHN,China,1995,7.38674132912133,country,EAS,East Asia & Pacific
CHN,China,1996,7.12295415833518,country,EAS,East Asia & Pacific
CHN,China,1997,7.02868592678151,country,EAS,East Asia & Pacific
CHN,China,1998,6.77456102783726,country,EAS,East Asia & Pacific
CHN,China,1999,6.95145762613444,country,EAS,East Asia & Pacific
CHN,China,2000,6.90922582386862,country,EAS,East Asia & Pacific
CHN,China,2001,6.97843072246242,country,EAS,East Asia & Pacific
CHN,China,2002,7.0649584926283,country,EAS,East Asia & Pacific
CHN,China,2003,6.59781081300324,country,EAS,East Asia & Pacific
CHN,China,2004,6.44701025912388,country,EAS,East Asia & Pacific
CHN,China,2005,6.82460789308873,country,EAS,East Asia & Pacific
CHN,China,2006,6.48590312335788,country,EAS,East Asia & Pacific
CHN,China,2007,6.28227278405992,country,EAS,East Asia & Pacific
CHN,China,2008,6.16603959696411,country,EAS,East Asia & Pacific
CHN,China,2009,6.07855429560914,country,EAS,East Asia & Pacific
CHN,China,2010,6.10324209189511,country,EAS,East Asia & Pacific
CHN,China,2011,5.72696538268161,country,EAS,East Asia & Pacific
CHN,China,2012,5.79922687921314,country,EAS,East Asia & Pacific
CHN,China,2013,5.7656831056128,country,EAS,East Asia & Pacific
CHN,China,2014,5.32872821712073,country,EAS,East Asia & Pacific
CHN,China,2015,5.10375821947701,country,EAS,East Asia & Pacific
CHN,China,2016,4.94033876369028,country,EAS,East Asia & Pacific
CHN,China,2017,4.75939076557592,country,EAS,East Asia & Pacific
CHN,China,2018,4.69240329095852,country,EAS,East Asia & Pacific
CHN,China,2019,4.43746316383222,country,EAS,East Asia & Pacific
CHN,China,2020,4.16389640609799,country,EAS,East Asia & Pacific
CHN,China,2021,3.78659226465804,country,EAS,East Asia & Pacific
CHN,China,2022,3.42196644419848,country,EAS,East Asia & Pacific
CHN,China,2023,3.42898799062376,country,EAS,East Asia & Pacific
CIV,Cote d'Ivoire,1990,18.3560262228946,country,SSF,Sub-Saharan Africa
CIV,Cote d'Ivoire,1991,19.2074848651624,country,SSF,Sub-Saharan Africa
CIV,Cote d'Ivoire,1992,20.1621621621622,country,SSF,Sub-Saharan Africa
CIV,Cote d'Ivoire,1993,16.6819012797075,country,SSF,Sub-Saharan Africa
CIV,Cote d'Ivoire,1994,16.2219398559932,country,SSF,Sub-Saharan Africa
CIV,Cote d'Ivoire,1995,16.1859518154055,country,SSF,Sub-Saharan Africa
CIV,Cote d'Ivoire,1996,13.8735420503376,country,SSF,Sub-Saharan Africa
CIV,Cote d'Ivoire,1997,11.8332919871,country,SSF,Sub-Saharan Africa
CIV,Cote d'Ivoire,1998,12.7797115862755,country,SSF,Sub-Saharan Africa
CIV,Cote d'Ivoire,1999,14.6771849698983,country,SSF,Sub-Saharan Africa
CIV,Cote d'Ivoire,2000,14.5625,country,SSF,Sub-Saharan Africa
CIV,Cote d'Ivoire,2001,13.4698055271238,country,SSF,Sub-Saharan Africa
CIV,Cote d'Ivoire,2002,12.9391764261428,country,SSF,Sub-Saharan Africa
CIV,Cote d'Ivoire,2003,13.5836445842343,country,SSF,Sub-Saharan Africa
CIV,Cote d'Ivoire,2004,17.8765880217786,country,SSF,Sub-Saharan Africa
CIV,Cote d'Ivoire,2005,19.926069353987,country,SSF,Sub-Saharan Africa
CIV,Cote d'Ivoire,2006,20.9018567639257,country,SSF,Sub-Saharan Africa
CIV,Cote d'Ivoire,2007,22.5892381459776,country,SSF,Sub-Saharan Africa
CIV,Cote d'Ivoire,2008,23.5344827586207,country,SSF,Sub-Saharan Africa
CIV,Cote d'Ivoire,2009,23.2498722534492,country,SSF,Sub-Saharan Africa
CIV,Cote d'Ivoire,2010,20.184409052808,country,SSF,Sub-Saharan Africa
CIV,Cote d'Ivoire,2011,22.3807181505165,country,SSF,Sub-Saharan Africa
CIV,Cote d'Ivoire,2012,19.4697833523375,country,SSF,Sub-Saharan Africa
CIV,Cote d'Ivoire,2013,21.9607843137255,country,SSF,Sub-Saharan Africa
CIV,Cote d'Ivoire,2014,14.3253680907555,country,SSF,Sub-Saharan Africa
CIV,Cote d'Ivoire,2015,20.0206635288715,country,SSF,Sub-Saharan Africa
CIV,Cote d'Ivoire,2016,21.9985320331341,country,SSF,Sub-Saharan Africa
CIV,Cote d'Ivoire,2017,15.0932887774993,country,SSF,Sub-Saharan Africa
CIV,Cote d'Ivoire,2018,18.6127397396403,country,SSF,Sub-Saharan Africa
CIV,Cote d'Ivoire,2019,15.8488437676255,country,SSF,Sub-Saharan Africa
CIV,Cote d'Ivoire,2020,15.3887161261662,country,SSF,Sub-Saharan Africa
CIV,Cote d'Ivoire,2021,14.9493900856475,country,SSF,Sub-Saharan Africa
CIV,Cote d'Ivoire,2022,13.0131429498621,country,SSF,Sub-Saharan Africa
CIV,Cote d'Ivoire,2023,13.6804942630185,country,SSF,Sub-Saharan Africa
CMR,Cameroon,1990,13.0515387467557,country,SSF,Sub-Saharan Africa
CMR,Cameroon,1991,13.8745387453875,country,SSF,Sub-Saharan Africa
CMR,Cameroon,1992,13.7742053343076,country,SSF,Sub-Saharan Africa
CMR,Cameroon,1993,13.2415254237288,country,SSF,Sub-Saharan Africa
CMR,Cameroon,1994,18.6397058823529,country,SSF,Sub-Saharan Africa
CMR,Cameroon,1995,21.8312387791741,country,SSF,Sub-Saharan Africa
CMR,Cameroon,1996,20.2344019303688,country,SSF,Sub-Saharan Africa
CMR,Cameroon,1997,19.5652173913043,country,SSF,Sub-Saharan Africa
CMR,Cameroon,1998,19.854797979798,country,SSF,Sub-Saharan Africa
CMR,Cameroon,1999,20.5864928909953,country,SSF,Sub-Saharan Africa
CMR,Cameroon,2000,21.867816091954,country,SSF,Sub-Saharan Africa
CMR,Cameroon,2001,25.6989550974301,country,SSF,Sub-Saharan Africa
CMR,Cameroon,2002,23.1515151515152,country,SSF,Sub-Saharan Africa
CMR,Cameroon,2003,23.7785016286645,country,SSF,Sub-Saharan Africa
CMR,Cameroon,2004,19.2214111922141,country,SSF,Sub-Saharan Africa
CMR,Cameroon,2005,17.4325674325674,country,SSF,Sub-Saharan Africa
CMR,Cameroon,2006,12.3188405797101,country,SSF,Sub-Saharan Africa
CMR,Cameroon,2007,9.34579439252336,country,SSF,Sub-Saharan Africa
CMR,Cameroon,2008,9.47016370357331,country,SSF,Sub-Saharan Africa
CMR,Cameroon,2009,9.33771398927892,country,SSF,Sub-Saharan Africa
CMR,Cameroon,2010,9.83217494490592,country,SSF,Sub-Saharan Africa
CMR,Cameroon,2011,18.425941563925,country,SSF,Sub-Saharan Africa
CMR,Cameroon,2012,29.2122538293217,country,SSF,Sub-Saharan Africa
CMR,Cameroon,2013,29.4560275905314,country,SSF,Sub-Saharan Africa
CMR,Cameroon,2014,30.5579647296907,country,SSF,Sub-Saharan Africa
CMR,Cameroon,2015,20.8526645768025,country,SSF,Sub-Saharan Africa
CMR,Cameroon,2016,22.5043200850724,country,SSF,Sub-Saharan Africa
CMR,Cameroon,2017,22.1315529179031,country,SSF,Sub-Saharan Africa
CMR,Cameroon,2018,21.022594921966,country,SSF,Sub-Saharan Africa
CMR,Cameroon,2019,21.9641593963688,country,SSF,Sub-Saharan Africa
CMR,Cameroon,2020,21.9717984281091,country,SSF,Sub-Saharan Africa
CMR,Cameroon,2021,21.9624470018171,country,SSF,Sub-Saharan Africa
CMR,Cameroon,2022,21.9665004475131,country,SSF,Sub-Saharan Africa
CMR,Cameroon,2023,21.9685812469318,country,SSF,Sub-Saharan Africa
COD,"Congo, Dem. Rep.",1990,19.7522123893805,country,SSF,Sub-Saharan Africa
COD,"Congo, Dem. Rep.",1991,13.7284605188411,country,SSF,Sub-Saharan Africa
COD,"Congo, Dem. Rep.",1992,9.48460398485098,country,SSF,Sub-Saharan Africa
COD,"Congo, Dem. Rep.",1993,3.6248872858431,country,SSF,Sub-Saharan Africa
COD,"Congo, Dem. Rep.",1994,3.85918674698795,country,SSF,Sub-Saharan Africa
COD,"Congo, Dem. Rep.",1995,3.35114133074308,country,SSF,Sub-Saharan Africa
COD,"Congo, Dem. Rep.",1996,3.02831887379276,country,SSF,Sub-Saharan Africa
COD,"Congo, Dem. Rep.",1997,3.72793971842157,country,SSF,Sub-Saharan Africa
COD,"Congo, Dem. Rep.",1998,4.01861252115059,country,SSF,Sub-Saharan Africa
COD,"Congo, Dem. Rep.",1999,3.76860749952892,country,SSF,Sub-Saharan Africa
COD,"Congo, Dem. Rep.",2000,2.65841832469487,country,SSF,Sub-Saharan Africa
COD,"Congo, Dem. Rep.",2001,2.41570206341218,country,SSF,Sub-Saharan Africa
COD,"Congo, Dem. Rep.",2002,5.08280045909165,country,SSF,Sub-Saharan Africa
COD,"Congo, Dem. Rep.",2003,2.94404684450228,country,SSF,Sub-Saharan Africa
COD,"Congo, Dem. Rep.",2004,14.0633842671194,country,SSF,Sub-Saharan Africa
COD,"Congo, Dem. Rep.",2005,11.0915492957746,country,SSF,Sub-Saharan Africa
COD,"Congo, Dem. Rep.",2006,6.43452932609559,country,SSF,Sub-Saharan Africa
COD,"Congo, Dem. Rep.",2007,5.31780197518359,country,SSF,Sub-Saharan Africa
COD,"Congo, Dem. Rep.",2008,11.4149821640904,country,SSF,Sub-Saharan Africa
COD,"Congo, Dem. Rep.",2009,5.29994916115912,country,SSF,Sub-Saharan Africa
COD,"Congo, Dem. Rep.",2010,5.17546074223681,country,SSF,Sub-Saharan Africa
COD,"Congo, Dem. Rep.",2011,7.33678494759439,country,SSF,Sub-Saharan Africa
COD,"Congo, Dem. Rep.",2012,5.64897530215449,country,SSF,Sub-Saharan Africa
COD,"Congo, Dem. Rep.",2013,5.64545127651924,country,SSF,Sub-Saharan Africa
COD,"Congo, Dem. Rep.",2014,8.08856755535472,country,SSF,Sub-Saharan Africa
COD,"Congo, Dem. Rep.",2015,10.7426018983808,country,SSF,Sub-Saharan Africa
COD,"Congo, Dem. Rep.",2016,9.6728307254623,country,SSF,Sub-Saharan Africa
COD,"Congo, Dem. Rep.",2017,6.7563307765052,country,SSF,Sub-Saharan Africa
COD,"Congo, Dem. Rep.",2018,6.6119513094799,country,SSF,Sub-Saharan Africa
COD,"Congo, Dem. Rep.",2019,8.85915135089354,country,SSF,Sub-Saharan Africa
COD,"Congo, Dem. Rep.",2020,8.96513115802943,country,SSF,Sub-Saharan Africa
COD,"Congo, Dem. Rep.",2021,8.99711728114095,country,SSF,Sub-Saharan Africa
COD,"Congo, Dem. Rep.",2022,9.04150943396226,country,SSF,Sub-Saharan Africa
COD,"Congo, Dem. Rep.",2023,9.09838516746412,country,SSF,Sub-Saharan Africa
COG,"Congo, Rep.",1990,19.6754563894523,country,SSF,Sub-Saharan Africa
COG,"Congo, Rep.",1991,18.75,country,SSF,Sub-Saharan Africa
COG,"Congo, Rep.",1992,21.4953271028037,country,SSF,Sub-Saharan Africa
COG,"Congo, Rep.",1993,31.2154696132597,country,SSF,Sub-Saharan Africa
COG,"Congo, Rep.",1994,25.6172839506173,country,SSF,Sub-Saharan Africa
COG,"Congo, Rep.",1995,31.0734463276836,country,SSF,Sub-Saharan Africa
COG,"Congo, Rep.",1996,27.0742358078603,country,SSF,Sub-Saharan Africa
COG,"Congo, Rep.",1997,26.7108167770419,country,SSF,Sub-Saharan Africa
COG,"Congo, Rep.",1998,41.5697674418605,country,SSF,Sub-Saharan Africa
COG,"Congo, Rep.",1999,82.8828828828829,country,SSF,Sub-Saharan Africa
COG,"Congo, Rep.",2000,86.6220735785953,country,SSF,Sub-Saharan Africa
COG,"Congo, Rep.",2001,86.7256637168142,country,SSF,Sub-Saharan Africa
COG,"Congo, Rep.",2006,86.7549668874172,country,SSF,Sub-Saharan Africa
COG,"Congo, Rep.",2008,76.7895878524946,country,SSF,Sub-Saharan Africa
COG,"Congo, Rep.",2009,70.3153988868275,country,SSF,Sub-Saharan Africa
COG,"Congo, Rep.",2010,59.4387755102041,country,SSF,Sub-Saharan Africa
COG,"Congo, Rep.",2011,51.8948182521268,country,SSF,Sub-Saharan Africa
COG,"Congo, Rep.",2012,44.5294117647059,country,SSF,Sub-Saharan Africa
COG,"Congo, Rep.",2013,44.5443645083933,country,SSF,Sub-Saharan Africa
COG,"Congo, Rep.",2014,44.5373467112598,country,SSF,Sub-Saharan Africa
COG,"Congo, Rep.",2015,44.564824846515,country,SSF,Sub-Saharan Africa
COG,"Congo, Rep.",2016,46.1382113821138,country,SSF,Sub-Saharan Africa
COG,"Congo, Rep.",2017,44.6506918663517,country,SSF,Sub-Saharan Africa
COG,"Congo, Rep.",2018,49.1984732824427,country,SSF,Sub-Saharan Africa
COG,"Congo, Rep.",2019,49.5158597662771,country,SSF,Sub-Saharan Africa
COG,"Congo, Rep.",2020,45.4044117647059,country,SSF,Sub-Saharan Africa
COG,"Congo, Rep.",2021,43.5882352941176,country,SSF,Sub-Saharan Africa
COG,"Congo, Rep.",2022,42.2732362821949,country,SSF,Sub-Saharan Africa
COG,"Congo, Rep.",2023,38.4549109707065,country,SSF,Sub-Saharan Africa
COL,Colombia,1990,21.1926176527216,country,LCN,Latin America & Caribbean
COL,Colombia,1991,21.0651527439849,country,LCN,Latin America & Caribbean
COL,Colombia,1992,19.6909907722195,country,LCN,Latin America & Caribbean
COL,Colombia,1993,21.354288233616,country,LCN,Latin America & Caribbean
COL,Colombia,1994,22.0676664493226,country,LCN,Latin America & Caribbean
COL,Colombia,1995,22.3827137372413,country,LCN,Latin America & Caribbean
COL,Colombia,1996,22.4689820580232,country,LCN,Latin America & Caribbean
COL,Colombia,1997,22.829279228786,country,LCN,Latin America & Caribbean
COL,Colombia,1998,23.6318684990088,country,LCN,Latin America & Caribbean
COL,Colombia,1999,24.6298631544533,country,LCN,Latin America & Caribbean
COL,Colombia,2000,22.3829728037838,country,LCN,Latin America & Caribbean
COL,Colombia,2001,19.3656785122445,country,LCN,Latin America & Caribbean
COL,Colombia,2002,19.3948676966791,country,LCN,Latin America & Caribbean
COL,Colombia,2003,19.4878295056609,country,LCN,Latin America & Caribbean
COL,Colombia,2004,19.5149418815107,country,LCN,Latin America & Caribbean
COL,Colombia,2005,19.5038137613221,country,LCN,Latin America & Caribbean
COL,Colombia,2006,19.443204641821,country,LCN,Latin America & Caribbean
COL,Colombia,2007,20.1839513325608,country,LCN,Latin America & Caribbean
COL,Colombia,2008,19.3010992939494,country,LCN,Latin America & Caribbean
COL,Colombia,2009,14.7088669605991,country,LCN,Latin America & Caribbean
COL,Colombia,2010,15.0703458740867,country,LCN,Latin America & Caribbean
COL,Colombia,2011,11.9478347564604,country,LCN,Latin America & Caribbean
COL,Colombia,2012,12.1468704260376,country,LCN,Latin America & Caribbean
COL,Colombia,2013,7.11071472007135,country,LCN,Latin America & Caribbean
COL,Colombia,2014,8.2310895992796,country,LCN,Latin America & Caribbean
COL,Colombia,2015,9.05644053132475,country,LCN,Latin America & Caribbean
COL,Colombia,2016,9.11458333333333,country,LCN,Latin America & Caribbean
COL,Colombia,2017,7.01311806256307,country,LCN,Latin America & Caribbean
COL,Colombia,2018,10.1984667908908,country,LCN,Latin America & Caribbean
COL,Colombia,2019,7.11807498601007,country,LCN,Latin America & Caribbean
COL,Colombia,2020,7.74365485424078,country,LCN,Latin America & Caribbean
COL,Colombia,2021,7.92823660979846,country,LCN,Latin America & Caribbean
COL,Colombia,2022,7.70536794120383,country,LCN,Latin America & Caribbean
COL,Colombia,2023,7.78769785703884,country,LCN,Latin America & Caribbean
COL,Colombia,2024,7.7771129725657,country,LCN,Latin America & Caribbean
CRI,Costa Rica,1990,8.27566320645905,country,LCN,Latin America & Caribbean
CRI,Costa Rica,1991,7.55693581780538,country,LCN,Latin America & Caribbean
CRI,Costa Rica,1992,6.47394136807818,country,LCN,Latin America & Caribbean
CRI,Costa Rica,1993,7.00325732899023,country,LCN,Latin America & Caribbean
CRI,Costa Rica,1994,7.67508143322476,country,LCN,Latin America & Caribbean
CRI,Costa Rica,1995,7.51895103462405,country,LCN,Latin America & Caribbean
CRI,Costa Rica,1996,8.03831736776343,country,LCN,Latin America & Caribbean
CRI,Costa Rica,1997,7.48529673854928,country,LCN,Latin America & Caribbean
CRI,Costa Rica,1998,7.85146868649547,country,LCN,Latin America & Caribbean
CRI,Costa Rica,1999,7.67238588539981,country,LCN,Latin America & Caribbean
CRI,Costa Rica,2000,6.8362480127186,country,LCN,Latin America & Caribbean
CRI,Costa Rica,2001,7.41289844329133,country,LCN,Latin America & Caribbean
CRI,Costa Rica,2002,9.50166112956811,country,LCN,Latin America & Caribbean
CRI,Costa Rica,2003,7.11123037702938,country,LCN,Latin America & Caribbean
CRI,Costa Rica,2004,10.7242848447961,country,LCN,Latin America & Caribbean
CRI,Costa Rica,2005,10.8353510895884,country,LCN,Latin America & Caribbean
CRI,Costa Rica,2006,9.94595837645165,country,LCN,Latin America & Caribbean
CRI,Costa Rica,2007,10.0331491712707,country,LCN,Latin America & Caribbean
CRI,Costa Rica,2008,10.2702132151151,country,LCN,Latin America & Caribbean
CRI,Costa Rica,2009,10.5907626208378,country,LCN,Latin America & Caribbean
CRI,Costa Rica,2010,10.1220912031723,country,LCN,Latin America & Caribbean
CRI,Costa Rica,2011,10.7811228641172,country,LCN,Latin America & Caribbean
CRI,Costa Rica,2012,10.6447808138392,country,LCN,Latin America & Caribbean
CRI,Costa Rica,2013,10.581338544211,country,LCN,Latin America & Caribbean
CRI,Costa Rica,2014,10.8250954291866,country,LCN,Latin America & Caribbean
CRI,Costa Rica,2015,10.7380688124306,country,LCN,Latin America & Caribbean
CRI,Costa Rica,2016,9.53165020124406,country,LCN,Latin America & Caribbean
CRI,Costa Rica,2017,8.85797305626486,country,LCN,Latin America & Caribbean
CRI,Costa Rica,2018,8.99227497613055,country,LCN,Latin America & Caribbean
CRI,Costa Rica,2019,9.20720563919589,country,LCN,Latin America & Caribbean
CRI,Costa Rica,2020,8.88396282718049,country,LCN,Latin America & Caribbean
CRI,Costa Rica,2021,8.25155060061239,country,LCN,Latin America & Caribbean
CRI,Costa Rica,2022,8.38791130750414,country,LCN,Latin America & Caribbean
CRI,Costa Rica,2023,9.16583416583417,country,LCN,Latin America & Caribbean
CRI,Costa Rica,2024,9.06643439702273,country,LCN,Latin America & Caribbean
CUB,Cuba,1990,14.4901490947817,country,LCN,Latin America & Caribbean
CUB,Cuba,1991,15.490299690496,country,LCN,Latin America & Caribbean
CUB,Cuba,1992,15.8346333853354,country,LCN,Latin America & Caribbean
CUB,Cuba,1993,17.6058898382112,country,LCN,Latin America & Caribbean
CUB,Cuba,1994,18.6126201420811,country,LCN,Latin America & Caribbean
CUB,Cuba,1995,19.6564732322016,country,LCN,Latin America & Caribbean
CUB,Cuba,1996,19.4620731338773,country,LCN,Latin America & Caribbean
CUB,Cuba,1997,19.18563551534,country,LCN,Latin America & Caribbean
CUB,Cuba,1998,18.433700876449,country,LCN,Latin America & Caribbean
CUB,Cuba,1999,17.3544024289263,country,LCN,Latin America & Caribbean
CUB,Cuba,2000,15.7730175625333,country,LCN,Latin America & Caribbean
CUB,Cuba,2001,15.5042813255768,country,LCN,Latin America & Caribbean
CUB,Cuba,2002,15.4532135804828,country,LCN,Latin America & Caribbean
CUB,Cuba,2003,15.2371916508539,country,LCN,Latin America & Caribbean
CUB,Cuba,2004,15.4215172060893,country,LCN,Latin America & Caribbean
CUB,Cuba,2005,15.213140398905,country,LCN,Latin America & Caribbean
CUB,Cuba,2006,16.0847653166555,country,LCN,Latin America & Caribbean
CUB,Cuba,2007,16.8548890528347,country,LCN,Latin America & Caribbean
CUB,Cuba,2008,15.8850483679357,country,LCN,Latin America & Caribbean
CUB,Cuba,2009,15.5065433212996,country,LCN,Latin America & Caribbean
CUB,Cuba,2010,15.9107892165316,country,LCN,Latin America & Caribbean
CUB,Cuba,2011,15.6925675675676,country,LCN,Latin America & Caribbean
CUB,Cuba,2012,15.7477751248101,country,LCN,Latin America & Caribbean
CUB,Cuba,2013,15.3761755485893,country,LCN,Latin America & Caribbean
CUB,Cuba,2014,15.2896829494991,country,LCN,Latin America & Caribbean
CUB,Cuba,2015,15.4524842271293,country,LCN,Latin America & Caribbean
CUB,Cuba,2016,15.2360934597712,country,LCN,Latin America & Caribbean
CUB,Cuba,2017,15.4538379219768,country,LCN,Latin America & Caribbean
CUB,Cuba,2018,15.7844219417383,country,LCN,Latin America & Caribbean
CUB,Cuba,2019,16.1858444685774,country,LCN,Latin America & Caribbean
CUB,Cuba,2020,16.7276988428299,country,LCN,Latin America & Caribbean
CUB,Cuba,2021,18.656985426644,country,LCN,Latin America & Caribbean
CUB,Cuba,2022,18.7042899246807,country,LCN,Latin America & Caribbean
CUB,Cuba,2023,18.7449556093624,country,LCN,Latin America & Caribbean
CUW,Curacao,1990,14.1772151898734,country,LCN,Latin America & Caribbean
CUW,Curacao,1991,13.9825218476904,country,LCN,Latin America & Caribbean
CUW,Curacao,1992,12.8956623681125,country,LCN,Latin America & Caribbean
CUW,Curacao,1993,12.1012101210121,country,LCN,Latin America & Caribbean
CUW,Curacao,1994,12.3583934088568,country,LCN,Latin America & Caribbean
CUW,Curacao,1995,12.388503468781,country,LCN,Latin America & Caribbean
CUW,Curacao,1996,9.6078431372549,country,LCN,Latin America & Caribbean
CUW,Curacao,1997,11.6746411483254,country,LCN,Latin America & Caribbean
CUW,Curacao,1998,11.971197119712,country,LCN,Latin America & Caribbean
CUW,Curacao,1999,12.3090745732255,country,LCN,Latin America & Caribbean
CUW,Curacao,2000,12.9348795718109,country,LCN,Latin America & Caribbean
CUW,Curacao,2001,14.8858447488584,country,LCN,Latin America & Caribbean
CUW,Curacao,2002,17.9598953792502,country,LCN,Latin America & Caribbean
CUW,Curacao,2003,16.0033869602032,country,LCN,Latin America & Caribbean
CUW,Curacao,2004,16.0330578512397,country,LCN,Latin America & Caribbean
CUW,Curacao,2005,16.025641025641,country,LCN,Latin America & Caribbean
CUW,Curacao,2006,16.0098522167488,country,LCN,Latin America & Caribbean
CUW,Curacao,2007,16.0031847133758,country,LCN,Latin America & Caribbean
CUW,Curacao,2008,16.0225442834138,country,LCN,Latin America & Caribbean
CUW,Curacao,2009,16.0246533127889,country,LCN,Latin America & Caribbean
CUW,Curacao,2010,16.0241874527589,country,LCN,Latin America & Caribbean
CUW,Curacao,2011,16.0,country,LCN,Latin America & Caribbean
CUW,Curacao,2012,10.4395604395604,country,LCN,Latin America & Caribbean
CUW,Curacao,2013,13.4228187919463,country,LCN,Latin America & Caribbean
CUW,Curacao,2014,10.894495412844,country,LCN,Latin America & Caribbean
CUW,Curacao,2015,10.9339407744875,country,LCN,Latin America & Caribbean
CUW,Curacao,2016,10.972850678733,country,LCN,Latin America & Caribbean
CUW,Curacao,2017,10.8866442199776,country,LCN,Latin America & Caribbean
CUW,Curacao,2018,10.9826589595376,country,LCN,Latin America & Caribbean
CUW,Curacao,2019,10.9215017064846,country,LCN,Latin America & Caribbean
CUW,Curacao,2020,10.9654350417163,country,LCN,Latin America & Caribbean
CUW,Curacao,2021,10.8747044917258,country,LCN,Latin America & Caribbean
CUW,Curacao,2022,10.9699769053118,country,LCN,Latin America & Caribbean
CUW,Curacao,2023,10.9170305676856,country,LCN,Latin America & Caribbean
CYP,Cyprus,1990,5.62310030395137,country,ECS,Europe & Central Asia
CYP,Cyprus,1991,6.45161290322581,country,ECS,Europe & Central Asia
CYP,Cyprus,1992,6.50205761316872,country,ECS,Europe & Central Asia
CYP,Cyprus,1993,5.01930501930502,country,ECS,Europe & Central Asia
CYP,Cyprus,1994,4.65549348230912,country,ECS,Europe & Central Asia
CYP,Cyprus,1995,4.60552663195835,country,ECS,Europe & Central Asia
CYP,Cyprus,1996,5.71100038328862,country,ECS,Europe & Central Asia
CYP,Cyprus,1997,6.341642228739,country,ECS,Europe & Central Asia
CYP,Cyprus,1998,5.8843196255433,country,ECS,Europe & Central Asia
CYP,Cyprus,1999,6.24402676011469,country,ECS,Europe & Central Asia
CYP,Cyprus,2000,5.5786350148368,country,ECS,Europe & Central Asia
CYP,Cyprus,2001,6.56153196282737,country,ECS,Europe & Central Asia
CYP,Cyprus,2002,4.41215323645971,country,ECS,Europe & Central Asia
CYP,Cyprus,2003,3.92398815399803,country,ECS,Europe & Central Asia
CYP,Cyprus,2004,5.07022137586289,country,ECS,Europe & Central Asia
CYP,Cyprus,2005,3.74771480804388,country,ECS,Europe & Central Asia
CYP,Cyprus,2006,4.75064488392089,country,ECS,Europe & Central Asia
CYP,Cyprus,2007,4.41387805378772,country,ECS,Europe & Central Asia
CYP,Cyprus,2008,3.01299724300906,country,ECS,Europe & Central Asia
CYP,Cyprus,2009,3.6241610738255,country,ECS,Europe & Central Asia
CYP,Cyprus,2010,4.13378429161969,country,ECS,Europe & Central Asia
CYP,Cyprus,2011,3.24609454250355,country,ECS,Europe & Central Asia
CYP,Cyprus,2012,2.90438838244647,country,ECS,Europe & Central Asia
CYP,Cyprus,2013,4.33566433566433,country,ECS,Europe & Central Asia
CYP,Cyprus,2014,3.97701149425287,country,ECS,Europe & Central Asia
CYP,Cyprus,2015,4.74194971327746,country,ECS,Europe & Central Asia
CYP,Cyprus,2016,5.38162471864129,country,ECS,Europe & Central Asia
CYP,Cyprus,2017,4.55635491606715,country,ECS,Europe & Central Asia
CYP,Cyprus,2018,3.12252964426877,country,ECS,Europe & Central Asia
CYP,Cyprus,2019,3.55961875121572,country,ECS,Europe & Central Asia
CYP,Cyprus,2020,4.92885130954836,country,ECS,Europe & Central Asia
CYP,Cyprus,2021,4.35631959367064,country,ECS,Europe & Central Asia
CYP,Cyprus,2022,2.71501803683311,country,ECS,Europe & Central Asia
CYP,Cyprus,2023,3.03996997560518,country,ECS,Europe & Central Asia
CZE,Czechia,1990,6.3875701337937,country,ECS,Europe & Central Asia
CZE,Czechia,1991,6.29956383822363,country,ECS,Europe & Central Asia
CZE,Czechia,1992,6.51004334407097,country,ECS,Europe & Central Asia
CZE,Czechia,1993,8.14014707630645,country,ECS,Europe & Central Asia
CZE,Czechia,1994,7.93799506004599,country,ECS,Europe & Central Asia
CZE,Czechia,1995,7.83604779200289,country,ECS,Europe & Central Asia
CZE,Czechia,1996,8.02091600915075,country,ECS,Europe & Central Asia
CZE,Czechia,1997,7.87640484225518,country,ECS,Europe & Central Asia
CZE,Czechia,1998,7.60689273866568,country,ECS,Europe & Central Asia
CZE,Czechia,1999,7.60657866262714,country,ECS,Europe & Central Asia
CZE,Czechia,2000,6.74597773119538,country,ECS,Europe & Central Asia
CZE,Czechia,2001,6.57762535667877,country,ECS,Europe & Central Asia
CZE,Czechia,2002,6.3629695604338,country,ECS,Europe & Central Asia
CZE,Czechia,2003,6.11219916613599,country,ECS,Europe & Central Asia
CZE,Czechia,2004,6.0284823260171,country,ECS,Europe & Central Asia
CZE,Czechia,2005,6.08757780522657,country,ECS,Europe & Central Asia
CZE,Czechia,2006,5.79059043870983,country,ECS,Europe & Central Asia
CZE,Czechia,2007,5.5726887231003,country,ECS,Europe & Central Asia
CZE,Czechia,2008,5.57342164094349,country,ECS,Europe & Central Asia
CZE,Czechia,2009,5.45963375311797,country,ECS,Europe & Central Asia
CZE,Czechia,2010,5.19888711686437,country,ECS,Europe & Central Asia
CZE,Czechia,2011,5.03560936017467,country,ECS,Europe & Central Asia
CZE,Czechia,2012,4.7896314260221,country,ECS,Europe & Central Asia
CZE,Czechia,2013,4.71505988747368,country,ECS,Europe & Central Asia
CZE,Czechia,2014,4.46557087802387,country,ECS,Europe & Central Asia
CZE,Czechia,2015,4.84789968054165,country,ECS,Europe & Central Asia
CZE,Czechia,2016,4.89743004957448,country,ECS,Europe & Central Asia
CZE,Czechia,2017,5.02435214115052,country,ECS,Europe & Central Asia
CZE,Czechia,2018,4.84909753853493,country,ECS,Europe & Central Asia
CZE,Czechia,2019,4.93939219854082,country,ECS,Europe & Central Asia
CZE,Czechia,2020,5.05004661204063,country,ECS,Europe & Central Asia
CZE,Czechia,2021,4.29335999529495,country,ECS,Europe & Central Asia
CZE,Czechia,2022,4.02357100766058,country,ECS,Europe & Central Asia
CZE,Czechia,2023,3.91148511765623,country,ECS,Europe & Central Asia
CZE,Czechia,2024,4.26522327469553,country,ECS,Europe & Central Asia
DEU,Germany,1990,4.27824695690118,country,ECS,Europe & Central Asia
DEU,Germany,1991,2.5543238565398,country,ECS,Europe & Central Asia
DEU,Germany,1992,2.31715258526057,country,ECS,Europe & Central Asia
DEU,Germany,1993,3.19243134780989,country,ECS,Europe & Central Asia
DEU,Germany,1994,4.33101519389221,country,ECS,Europe & Central Asia
DEU,Germany,1995,4.70384377722024,country,ECS,Europe & Central Asia
DEU,Germany,1996,4.60556167757827,country,ECS,Europe & Central Asia
DEU,Germany,1997,3.97096204542076,country,ECS,Europe & Central Asia
DEU,Germany,1998,4.33704234237311,country,ECS,Europe & Central Asia
DEU,Germany,1999,4.18245550961711,country,ECS,Europe & Central Asia
DEU,Germany,2000,5.91317560008534,country,ECS,Europe & Central Asia
DEU,Germany,2001,5.65461472085893,country,ECS,Europe & Central Asia
DEU,Germany,2002,4.67995241130811,country,ECS,Europe & Central Asia
DEU,Germany,2003,4.4263823417414,country,ECS,Europe & Central Asia
DEU,Germany,2004,4.56955453193737,country,ECS,Europe & Central Asia
DEU,Germany,2005,4.70668288627763,country,ECS,Europe & Central Asia
DEU,Germany,2006,4.4335852676242,country,ECS,Europe & Central Asia
DEU,Germany,2007,4.57034514587933,country,ECS,Europe & Central Asia
DEU,Germany,2008,4.6969765494268,country,ECS,Europe & Central Asia
DEU,Germany,2009,4.19183561928617,country,ECS,Europe & Central Asia
DEU,Germany,2010,3.78664392216325,country,ECS,Europe & Central Asia
DEU,Germany,2011,4.04470228649064,country,ECS,Europe & Central Asia
DEU,Germany,2012,3.90919190086485,country,ECS,Europe & Central Asia
DEU,Germany,2013,3.83183993762339,country,ECS,Europe & Central Asia
DEU,Germany,2014,3.84816328611068,country,ECS,Europe & Central Asia
DEU,Germany,2015,3.94950555984878,country,ECS,Europe & Central Asia
DEU,Germany,2016,3.96018750124914,country,ECS,Europe & Central Asia
DEU,Germany,2017,4.13386097781476,country,ECS,Europe & Central Asia
DEU,Germany,2018,4.16273724838712,country,ECS,Europe & Central Asia
DEU,Germany,2019,4.52681338634443,country,ECS,Europe & Central Asia
DEU,Germany,2020,4.68128216980444,country,ECS,Europe & Central Asia
DEU,Germany,2021,4.48415061428916,country,ECS,Europe & Central Asia
DEU,Germany,2022,4.54599627946503,country,ECS,Europe & Central Asia
DEU,Germany,2023,5.03515465508585,country,ECS,Europe & Central Asia
DEU,Germany,2024,5.11593344757408,country,ECS,Europe & Central Asia
DNK,Denmark,1990,9.4988838426603,country,ECS,Europe & Central Asia
DNK,Denmark,1991,6.91476262142564,country,ECS,Europe & Central Asia
DNK,Denmark,1992,7.26787689504847,country,ECS,Europe & Central Asia
DNK,Denmark,1993,7.1672455407076,country,ECS,Europe & Central Asia
DNK,Denmark,1994,4.16974715363005,country,ECS,Europe & Central Asia
DNK,Denmark,1995,6.37122881471204,country,ECS,Europe & Central Asia
DNK,Denmark,1996,5.97028852973013,country,ECS,Europe & Central Asia
DNK,Denmark,1997,4.83809093986235,country,ECS,Europe & Central Asia
DNK,Denmark,1998,5.57731131272347,country,ECS,Europe & Central Asia
DNK,Denmark,1999,5.06166495375128,country,ECS,Europe & Central Asia
DNK,Denmark,2000,5.83585277230744,country,ECS,Europe & Central Asia
DNK,Denmark,2001,6.29489252299292,country,ECS,Europe & Central Asia
DNK,Denmark,2002,5.32237126784942,country,ECS,Europe & Central Asia
DNK,Denmark,2003,4.43640930151994,country,ECS,Europe & Central Asia
DNK,Denmark,2004,4.47687360870641,country,ECS,Europe & Central Asia
DNK,Denmark,2005,4.2128786624731,country,ECS,Europe & Central Asia
DNK,Denmark,2006,3.43776720527943,country,ECS,Europe & Central Asia
DNK,Denmark,2007,4.9521823176315,country,ECS,Europe & Central Asia
DNK,Denmark,2008,5.94002621804676,country,ECS,Europe & Central Asia
DNK,Denmark,2009,6.50028859632246,country,ECS,Europe & Central Asia
DNK,Denmark,2010,6.75209716432505,country,ECS,Europe & Central Asia
DNK,Denmark,2011,6.24769366147208,country,ECS,Europe & Central Asia
DNK,Denmark,2012,7.00325732899023,country,ECS,Europe & Central Asia
DNK,Denmark,2013,5.50918196994992,country,ECS,Europe & Central Asia
DNK,Denmark,2014,6.13348247576435,country,ECS,Europe & Central Asia
DNK,Denmark,2015,6.09882515549413,country,ECS,Europe & Central Asia
DNK,Denmark,2016,6.1300674569389,country,ECS,Europe & Central Asia
DNK,Denmark,2017,5.34459415898395,country,ECS,Europe & Central Asia
DNK,Denmark,2018,7.60973360993118,country,ECS,Europe & Central Asia
DNK,Denmark,2019,6.31521886434476,country,ECS,Europe & Central Asia
DNK,Denmark,2020,8.37858535226956,country,ECS,Europe & Central Asia
DNK,Denmark,2021,6.06051437216339,country,ECS,Europe & Central Asia
DNK,Denmark,2022,5.60886029097742,country,ECS,Europe & Central Asia
DNK,Denmark,2023,5.65931459741492,country,ECS,Europe & Central Asia
DNK,Denmark,2024,6.16417022963445,country,ECS,Europe & Central Asia
DOM,Dominican Republic,1990,24.3620735965619,country,LCN,Latin America & Caribbean
DOM,Dominican Republic,1991,24.9234693877551,country,LCN,Latin America & Caribbean
DOM,Dominican Republic,1992,27.5726770108793,country,LCN,Latin America & Caribbean
DOM,Dominican Republic,1993,27.5241276911655,country,LCN,Latin America & Caribbean
DOM,Dominican Republic,1994,27.5886275886276,country,LCN,Latin America & Caribbean
DOM,Dominican Republic,1995,28.16237767307,country,LCN,Latin America & Caribbean
DOM,Dominican Republic,1996,22.9752066115702,country,LCN,Latin America & Caribbean
DOM,Dominican Republic,1997,27.951674903899,country,LCN,Latin America & Caribbean
DOM,Dominican Republic,1998,10.9518838379045,country,LCN,Latin America & Caribbean
DOM,Dominican Republic,1999,10.9958674337574,country,LCN,Latin America & Caribbean
DOM,Dominican Republic,2000,11.0395026158162,country,LCN,Latin America & Caribbean
DOM,Dominican Republic,2001,11.4656109299798,country,LCN,Latin America & Caribbean
DOM,Dominican Republic,2002,11.2784638446713,country,LCN,Latin America & Caribbean
DOM,Dominican Republic,2003,11.1699164345404,country,LCN,Latin America & Caribbean
DOM,Dominican Republic,2004,11.2861548720513,country,LCN,Latin America & Caribbean
DOM,Dominican Republic,2005,11.5355749024317,country,LCN,Latin America & Caribbean
DOM,Dominican Republic,2006,11.90543601359,country,LCN,Latin America & Caribbean
DOM,Dominican Republic,2007,12.0997663872475,country,LCN,Latin America & Caribbean
DOM,Dominican Republic,2008,12.4982907151648,country,LCN,Latin America & Caribbean
DOM,Dominican Republic,2009,13.1601920558708,country,LCN,Latin America & Caribbean
DOM,Dominican Republic,2010,13.1717882767023,country,LCN,Latin America & Caribbean
DOM,Dominican Republic,2011,12.7746031746032,country,LCN,Latin America & Caribbean
DOM,Dominican Republic,2012,12.7579071829737,country,LCN,Latin America & Caribbean
DOM,Dominican Republic,2013,12.6424461243371,country,LCN,Latin America & Caribbean
DOM,Dominican Republic,2014,12.6508120649652,country,LCN,Latin America & Caribbean
DOM,Dominican Republic,2015,12.7639475438986,country,LCN,Latin America & Caribbean
DOM,Dominican Republic,2016,12.854402046472,country,LCN,Latin America & Caribbean
DOM,Dominican Republic,2017,12.8823805305123,country,LCN,Latin America & Caribbean
DOM,Dominican Republic,2018,12.8348439073515,country,LCN,Latin America & Caribbean
DOM,Dominican Republic,2019,12.8707304502647,country,LCN,Latin America & Caribbean
DOM,Dominican Republic,2020,12.8919209382739,country,LCN,Latin America & Caribbean
DOM,Dominican Republic,2021,12.8853108317548,country,LCN,Latin America & Caribbean
DOM,Dominican Republic,2022,13.1442422180643,country,LCN,Latin America & Caribbean
DOM,Dominican Republic,2023,12.8033955577533,country,LCN,Latin America & Caribbean
DZA,Algeria,1990,14.3628912071535,country,MEA,"Middle East, North Africa, Afghanistan & Pakistan"
DZA,Algeria,1991,15.1282790429519,country,MEA,"Middle East, North Africa, Afghanistan & Pakistan"
DZA,Algeria,1992,12.1841846221153,country,MEA,"Middle East, North Africa, Afghanistan & Pakistan"
DZA,Algeria,1993,15.6021427835583,country,MEA,"Middle East, North Africa, Afghanistan & Pakistan"
DZA,Algeria,1994,16.1645626917467,country,MEA,"Middle East, North Africa, Afghanistan & Pakistan"
DZA,Algeria,1995,16.9414151661172,country,MEA,"Middle East, North Africa, Afghanistan & Pakistan"
DZA,Algeria,1996,18.4709983538298,country,MEA,"Middle East, North Africa, Afghanistan & Pakistan"
DZA,Algeria,1997,20.3423733544215,country,MEA,"Middle East, North Africa, Afghanistan & Pakistan"
DZA,Algeria,1998,19.6930616456023,country,MEA,"Middle East, North Africa, Afghanistan & Pakistan"
DZA,Algeria,1999,19.1057074766733,country,MEA,"Middle East, North Africa, Afghanistan & Pakistan"
DZA,Algeria,2000,16.1537856130962,country,MEA,"Middle East, North Africa, Afghanistan & Pakistan"
DZA,Algeria,2001,16.2892018779343,country,MEA,"Middle East, North Africa, Afghanistan & Pakistan"
DZA,Algeria,2002,15.7190393518519,country,MEA,"Middle East, North Africa, Afghanistan & Pakistan"
DZA,Algeria,2003,14.2335396165162,country,MEA,"Middle East, North Africa, Afghanistan & Pakistan"
DZA,Algeria,2004,15.9232,country,MEA,"Middle East, North Africa, Afghanistan & Pakistan"
DZA,Algeria,2005,13.1947515848445,country,MEA,"Middle East, North Africa, Afghanistan & Pakistan"
DZA,Algeria,2006,17.870323056833,country,MEA,"Middle East, North Africa, Afghanistan & Pakistan"
DZA,Algeria,2007,17.8702010968921,country,MEA,"Middle East, North Africa, Afghanistan & Pakistan"
DZA,Algeria,2008,18.1106471816284,country,MEA,"Middle East, North Africa, Afghanistan & Pakistan"
DZA,Algeria,2009,20.4124568193034,country,MEA,"Middle East, North Africa, Afghanistan & Pakistan"
DZA,Algeria,2010,19.8779901167621,country,MEA,"Middle East, North Africa, Afghanistan & Pakistan"
DZA,Algeria,2011,19.3249258160237,country,MEA,"Middle East, North Africa, Afghanistan & Pakistan"
DZA,Algeria,2012,19.283237799885,country,MEA,"Middle East, North Africa, Afghanistan & Pakistan"
DZA,Algeria,2013,18.4054099181833,country,MEA,"Middle East, North Africa, Afghanistan & Pakistan"
DZA,Algeria,2014,17.1274244263877,country,MEA,"Middle East, North Africa, Afghanistan & Pakistan"
DZA,Algeria,2015,16.2737288874677,country,MEA,"Middle East, North Africa, Afghanistan & Pakistan"
DZA,Algeria,2016,15.0457061565982,country,MEA,"Middle East, North Africa, Afghanistan & Pakistan"
DZA,Algeria,2017,14.2979294377647,country,MEA,"Middle East, North Africa, Afghanistan & Pakistan"
DZA,Algeria,2018,12.9188787289827,country,MEA,"Middle East, North Africa, Afghanistan & Pakistan"
DZA,Algeria,2019,12.1396854991046,country,MEA,"Middle East, North Africa, Afghanistan & Pakistan"
DZA,Algeria,2020,11.3448297643863,country,MEA,"Middle East, North Africa, Afghanistan & Pakistan"
DZA,Algeria,2021,10.5094273334114,country,MEA,"Middle East, North Africa, Afghanistan & Pakistan"
DZA,Algeria,2022,9.61734498142079,country,MEA,"Middle East, North Africa, Afghanistan & Pakistan"
DZA,Algeria,2023,9.20242191012998,country,MEA,"Middle East, North Africa, Afghanistan & Pakistan"
ECU,Ecuador,1990,22.5389825169318,country,LCN,Latin America & Caribbean
ECU,Ecuador,1991,23.5732721537138,country,LCN,Latin America & Caribbean
ECU,Ecuador,1992,22.1928849360756,country,LCN,Latin America & Caribbean
ECU,Ecuador,1993,23.4786128727567,country,LCN,Latin America & Caribbean
ECU,Ecuador,1994,24.3246561886051,country,LCN,Latin America & Caribbean
ECU,Ecuador,1995,24.9614426385099,country,LCN,Latin America & Caribbean
ECU,Ecuador,1996,23.2976445396146,country,LCN,Latin America & Caribbean
ECU,Ecuador,1997,24.4836904072573,country,LCN,Latin America & Caribbean
ECU,Ecuador,1998,23.0945821854913,country,LCN,Latin America & Caribbean
ECU,Ecuador,1999,23.6127279782693,country,LCN,Latin America & Caribbean
ECU,Ecuador,2000,23.737278552582,country,LCN,Latin America & Caribbean
ECU,Ecuador,2001,24.262443438914,country,LCN,Latin America & Caribbean
ECU,Ecuador,2002,23.7698713096139,country,LCN,Latin America & Caribbean
ECU,Ecuador,2003,25.9916854321843,country,LCN,Latin America & Caribbean
ECU,Ecuador,2004,25.727229375298,country,LCN,Latin America & Caribbean
ECU,Ecuador,2005,25.1268278125933,country,LCN,Latin America & Caribbean
ECU,Ecuador,2006,23.1262816696434,country,LCN,Latin America & Caribbean
ECU,Ecuador,2007,27.9229393782085,country,LCN,Latin America & Caribbean
ECU,Ecuador,2008,25.6650008060616,country,LCN,Latin America & Caribbean
ECU,Ecuador,2009,22.5841773884479,country,LCN,Latin America & Caribbean
ECU,Ecuador,2010,19.3798052280882,country,LCN,Latin America & Caribbean
ECU,Ecuador,2011,19.0292306188288,country,LCN,Latin America & Caribbean
ECU,Ecuador,2012,15.4899986869173,country,LCN,Latin America & Caribbean
ECU,Ecuador,2013,14.5559281231192,country,LCN,Latin America & Caribbean
ECU,Ecuador,2014,13.0214761787213,country,LCN,Latin America & Caribbean
ECU,Ecuador,2015,12.8863198458574,country,LCN,Latin America & Caribbean
ECU,Ecuador,2016,12.8107494599641,country,LCN,Latin America & Caribbean
ECU,Ecuador,2017,12.54236078907,country,LCN,Latin America & Caribbean
ECU,Ecuador,2018,12.9355445375278,country,LCN,Latin America & Caribbean
ECU,Ecuador,2019,13.258385208585,country,LCN,Latin America & Caribbean
ECU,Ecuador,2020,14.1353046594982,country,LCN,Latin America & Caribbean
ECU,Ecuador,2021,14.4223008629788,country,LCN,Latin America & Caribbean
ECU,Ecuador,2022,15.0092387847212,country,LCN,Latin America & Caribbean
ECU,Ecuador,2023,16.9956450427012,country,LCN,Latin America & Caribbean
EGY,"Egypt, Arab Rep.",1990,8.54924770465798,country,MEA,"Middle East, North Africa, Afghanistan & Pakistan"
EGY,"Egypt, Arab Rep.",1991,8.64913165009394,country,MEA,"Middle East, North Africa, Afghanistan & Pakistan"
EGY,"Egypt, Arab Rep.",1992,8.92213971274845,country,MEA,"Middle East, North Africa, Afghanistan & Pakistan"
EGY,"Egypt, Arab Rep.",1993,9.16638355698998,country,MEA,"Middle East, North Africa, Afghanistan & Pakistan"
EGY,"Egypt, Arab Rep.",1994,8.6227470990042,country,MEA,"Middle East, North Africa, Afghanistan & Pakistan"
EGY,"Egypt, Arab Rep.",1995,9.43469785575049,country,MEA,"Middle East, North Africa, Afghanistan & Pakistan"
EGY,"Egypt, Arab Rep.",1996,6.14381485903205,country,MEA,"Middle East, North Africa, Afghanistan & Pakistan"
EGY,"Egypt, Arab Rep.",1997,6.46778941603341,country,MEA,"Middle East, North Africa, Afghanistan & Pakistan"
EGY,"Egypt, Arab Rep.",1998,6.92119556586094,country,MEA,"Middle East, North Africa, Afghanistan & Pakistan"
EGY,"Egypt, Arab Rep.",1999,7.16110665012045,country,MEA,"Middle East, North Africa, Afghanistan & Pakistan"
EGY,"Egypt, Arab Rep.",2000,13.7568304262698,country,MEA,"Middle East, North Africa, Afghanistan & Pakistan"
EGY,"Egypt, Arab Rep.",2001,13.0940659446219,country,MEA,"Middle East, North Africa, Afghanistan & Pakistan"
EGY,"Egypt, Arab Rep.",2002,12.6482789550398,country,MEA,"Middle East, North Africa, Afghanistan & Pakistan"
EGY,"Egypt, Arab Rep.",2003,11.3045396762027,country,MEA,"Middle East, North Africa, Afghanistan & Pakistan"
EGY,"Egypt, Arab Rep.",2004,12.1570795368168,country,MEA,"Middle East, North Africa, Afghanistan & Pakistan"
EGY,"Egypt, Arab Rep.",2005,11.5962830067163,country,MEA,"Middle East, North Africa, Afghanistan & Pakistan"
EGY,"Egypt, Arab Rep.",2006,10.8858214839654,country,MEA,"Middle East, North Africa, Afghanistan & Pakistan"
EGY,"Egypt, Arab Rep.",2007,10.4843801197165,country,MEA,"Middle East, North Africa, Afghanistan & Pakistan"
EGY,"Egypt, Arab Rep.",2008,9.96986246882984,country,MEA,"Middle East, North Africa, Afghanistan & Pakistan"
EGY,"Egypt, Arab Rep.",2009,9.61399867393122,country,MEA,"Middle East, North Africa, Afghanistan & Pakistan"
EGY,"Egypt, Arab Rep.",2010,9.31763530183317,country,MEA,"Middle East, North Africa, Afghanistan & Pakistan"
EGY,"Egypt, Arab Rep.",2011,8.4946908182386,country,MEA,"Middle East, North Africa, Afghanistan & Pakistan"
EGY,"Egypt, Arab Rep.",2012,11.144393100887,country,MEA,"Middle East, North Africa, Afghanistan & Pakistan"
EGY,"Egypt, Arab Rep.",2013,14.4117559568076,country,MEA,"Middle East, North Africa, Afghanistan & Pakistan"
EGY,"Egypt, Arab Rep.",2014,11.8318736654601,country,MEA,"Middle East, North Africa, Afghanistan & Pakistan"
EGY,"Egypt, Arab Rep.",2015,15.8001600696142,country,MEA,"Middle East, North Africa, Afghanistan & Pakistan"
EGY,"Egypt, Arab Rep.",2016,20.5002454771495,country,MEA,"Middle East, North Africa, Afghanistan & Pakistan"
EGY,"Egypt, Arab Rep.",2017,17.2998098027848,country,MEA,"Middle East, North Africa, Afghanistan & Pakistan"
EGY,"Egypt, Arab Rep.",2018,17.2805256068064,country,MEA,"Middle East, North Africa, Afghanistan & Pakistan"
EGY,"Egypt, Arab Rep.",2019,17.2605406720883,country,MEA,"Middle East, North Africa, Afghanistan & Pakistan"
EGY,"Egypt, Arab Rep.",2020,21.9490855165596,country,MEA,"Middle East, North Africa, Afghanistan & Pakistan"
EGY,"Egypt, Arab Rep.",2021,21.1956652793117,country,MEA,"Middle East, North Africa, Afghanistan & Pakistan"
EGY,"Egypt, Arab Rep.",2022,19.8717275236631,country,MEA,"Middle East, North Africa, Afghanistan & Pakistan"
EGY,"Egypt, Arab Rep.",2023,19.8703109747594,country,MEA,"Middle East, North Africa, Afghanistan & Pakistan"
ERI,Eritrea,1992,15.7534246575342,country,SSF,Sub-Saharan Africa
ERI,Eritrea,1993,15.2317880794702,country,SSF,Sub-Saharan Africa
ERI,Eritrea,1994,12.4223602484472,country,SSF,Sub-Saharan Africa
ERI,Eritrea,1995,13.953488372093,country,SSF,Sub-Saharan Africa
ERI,Eritrea,1996,12.4352331606218,country,SSF,Sub-Saharan Africa
ERI,Eritrea,1997,13.5514018691589,country,SSF,Sub-Saharan Africa
ERI,Eritrea,1998,15.7635467980296,country,SSF,Sub-Saharan Africa
ERI,Eritrea,1999,17.1945701357466,country,SSF,Sub-Saharan Africa
ERI,Eritrea,2000,17.4311926605505,country,SSF,Sub-Saharan Africa
ERI,Eritrea,2001,16.1157024793388,country,SSF,Sub-Saharan Africa
ERI,Eritrea,2002,16.044776119403,country,SSF,Sub-Saharan Africa
ERI,Eritrea,2003,15.3846153846154,country,SSF,Sub-Saharan Africa
ERI,Eritrea,2004,16.4383561643836,country,SSF,Sub-Saharan Africa
ERI,Eritrea,2005,15.4882154882155,country,SSF,Sub-Saharan Africa
ERI,Eritrea,2006,13.3093525179856,country,SSF,Sub-Saharan Africa
ERI,Eritrea,2007,14.4781144781145,country,SSF,Sub-Saharan Africa
ERI,Eritrea,2008,15.0501672240803,country,SSF,Sub-Saharan Africa
ERI,Eritrea,2009,11.400651465798,country,SSF,Sub-Saharan Africa
ERI,Eritrea,2010,12.0743034055728,country,SSF,Sub-Saharan Africa
ERI,Eritrea,2011,13.1901840490798,country,SSF,Sub-Saharan Africa
ERI,Eritrea,2012,11.4551083591331,country,SSF,Sub-Saharan Africa
ERI,Eritrea,2013,9.31899641577061,country,SSF,Sub-Saharan Africa
ERI,Eritrea,2014,9.21501706484642,country,SSF,Sub-Saharan Africa
ERI,Eritrea,2015,10.4895104895105,country,SSF,Sub-Saharan Africa
ERI,Eritrea,2016,11.9453924914676,country,SSF,Sub-Saharan Africa
ERI,Eritrea,2017,11.8279569892473,country,SSF,Sub-Saharan Africa
ERI,Eritrea,2018,11.7647058823529,country,SSF,Sub-Saharan Africa
ERI,Eritrea,2019,11.7206982543641,country,SSF,Sub-Saharan Africa
ERI,Eritrea,2020,11.8932038834951,country,SSF,Sub-Saharan Africa
ERI,Eritrea,2021,11.8721461187215,country,SSF,Sub-Saharan Africa
ERI,Eritrea,2022,11.9565217391304,country,SSF,Sub-Saharan Africa
ERI,Eritrea,2023,11.7525773195876,country,SSF,Sub-Saharan Africa
ESP,Spain,1990,9.23889075386874,country,ECS,Europe & Central Asia
ESP,Spain,1991,9.33177579091277,country,ECS,Europe & Central Asia
ESP,Spain,1992,9.35220070311614,country,ECS,Europe & Central Asia
ESP,Spain,1993,9.46926697363554,country,ECS,Europe & Central Asia
ESP,Spain,1994,9.36343472163012,country,ECS,Europe & Central Asia
ESP,Spain,1995,9.5511401041355,country,ECS,Europe & Central Asia
ESP,Spain,1996,8.94020944749196,country,ECS,Europe & Central Asia
ESP,Spain,1997,7.40433398808836,country,ECS,Europe & Central Asia
ESP,Spain,1998,9.45004507827227,country,ECS,Europe & Central Asia
ESP,Spain,1999,9.35331601415627,country,ECS,Europe & Central Asia
ESP,Spain,2000,8.58296060017464,country,ECS,Europe & Central Asia
ESP,Spain,2001,7.61790574319172,country,ECS,Europe & Central Asia
ESP,Spain,2002,7.85748986532,country,ECS,Europe & Central Asia
ESP,Spain,2003,8.64076776138639,country,ECS,Europe & Central Asia
ESP,Spain,2004,8.59722688535364,country,ECS,Europe & Central Asia
ESP,Spain,2005,8.82743987241697,country,ECS,Europe & Central Asia
ESP,Spain,2006,8.39013020146331,country,ECS,Europe & Central Asia
ESP,Spain,2007,8.35281043994768,country,ECS,Europe & Central Asia
ESP,Spain,2008,8.22608507193442,country,ECS,Europe & Central Asia
ESP,Spain,2009,8.29712850451429,country,ECS,Europe & Central Asia
ESP,Spain,2010,9.08708009564649,country,ECS,Europe & Central Asia
ESP,Spain,2011,8.8573305155404,country,ECS,Europe & Central Asia
ESP,Spain,2012,8.6285698922563,country,ECS,Europe & Central Asia
ESP,Spain,2013,9.34562424946872,country,ECS,Europe & Central Asia
ESP,Spain,2014,9.46837477443865,country,ECS,Europe & Central Asia
ESP,Spain,2015,9.43679670785409,country,ECS,Europe & Central Asia
ESP,Spain,2016,9.72446146063449,country,ECS,Europe & Central Asia
ESP,Spain,2017,8.64009922894468,country,ECS,Europe & Central Asia
ESP,Spain,2018,9.32622097853177,country,ECS,Europe & Central Asia
ESP,Spain,2019,9.07204572984407,country,ECS,Europe & Central Asia
ESP,Spain,2020,9.73182520607655,country,ECS,Europe & Central Asia
ESP,Spain,2021,9.7436495669165,country,ECS,Europe & Central Asia
ESP,Spain,2022,8.5931462725762,country,ECS,Europe & Central Asia
ESP,Spain,2023,8.55708688960403,country,ECS,Europe & Central Asia
ESP,Spain,2024,8.28823884910077,country,ECS,Europe & Central Asia
EST,Estonia,1990,7.2047703940493,country,ECS,Europe & Central Asia
EST,Estonia,1991,7.84455359722624,country,ECS,Europe & Central Asia
EST,Estonia,1992,8.77163072201858,country,ECS,Europe & Central Asia
EST,Estonia,1993,16.4668981740786,country,ECS,Europe & Central Asia
EST,Estonia,1994,17.3628530919402,country,ECS,Europe & Central Asia
EST,Estonia,1995,21.087106412319,country,ECS,Europe & Central Asia
EST,Estonia,1996,19.6450093130273,country,ECS,Europe & Central Asia
EST,Estonia,1997,16.3278546712803,country,ECS,Europe & Central Asia
EST,Estonia,1998,18.3358653733785,country,ECS,Europe & Central Asia
EST,Estonia,1999,17.7699927518724,country,ECS,Europe & Central Asia
EST,Estonia,2000,14.5777046869494,country,ECS,Europe & Central Asia
EST,Estonia,2001,16.0792172580455,country,ECS,Europe & Central Asia
EST,Estonia,2002,14.7883194558461,country,ECS,Europe & Central Asia
EST,Estonia,2003,11.7334383305443,country,ECS,Europe & Central Asia
EST,Estonia,2004,10.7919254658385,country,ECS,Europe & Central Asia
EST,Estonia,2005,10.8084272415483,country,ECS,Europe & Central Asia
EST,Estonia,2006,11.0665844636252,country,ECS,Europe & Central Asia
EST,Estonia,2007,11.1074651353569,country,ECS,Europe & Central Asia
EST,Estonia,2008,10.6795198941499,country,ECS,Europe & Central Asia
EST,Estonia,2009,10.0922656338991,country,ECS,Europe & Central Asia
EST,Estonia,2010,8.07621104597347,country,ECS,Europe & Central Asia
EST,Estonia,2011,7.36058326223532,country,ECS,Europe & Central Asia
EST,Estonia,2012,7.34519929806969,country,ECS,Europe & Central Asia
EST,Estonia,2013,6.80225988700565,country,ECS,Europe & Central Asia
EST,Estonia,2014,6.76522577534951,country,ECS,Europe & Central Asia
EST,Estonia,2015,6.86834844304296,country,ECS,Europe & Central Asia
EST,Estonia,2016,5.94132632097954,country,ECS,Europe & Central Asia
EST,Estonia,2017,5.91945288753799,country,ECS,Europe & Central Asia
EST,Estonia,2018,6.01747007440958,country,ECS,Europe & Central Asia
EST,Estonia,2019,6.56598818122127,country,ECS,Europe & Central Asia
EST,Estonia,2020,6.16979269496545,country,ECS,Europe & Central Asia
EST,Estonia,2021,13.7423653525819,country,ECS,Europe & Central Asia
EST,Estonia,2022,13.7421665174575,country,ECS,Europe & Central Asia
EST,Estonia,2023,21.0269799825936,country,ECS,Europe & Central Asia
EST,Estonia,2024,20.3315722353798,country,ECS,Europe & Central Asia
ETH,Ethiopia,1990,9.98336106489185,country,SSF,Sub-Saharan Africa
ETH,Ethiopia,1991,10.0082712985939,country,SSF,Sub-Saharan Africa
ETH,Ethiopia,1992,9.99194198227236,country,SSF,Sub-Saharan Africa
ETH,Ethiopia,1993,9.97830802603037,country,SSF,Sub-Saharan Africa
ETH,Ethiopia,1994,9.99310820124052,country,SSF,Sub-Saharan Africa
ETH,Ethiopia,1995,10.0196463654224,country,SSF,Sub-Saharan Africa
ETH,Ethiopia,1996,9.9812850904554,country,SSF,Sub-Saharan Africa
ETH,Ethiopia,1997,9.97521685254027,country,SSF,Sub-Saharan Africa
ETH,Ethiopia,1998,9.98185117967332,country,SSF,Sub-Saharan Africa
ETH,Ethiopia,1999,9.97566909975669,country,SSF,Sub-Saharan Africa
ETH,Ethiopia,2000,9.97610513739546,country,SSF,Sub-Saharan Africa
ETH,Ethiopia,2001,9.99005964214712,country,SSF,Sub-Saharan Africa
ETH,Ethiopia,2002,9.98043052837573,country,SSF,Sub-Saharan Africa
ETH,Ethiopia,2003,10.0174216027875,country,SSF,Sub-Saharan Africa
ETH,Ethiopia,2004,10.0039385584876,country,SSF,Sub-Saharan Africa
ETH,Ethiopia,2005,10.0175746924429,country,SSF,Sub-Saharan Africa
ETH,Ethiopia,2006,10.0030590394616,country,SSF,Sub-Saharan Africa
ETH,Ethiopia,2007,10.0084578517057,country,SSF,Sub-Saharan Africa
ETH,Ethiopia,2008,12.8144029653164,country,SSF,Sub-Saharan Africa
ETH,Ethiopia,2009,17.9070929070929,country,SSF,Sub-Saharan Africa
ETH,Ethiopia,2010,22.7136281769061,country,SSF,Sub-Saharan Africa
ETH,Ethiopia,2011,24.4833569963717,country,SSF,Sub-Saharan Africa
ETH,Ethiopia,2012,22.9098090849243,country,SSF,Sub-Saharan Africa
ETH,Ethiopia,2013,19.003329888621,country,SSF,Sub-Saharan Africa
ETH,Ethiopia,2014,22.5474766551254,country,SSF,Sub-Saharan Africa
ETH,Ethiopia,2015,19.9426111908178,country,SSF,Sub-Saharan Africa
ETH,Ethiopia,2016,20.6767515923567,country,SSF,Sub-Saharan Africa
ETH,Ethiopia,2017,22.2432024169184,country,SSF,Sub-Saharan Africa
ETH,Ethiopia,2018,21.8283196805948,country,SSF,Sub-Saharan Africa
ETH,Ethiopia,2019,21.3340426946864,country,SSF,Sub-Saharan Africa
ETH,Ethiopia,2020,19.3123535743684,country,SSF,Sub-Saharan Africa
ETH,Ethiopia,2021,23.0570450287486,country,SSF,Sub-Saharan Africa
ETH,Ethiopia,2022,20.7256575911398,country,SSF,Sub-Saharan Africa
ETH,Ethiopia,2023,20.729151435395,country,SSF,Sub-Saharan Africa
FIN,Finland,1990,5.0775143902753,country,ECS,Europe & Central Asia
FIN,Finland,1991,4.74424861173387,country,ECS,Europe & Central Asia
FIN,Finland,1992,5.23689909051537,country,ECS,Europe & Central Asia
FIN,Finland,1993,4.47780742972216,country,ECS,Europe & Central Asia
FIN,Finland,1994,4.50092182048117,country,ECS,Europe & Central Asia
FIN,Finland,1995,4.71304755211993,country,ECS,Europe & Central Asia
FIN,Finland,1996,3.91362633877733,country,ECS,Europe & Central Asia
FIN,Finland,1997,3.66167456921476,country,ECS,Europe & Central Asia
FIN,Finland,1998,4.22135761825359,country,ECS,Europe & Central Asia
FIN,Finland,1999,3.8973753545359,country,ECS,Europe & Central Asia
FIN,Finland,2000,3.76128958500057,country,ECS,Europe & Central Asia
FIN,Finland,2001,3.949735520769,country,ECS,Europe & Central Asia
FIN,Finland,2002,3.92502167967447,country,ECS,Europe & Central Asia
FIN,Finland,2003,4.08770723145886,country,ECS,Europe & Central Asia
FIN,Finland,2004,3.49350573708428,country,ECS,Europe & Central Asia
FIN,Finland,2005,4.30846391431243,country,ECS,Europe & Central Asia
FIN,Finland,2006,3.70662843813782,country,ECS,Europe & Central Asia
FIN,Finland,2007,3.74053787925411,country,ECS,Europe & Central Asia
FIN,Finland,2008,4.30054757722905,country,ECS,Europe & Central Asia
FIN,Finland,2009,3.84076371255325,country,ECS,Europe & Central Asia
FIN,Finland,2010,3.42241614398691,country,ECS,Europe & Central Asia
FIN,Finland,2011,3.66389572930981,country,ECS,Europe & Central Asia
FIN,Finland,2012,4.1314567326128,country,ECS,Europe & Central Asia
FIN,Finland,2013,3.65157107371907,country,ECS,Europe & Central Asia
FIN,Finland,2014,4.06203189708344,country,ECS,Europe & Central Asia
FIN,Finland,2015,3.54961442586627,country,ECS,Europe & Central Asia
FIN,Finland,2016,3.76107159998255,country,ECS,Europe & Central Asia
FIN,Finland,2017,4.09934392725442,country,ECS,Europe & Central Asia
FIN,Finland,2018,4.30382989624696,country,ECS,Europe & Central Asia
FIN,Finland,2019,4.46030589949017,country,ECS,Europe & Central Asia
FIN,Finland,2020,4.5461763899115,country,ECS,Europe & Central Asia
FIN,Finland,2021,4.42583400349408,country,ECS,Europe & Central Asia
FIN,Finland,2022,3.90103344138753,country,ECS,Europe & Central Asia
FIN,Finland,2023,3.55163110129998,country,ECS,Europe & Central Asia
FIN,Finland,2024,3.66914001900112,country,ECS,Europe & Central Asia
FRA,France,1990,6.58417924140406,country,ECS,Europe & Central Asia
FRA,France,1991,6.63763242118388,country,ECS,Europe & Central Asia
FRA,France,1992,6.19772322372196,country,ECS,Europe & Central Asia
FRA,France,1993,6.31703426654199,country,ECS,Europe & Central Asia
FRA,France,1994,5.50866384128069,country,ECS,Europe & Central Asia
FRA,France,1995,6.09985554570946,country,ECS,Europe & Central Asia
FRA,France,1996,6.22948712205175,country,ECS,Europe & Central Asia
FRA,France,1997,5.86920775798879,country,ECS,Europe & Central Asia
FRA,France,1998,6.15655731933437,country,ECS,Europe & Central Asia
FRA,France,1999,5.73482564829167,country,ECS,Europe & Central Asia
FRA,France,2000,5.63214644210433,country,ECS,Europe & Central Asia
FRA,France,2001,5.57530981020144,country,ECS,Europe & Central Asia
FRA,France,2002,5.52674743275803,country,ECS,Europe & Central Asia
FRA,France,2003,5.60107120552962,country,ECS,Europe & Central Asia
FRA,France,2004,5.52823519779533,country,ECS,Europe & Central Asia
FRA,France,2005,5.59506718906505,country,ECS,Europe & Central Asia
FRA,France,2006,5.53256481041768,country,ECS,Europe & Central Asia
FRA,France,2007,5.54839864646663,country,ECS,Europe & Central Asia
FRA,France,2008,5.8348989031136,country,ECS,Europe & Central Asia
FRA,France,2009,6.50800018659327,country,ECS,Europe & Central Asia
FRA,France,2010,6.22076386778549,country,ECS,Europe & Central Asia
FRA,France,2011,6.43683370960853,country,ECS,Europe & Central Asia
FRA,France,2012,6.60541974209985,country,ECS,Europe & Central Asia
FRA,France,2013,6.65676918852121,country,ECS,Europe & Central Asia
FRA,France,2014,6.02576386670925,country,ECS,Europe & Central Asia
FRA,France,2015,6.23207674386923,country,ECS,Europe & Central Asia
FRA,France,2016,6.63889095553406,country,ECS,Europe & Central Asia
FRA,France,2017,6.86227623688622,country,ECS,Europe & Central Asia
FRA,France,2018,6.6331516745187,country,ECS,Europe & Central Asia
FRA,France,2019,6.66626998988474,country,ECS,Europe & Central Asia
FRA,France,2020,6.7360993826118,country,ECS,Europe & Central Asia
FRA,France,2021,7.05383512015852,country,ECS,Europe & Central Asia
FRA,France,2022,7.43784728673006,country,ECS,Europe & Central Asia
FRA,France,2023,6.95849027888749,country,ECS,Europe & Central Asia
FRA,France,2024,6.61848498097491,country,ECS,Europe & Central Asia
GAB,Gabon,1990,10.7361963190184,country,SSF,Sub-Saharan Africa
GAB,Gabon,1991,10.1522842639594,country,SSF,Sub-Saharan Africa
GAB,Gabon,1992,10.5740181268882,country,SSF,Sub-Saharan Africa
GAB,Gabon,1993,10.6106106106106,country,SSF,Sub-Saharan Africa
GAB,Gabon,1994,24.015009380863,country,SSF,Sub-Saharan Africa
GAB,Gabon,1995,26.5144863915716,country,SSF,Sub-Saharan Africa
GAB,Gabon,1996,22.158154859967,country,SSF,Sub-Saharan Africa
GAB,Gabon,1997,22.1337579617834,country,SSF,Sub-Saharan Africa
GAB,Gabon,1998,19.9553239017126,country,SSF,Sub-Saharan Africa
GAB,Gabon,1999,18.4487951807229,country,SSF,Sub-Saharan Africa
GAB,Gabon,2000,17.7946768060837,country,SSF,Sub-Saharan Africa
GAB,Gabon,2001,19.6872778962331,country,SSF,Sub-Saharan Africa
GAB,Gabon,2002,19.7705802968961,country,SSF,Sub-Saharan Africa
GAB,Gabon,2003,19.6870925684485,country,SSF,Sub-Saharan Africa
GAB,Gabon,2004,19.6881091617934,country,SSF,Sub-Saharan Africa
GAB,Gabon,2005,19.1989828353465,country,SSF,Sub-Saharan Africa
GAB,Gabon,2006,19.2307692307692,country,SSF,Sub-Saharan Africa
GAB,Gabon,2007,18.1084198385236,country,SSF,Sub-Saharan Africa
GAB,Gabon,2008,18.7156970362239,country,SSF,Sub-Saharan Africa
GAB,Gabon,2009,19.901585565883,country,SSF,Sub-Saharan Africa
GAB,Gabon,2010,20.1036269430052,country,SSF,Sub-Saharan Africa
GAB,Gabon,2011,20.5203730976927,country,SSF,Sub-Saharan Africa
GAB,Gabon,2012,20.4166666666667,country,SSF,Sub-Saharan Africa
GAB,Gabon,2013,19.5543428831287,country,SSF,Sub-Saharan Africa
GAB,Gabon,2014,18.6425738210665,country,SSF,Sub-Saharan Africa
GAB,Gabon,2015,18.4265010351967,country,SSF,Sub-Saharan Africa
GAB,Gabon,2016,16.5422396856582,country,SSF,Sub-Saharan Africa
GAB,Gabon,2017,16.536312849162,country,SSF,Sub-Saharan Africa
GAB,Gabon,2018,18.9189189189189,country,SSF,Sub-Saharan Africa
GAB,Gabon,2019,18.9063021007002,country,SSF,Sub-Saharan Africa
GAB,Gabon,2020,18.8848323929638,country,SSF,Sub-Saharan Africa
GAB,Gabon,2021,18.9024390243902,country,SSF,Sub-Saharan Africa
GAB,Gabon,2022,18.8948872657987,country,SSF,Sub-Saharan Africa
GAB,Gabon,2023,18.9094387755102,country,SSF,Sub-Saharan Africa
GBR,United Kingdom,1990,7.8279961343229,country,ECS,Europe & Central Asia
GBR,United Kingdom,1991,8.12078977932637,country,ECS,Europe & Central Asia
GBR,United Kingdom,1992,7.40897636765169,country,ECS,Europe & Central Asia
GBR,United Kingdom,1993,7.06526112496982,country,ECS,Europe & Central Asia
GBR,United Kingdom,1994,9.81386701461314,country,ECS,Europe & Central Asia
GBR,United Kingdom,1995,8.0382348274613,country,ECS,Europe & Central Asia
GBR,United Kingdom,1996,8.36067022164968,country,ECS,Europe & Central Asia
GBR,United Kingdom,1997,7.73898809693554,country,ECS,Europe & Central Asia
GBR,United Kingdom,1998,8.22105138363895,country,ECS,Europe & Central Asia
GBR,United Kingdom,1999,8.11132358373715,country,ECS,Europe & Central Asia
GBR,United Kingdom,2000,8.25923106911467,country,ECS,Europe & Central Asia
GBR,United Kingdom,2001,8.33625701358407,country,ECS,Europe & Central Asia
GBR,United Kingdom,2002,7.99569266047938,country,ECS,Europe & Central Asia
GBR,United Kingdom,2003,8.0537822892129,country,ECS,Europe & Central Asia
GBR,United Kingdom,2004,8.42161111068802,country,ECS,Europe & Central Asia
GBR,United Kingdom,2005,7.00403659038649,country,ECS,Europe & Central Asia
GBR,United Kingdom,2006,6.92581088496333,country,ECS,Europe & Central Asia
GBR,United Kingdom,2007,7.0130963210854,country,ECS,Europe & Central Asia
GBR,United Kingdom,2008,7.22678097990861,country,ECS,Europe & Central Asia
GBR,United Kingdom,2009,7.47007775802128,country,ECS,Europe & Central Asia
GBR,United Kingdom,2010,7.0231719741895,country,ECS,Europe & Central Asia
GBR,United Kingdom,2011,7.60694980065389,country,ECS,Europe & Central Asia
GBR,United Kingdom,2012,7.77194529367977,country,ECS,Europe & Central Asia
GBR,United Kingdom,2013,7.41212237958442,country,ECS,Europe & Central Asia
GBR,United Kingdom,2014,8.12761131493309,country,ECS,Europe & Central Asia
GBR,United Kingdom,2015,8.46273314893428,country,ECS,Europe & Central Asia
GBR,United Kingdom,2016,7.80735724070856,country,ECS,Europe & Central Asia
GBR,United Kingdom,2017,7.95248778261501,country,ECS,Europe & Central Asia
GBR,United Kingdom,2018,8.01851467549693,country,ECS,Europe & Central Asia
GBR,United Kingdom,2019,8.15452501770303,country,ECS,Europe & Central Asia
GBR,United Kingdom,2020,8.81415313673337,country,ECS,Europe & Central Asia
GBR,United Kingdom,2021,8.80257389749123,country,ECS,Europe & Central Asia
GBR,United Kingdom,2022,8.55753546917798,country,ECS,Europe & Central Asia
GBR,United Kingdom,2023,9.61662622926309,country,ECS,Europe & Central Asia
GBR,United Kingdom,2024,9.85371529505772,country,ECS,Europe & Central Asia
GEO,Georgia,1990,16.9994170795686,country,ECS,Europe & Central Asia
GEO,Georgia,1991,19.2733990147783,country,ECS,Europe & Central Asia
GEO,Georgia,1992,17.9307871615564,country,ECS,Europe & Central Asia
GEO,Georgia,1993,17.1879483500717,country,ECS,Europe & Central Asia
GEO,Georgia,1994,17.3349056603774,country,ECS,Europe & Central Asia
GEO,Georgia,1995,23.3259749816041,country,ECS,Europe & Central Asia
GEO,Georgia,1996,29.1498539028802,country,ECS,Europe & Central Asia
GEO,Georgia,1997,21.736702498953,country,ECS,Europe & Central Asia
GEO,Georgia,1998,14.7568765480381,country,ECS,Europe & Central Asia
GEO,Georgia,1999,16.1395288298842,country,ECS,Europe & Central Asia
GEO,Georgia,2000,16.8238146551724,country,ECS,Europe & Central Asia
GEO,Georgia,2001,12.1810580942771,country,ECS,Europe & Central Asia
GEO,Georgia,2002,16.6459969684443,country,ECS,Europe & Central Asia
GEO,Georgia,2003,16.159217877095,country,ECS,Europe & Central Asia
GEO,Georgia,2004,15.5834777585211,country,ECS,Europe & Central Asia
GEO,Georgia,2005,15.6047887711573,country,ECS,Europe & Central Asia
GEO,Georgia,2006,14.24454508028,country,ECS,Europe & Central Asia
GEO,Georgia,2007,12.8420547287566,country,ECS,Europe & Central Asia
GEO,Georgia,2008,12.9539808352064,country,ECS,Europe & Central Asia
GEO,Georgia,2009,12.6314559476513,country,ECS,Europe & Central Asia
GEO,Georgia,2010,10.8949032003161,country,ECS,Europe & Central Asia
GEO,Georgia,2011,11.2026682362174,country,ECS,Europe & Central Asia
GEO,Georgia,2012,11.2841670964415,country,ECS,Europe & Central Asia
GEO,Georgia,2013,8.00278357689631,country,ECS,Europe & Central Asia
GEO,Georgia,2014,5.78536303153023,country,ECS,Europe & Central Asia
GEO,Georgia,2015,6.56327887011908,country,ECS,Europe & Central Asia
GEO,Georgia,2016,6.77380335234145,country,ECS,Europe & Central Asia
GEO,Georgia,2017,7.83106408811031,country,ECS,Europe & Central Asia
GEO,Georgia,2018,7.2933816266052,country,ECS,Europe & Central Asia
GEO,Georgia,2019,7.74291497975708,country,ECS,Europe & Central Asia
GEO,Georgia,2020,7.94874092660633,country,ECS,Europe & Central Asia
GEO,Georgia,2021,7.04626334519573,country,ECS,Europe & Central Asia
GEO,Georgia,2022,7.96714867331181,country,ECS,Europe & Central Asia
GEO,Georgia,2023,7.98888502952414,country,ECS,Europe & Central Asia
GHA,Ghana,1990,3.14630309386471,country,SSF,Sub-Saharan Africa
GHA,Ghana,1991,3.17564249467998,country,SSF,Sub-Saharan Africa
GHA,Ghana,1992,3.27173583762496,country,SSF,Sub-Saharan Africa
GHA,Ghana,1993,2.13844447964518,country,SSF,Sub-Saharan Africa
GHA,Ghana,1994,2.5531914893617,country,SSF,Sub-Saharan Africa
GHA,Ghana,1995,3.33551340745585,country,SSF,Sub-Saharan Africa
GHA,Ghana,1996,2.8519692168402,country,SSF,Sub-Saharan Africa
GHA,Ghana,1997,2.8608771420273,country,SSF,Sub-Saharan Africa
GHA,Ghana,1998,2.59109311740891,country,SSF,Sub-Saharan Africa
GHA,Ghana,1999,1.98900388098318,country,SSF,Sub-Saharan Africa
GHA,Ghana,2000,19.4794406756195,country,SSF,Sub-Saharan Africa
GHA,Ghana,2001,18.5647028884082,country,SSF,Sub-Saharan Africa
GHA,Ghana,2002,22.1641688436684,country,SSF,Sub-Saharan Africa
GHA,Ghana,2003,28.8337300238014,country,SSF,Sub-Saharan Africa
GHA,Ghana,2004,27.123695976155,country,SSF,Sub-Saharan Africa
GHA,Ghana,2005,24.572775486152,country,SSF,Sub-Saharan Africa
GHA,Ghana,2006,20.6761565836299,country,SSF,Sub-Saharan Africa
GHA,Ghana,2007,23.2301519059903,country,SSF,Sub-Saharan Africa
GHA,Ghana,2008,23.1018740989909,country,SSF,Sub-Saharan Africa
GHA,Ghana,2009,23.063183746372,country,SSF,Sub-Saharan Africa
GHA,Ghana,2010,22.6517163371693,country,SSF,Sub-Saharan Africa
GHA,Ghana,2011,23.5288880975697,country,SSF,Sub-Saharan Africa
GHA,Ghana,2012,21.1000827129859,country,SSF,Sub-Saharan Africa
GHA,Ghana,2013,21.3493602171384,country,SSF,Sub-Saharan Africa
GHA,Ghana,2014,22.4560592044403,country,SSF,Sub-Saharan Africa
GHA,Ghana,2015,20.8391003460208,country,SSF,Sub-Saharan Africa
GHA,Ghana,2016,15.7729775518848,country,SSF,Sub-Saharan Africa
GHA,Ghana,2017,12.4022743425729,country,SSF,Sub-Saharan Africa
GHA,Ghana,2018,12.5184638109306,country,SSF,Sub-Saharan Africa
GHA,Ghana,2019,12.1103842559507,country,SSF,Sub-Saharan Africa
GHA,Ghana,2020,11.4955633767908,country,SSF,Sub-Saharan Africa
GHA,Ghana,2021,12.387775460234,country,SSF,Sub-Saharan Africa
GHA,Ghana,2022,11.5422799671947,country,SSF,Sub-Saharan Africa
GHA,Ghana,2023,11.2452612493819,country,SSF,Sub-Saharan Africa
GIB,Gibraltar,1990,16.374269005848,country,ECS,Europe & Central Asia
GIB,Gibraltar,1991,16.5775401069519,country,ECS,Europe & Central Asia
GIB,Gibraltar,1992,16.751269035533,country,ECS,Europe & Central Asia
GIB,Gibraltar,1993,16.8316831683168,country,ECS,Europe & Central Asia
GIB,Gibraltar,1994,16.9082125603865,country,ECS,Europe & Central Asia
GIB,Gibraltar,1995,16.6666666666667,country,ECS,Europe & Central Asia
GIB,Gibraltar,1996,16.9014084507042,country,ECS,Europe & Central Asia
GIB,Gibraltar,1997,16.7441860465116,country,ECS,Europe & Central Asia
GIB,Gibraltar,1998,16.5919282511211,country,ECS,Europe & Central Asia
GIB,Gibraltar,1999,16.4502164502165,country,ECS,Europe & Central Asia
GIB,Gibraltar,2000,16.4556962025316,country,ECS,Europe & Central Asia
GIB,Gibraltar,2001,16.25,country,ECS,Europe & Central Asia
GIB,Gibraltar,2002,16.1290322580645,country,ECS,Europe & Central Asia
GIB,Gibraltar,2003,16.2055335968379,country,ECS,Europe & Central Asia
GIB,Gibraltar,2004,16.4,country,ECS,Europe & Central Asia
GIB,Gibraltar,2005,16.2055335968379,country,ECS,Europe & Central Asia
GIB,Gibraltar,2006,16.0919540229885,country,ECS,Europe & Central Asia
GIB,Gibraltar,2007,16.2068965517241,country,ECS,Europe & Central Asia
GIB,Gibraltar,2008,16.3398692810458,country,ECS,Europe & Central Asia
GIB,Gibraltar,2009,16.1812297734628,country,ECS,Europe & Central Asia
GIB,Gibraltar,2010,16.0237388724036,country,ECS,Europe & Central Asia
GIB,Gibraltar,2011,16.1383285302594,country,ECS,Europe & Central Asia
GIB,Gibraltar,2012,16.2790697674419,country,ECS,Europe & Central Asia
GIB,Gibraltar,2013,16.4133738601824,country,ECS,Europe & Central Asia
GIB,Gibraltar,2014,16.4516129032258,country,ECS,Europe & Central Asia
GIB,Gibraltar,2015,16.5584415584416,country,ECS,Europe & Central Asia
GIB,Gibraltar,2016,16.6666666666667,country,ECS,Europe & Central Asia
GIB,Gibraltar,2017,16.3461538461538,country,ECS,Europe & Central Asia
GIB,Gibraltar,2018,16.566265060241,country,ECS,Europe & Central Asia
GIB,Gibraltar,2019,16.5680473372781,country,ECS,Europe & Central Asia
GIB,Gibraltar,2020,16.5094339622642,country,ECS,Europe & Central Asia
GIB,Gibraltar,2021,16.5898617511521,country,ECS,Europe & Central Asia
GIB,Gibraltar,2022,16.5898617511521,country,ECS,Europe & Central Asia
GIB,Gibraltar,2023,16.4502164502165,country,ECS,Europe & Central Asia
GNQ,Equatorial Guinea,1990,3.44827586206897,country,SSF,Sub-Saharan Africa
GNQ,Equatorial Guinea,1991,3.2258064516129,country,SSF,Sub-Saharan Africa
GNQ,Equatorial Guinea,1992,3.57142857142857,country,SSF,Sub-Saharan Africa
GNQ,Equatorial Guinea,1993,6.25,country,SSF,Sub-Saharan Africa
GNQ,Equatorial Guinea,1994,6.06060606060606,country,SSF,Sub-Saharan Africa
GNQ,Equatorial Guinea,1995,5.88235294117647,country,SSF,Sub-Saharan Africa
GNQ,Equatorial Guinea,1996,9.67741935483871,country,SSF,Sub-Saharan Africa
GNQ,Equatorial Guinea,1997,11.1111111111111,country,SSF,Sub-Saharan Africa
GNQ,Equatorial Guinea,1998,6.81818181818182,country,SSF,Sub-Saharan Africa
GNQ,Equatorial Guinea,1999,7.69230769230769,country,SSF,Sub-Saharan Africa
GNQ,Equatorial Guinea,2000,7.35294117647059,country,SSF,Sub-Saharan Africa
GNQ,Equatorial Guinea,2001,6.76691729323308,country,SSF,Sub-Saharan Africa
GNQ,Equatorial Guinea,2002,6.76691729323308,country,SSF,Sub-Saharan Africa
GNQ,Equatorial Guinea,2003,7.09219858156028,country,SSF,Sub-Saharan Africa
GNQ,Equatorial Guinea,2004,6.9364161849711,country,SSF,Sub-Saharan Africa
GNQ,Equatorial Guinea,2005,7.18232044198895,country,SSF,Sub-Saharan Africa
GNQ,Equatorial Guinea,2006,7.29166666666667,country,SSF,Sub-Saharan Africa
GNQ,Equatorial Guinea,2007,7.54716981132075,country,SSF,Sub-Saharan Africa
GNQ,Equatorial Guinea,2008,7.6555023923445,country,SSF,Sub-Saharan Africa
GNQ,Equatorial Guinea,2009,8.16326530612245,country,SSF,Sub-Saharan Africa
GNQ,Equatorial Guinea,2010,7.60869565217391,country,SSF,Sub-Saharan Africa
GNQ,Equatorial Guinea,2011,9.89847715736041,country,SSF,Sub-Saharan Africa
GNQ,Equatorial Guinea,2012,9.97267759562842,country,SSF,Sub-Saharan Africa
GNQ,Equatorial Guinea,2013,10.0840336134454,country,SSF,Sub-Saharan Africa
GNQ,Equatorial Guinea,2014,10.7919930374238,country,SSF,Sub-Saharan Africa
GNQ,Equatorial Guinea,2015,11.2394149345651,country,SSF,Sub-Saharan Africa
GNQ,Equatorial Guinea,2016,11.3018597997139,country,SSF,Sub-Saharan Africa
GNQ,Equatorial Guinea,2017,11.2528132033008,country,SSF,Sub-Saharan Africa
GNQ,Equatorial Guinea,2018,10.192023633678,country,SSF,Sub-Saharan Africa
GNQ,Equatorial Guinea,2019,10.6352605281941,country,SSF,Sub-Saharan Africa
GNQ,Equatorial Guinea,2020,10.6534090909091,country,SSF,Sub-Saharan Africa
GNQ,Equatorial Guinea,2021,10.6102635228849,country,SSF,Sub-Saharan Africa
GNQ,Equatorial Guinea,2022,10.6382978723404,country,SSF,Sub-Saharan Africa
GNQ,Equatorial Guinea,2023,10.6227106227106,country,SSF,Sub-Saharan Africa
GRC,Greece,1990,8.18786961117618,country,ECS,Europe & Central Asia
GRC,Greece,1991,8.05807622504537,country,ECS,Europe & Central Asia
GRC,Greece,1992,7.1529763973163,country,ECS,Europe & Central Asia
GRC,Greece,1993,7.86019377018439,country,ECS,Europe & Central Asia
GRC,Greece,1994,7.81557699881843,country,ECS,Europe & Central Asia
GRC,Greece,1995,7.63862148633038,country,ECS,Europe & Central Asia
GRC,Greece,1996,7.6514670989264,country,ECS,Europe & Central Asia
GRC,Greece,1997,7.51850319496161,country,ECS,Europe & Central Asia
GRC,Greece,1998,6.84884197802672,country,ECS,Europe & Central Asia
GRC,Greece,1999,6.73960348162476,country,ECS,Europe & Central Asia
GRC,Greece,2000,7.93603625355199,country,ECS,Europe & Central Asia
GRC,Greece,2001,9.20601817369283,country,ECS,Europe & Central Asia
GRC,Greece,2002,7.28647817169646,country,ECS,Europe & Central Asia
GRC,Greece,2003,8.42468916214876,country,ECS,Europe & Central Asia
GRC,Greece,2004,8.76048933373774,country,ECS,Europe & Central Asia
GRC,Greece,2005,9.32689103632123,country,ECS,Europe & Central Asia
GRC,Greece,2006,8.38967576370725,country,ECS,Europe & Central Asia
GRC,Greece,2007,7.65402545042207,country,ECS,Europe & Central Asia
GRC,Greece,2008,7.92639884547209,country,ECS,Europe & Central Asia
GRC,Greece,2009,5.25432018258885,country,ECS,Europe & Central Asia
GRC,Greece,2010,6.59001829108963,country,ECS,Europe & Central Asia
GRC,Greece,2011,4.74459923278821,country,ECS,Europe & Central Asia
GRC,Greece,2012,2.64275988779344,country,ECS,Europe & Central Asia
GRC,Greece,2013,6.81515957446809,country,ECS,Europe & Central Asia
GRC,Greece,2014,8.22007370131157,country,ECS,Europe & Central Asia
GRC,Greece,2015,9.43632648340209,country,ECS,Europe & Central Asia
GRC,Greece,2016,7.26881957456189,country,ECS,Europe & Central Asia
GRC,Greece,2017,1.99218325914667,country,ECS,Europe & Central Asia
GRC,Greece,2018,9.84191355938568,country,ECS,Europe & Central Asia
GRC,Greece,2019,7.59264590959569,country,ECS,Europe & Central Asia
GRC,Greece,2020,10.8039211622557,country,ECS,Europe & Central Asia
GRC,Greece,2021,10.2567851594627,country,ECS,Europe & Central Asia
GRC,Greece,2022,10.8790582874502,country,ECS,Europe & Central Asia
GRC,Greece,2023,11.984133344018,country,ECS,Europe & Central Asia
GRC,Greece,2024,9.83184783607461,country,ECS,Europe & Central Asia
GTM,Guatemala,1990,15.7590361445783,country,LCN,Latin America & Caribbean
GTM,Guatemala,1991,14.967562557924,country,LCN,Latin America & Caribbean
GTM,Guatemala,1992,12.463556851312,country,LCN,Latin America & Caribbean
GTM,Guatemala,1993,13.940724478595,country,LCN,Latin America & Caribbean
GTM,Guatemala,1994,13.446519524618,country,LCN,Latin America & Caribbean
GTM,Guatemala,1995,14.4858420268256,country,LCN,Latin America & Caribbean
GTM,Guatemala,1996,18.3807439824945,country,LCN,Latin America & Caribbean
GTM,Guatemala,1997,23.3853688399143,country,LCN,Latin America & Caribbean
GTM,Guatemala,1998,20.5341113105925,country,LCN,Latin America & Caribbean
GTM,Guatemala,1999,15.3193131391086,country,LCN,Latin America & Caribbean
GTM,Guatemala,2000,24.702380952381,country,LCN,Latin America & Caribbean
GTM,Guatemala,2001,13.8827953619555,country,LCN,Latin America & Caribbean
GTM,Guatemala,2002,12.7796901893287,country,LCN,Latin America & Caribbean
GTM,Guatemala,2003,14.2210020590254,country,LCN,Latin America & Caribbean
GTM,Guatemala,2004,14.2114159407099,country,LCN,Latin America & Caribbean
GTM,Guatemala,2005,13.2314573238912,country,LCN,Latin America & Caribbean
GTM,Guatemala,2006,12.294881214793,country,LCN,Latin America & Caribbean
GTM,Guatemala,2007,13.5434509535229,country,LCN,Latin America & Caribbean
GTM,Guatemala,2008,12.1013994035329,country,LCN,Latin America & Caribbean
GTM,Guatemala,2009,12.1034597104012,country,LCN,Latin America & Caribbean
GTM,Guatemala,2010,13.3475767457551,country,LCN,Latin America & Caribbean
GTM,Guatemala,2011,14.7103658536585,country,LCN,Latin America & Caribbean
GTM,Guatemala,2012,13.0332239540607,country,LCN,Latin America & Caribbean
GTM,Guatemala,2013,12.6001526135063,country,LCN,Latin America & Caribbean
GTM,Guatemala,2014,12.4054054054054,country,LCN,Latin America & Caribbean
GTM,Guatemala,2015,11.4693807731782,country,LCN,Latin America & Caribbean
GTM,Guatemala,2016,11.4989568287594,country,LCN,Latin America & Caribbean
GTM,Guatemala,2017,11.6858089878979,country,LCN,Latin America & Caribbean
GTM,Guatemala,2018,10.3077467279802,country,LCN,Latin America & Caribbean
GTM,Guatemala,2019,11.4752912235005,country,LCN,Latin America & Caribbean
GTM,Guatemala,2020,11.578555472822,country,LCN,Latin America & Caribbean
GTM,Guatemala,2021,11.040846615474,country,LCN,Latin America & Caribbean
GTM,Guatemala,2022,12.901044406041,country,LCN,Latin America & Caribbean
GTM,Guatemala,2023,12.4417784050812,country,LCN,Latin America & Caribbean
HKG,"Hong Kong SAR, China",1990,11.4244246319718,country,EAS,East Asia & Pacific
HKG,"Hong Kong SAR, China",1991,10.78378973182,country,EAS,East Asia & Pacific
HKG,"Hong Kong SAR, China",1992,10.8774744320623,country,EAS,East Asia & Pacific
HKG,"Hong Kong SAR, China",1993,11.5966620305981,country,EAS,East Asia & Pacific
HKG,"Hong Kong SAR, China",1994,15.1591070560521,country,EAS,East Asia & Pacific
HKG,"Hong Kong SAR, China",1995,14.7693079237713,country,EAS,East Asia & Pacific
HKG,"Hong Kong SAR, China",1996,5.36178890373392,country,EAS,East Asia & Pacific
HKG,"Hong Kong SAR, China",1997,5.22370012091898,country,EAS,East Asia & Pacific
HKG,"Hong Kong SAR, China",1998,4.4498201610593,country,EAS,East Asia & Pacific
HKG,"Hong Kong SAR, China",1999,4.79693538544986,country,EAS,East Asia & Pacific
HKG,"Hong Kong SAR, China",2000,4.86419201429894,country,EAS,East Asia & Pacific
HKG,"Hong Kong SAR, China",2001,4.57264430192403,country,EAS,East Asia & Pacific
HKG,"Hong Kong SAR, China",2002,4.63950574109693,country,EAS,East Asia & Pacific
HKG,"Hong Kong SAR, China",2003,4.70584922132417,country,EAS,East Asia & Pacific
HKG,"Hong Kong SAR, China",2004,4.7183022729721,country,EAS,East Asia & Pacific
HKG,"Hong Kong SAR, China",2005,4.79831473823828,country,EAS,East Asia & Pacific
HKG,"Hong Kong SAR, China",2006,4.52650387135199,country,EAS,East Asia & Pacific
HKG,"Hong Kong SAR, China",2007,4.84699116861779,country,EAS,East Asia & Pacific
HKG,"Hong Kong SAR, China",2008,4.75864610201611,country,EAS,East Asia & Pacific
HKG,"Hong Kong SAR, China",2009,4.94939584839409,country,EAS,East Asia & Pacific
HKG,"Hong Kong SAR, China",2010,4.77631407330116,country,EAS,East Asia & Pacific
HKG,"Hong Kong SAR, China",2011,5.14651311580294,country,EAS,East Asia & Pacific
HKG,"Hong Kong SAR, China",2012,5.51832568689108,country,EAS,East Asia & Pacific
HKG,"Hong Kong SAR, China",2013,4.64402618657938,country,EAS,East Asia & Pacific
HKG,"Hong Kong SAR, China",2014,4.85307771448646,country,EAS,East Asia & Pacific
HKG,"Hong Kong SAR, China",2015,4.85776690087103,country,EAS,East Asia & Pacific
HKG,"Hong Kong SAR, China",2016,4.66143790849673,country,EAS,East Asia & Pacific
HKG,"Hong Kong SAR, China",2017,4.71455974927728,country,EAS,East Asia & Pacific
HKG,"Hong Kong SAR, China",2018,4.55440669620876,country,EAS,East Asia & Pacific
HKG,"Hong Kong SAR, China",2019,4.67370701326834,country,EAS,East Asia & Pacific
HKG,"Hong Kong SAR, China",2020,4.9513904589645,country,EAS,East Asia & Pacific
HKG,"Hong Kong SAR, China",2021,4.29242119382964,country,EAS,East Asia & Pacific
HKG,"Hong Kong SAR, China",2022,4.43298403467384,country,EAS,East Asia & Pacific
HKG,"Hong Kong SAR, China",2023,4.26888719070331,country,EAS,East Asia & Pacific
HND,Honduras,1990,6.98576972833118,country,LCN,Latin America & Caribbean
HND,Honduras,1991,14.4501278772379,country,LCN,Latin America & Caribbean
HND,Honduras,1992,26.6325224071703,country,LCN,Latin America & Caribbean
HND,Honduras,1993,30.015612802498,country,LCN,Latin America & Caribbean
HND,Honduras,1994,30.0214132762313,country,LCN,Latin America & Caribbean
HND,Honduras,1995,25.2932551319648,country,LCN,Latin America & Caribbean
HND,Honduras,1996,21.030322791001,country,LCN,Latin America & Caribbean
HND,Honduras,1997,25.1275510204082,country,LCN,Latin America & Caribbean
HND,Honduras,1998,20.5856515373353,country,LCN,Latin America & Caribbean
HND,Honduras,1999,25.139353400223,country,LCN,Latin America & Caribbean
HND,Honduras,2000,19.6555494805905,country,LCN,Latin America & Caribbean
HND,Honduras,2001,21.6636897167645,country,LCN,Latin America & Caribbean
HND,Honduras,2002,23.8301977809937,country,LCN,Latin America & Caribbean
HND,Honduras,2003,23.8312676668841,country,LCN,Latin America & Caribbean
HND,Honduras,2004,26.3211176351488,country,LCN,Latin America & Caribbean
HND,Honduras,2005,25.0539568345324,country,LCN,Latin America & Caribbean
HND,Honduras,2006,25.6923590256924,country,LCN,Latin America & Caribbean
HND,Honduras,2007,21.8236409608091,country,LCN,Latin America & Caribbean
HND,Honduras,2008,20.9981740718198,country,LCN,Latin America & Caribbean
HND,Honduras,2009,26.5928376240472,country,LCN,Latin America & Caribbean
HND,Honduras,2010,23.5419026047565,country,LCN,Latin America & Caribbean
HND,Honduras,2011,26.2435444414243,country,LCN,Latin America & Caribbean
HND,Honduras,2012,29.2620210851119,country,LCN,Latin America & Caribbean
HND,Honduras,2013,30.4899064500246,country,LCN,Latin America & Caribbean
HND,Honduras,2014,31.1760444337117,country,LCN,Latin America & Caribbean
HND,Honduras,2015,31.5021554106334,country,LCN,Latin America & Caribbean
HND,Honduras,2016,32.6257103034202,country,LCN,Latin America & Caribbean
HND,Honduras,2017,29.4148879685675,country,LCN,Latin America & Caribbean
HND,Honduras,2018,29.7036809186917,country,LCN,Latin America & Caribbean
HND,Honduras,2019,29.7812411980096,country,LCN,Latin America & Caribbean
HND,Honduras,2020,35.1156355010872,country,LCN,Latin America & Caribbean
HND,Honduras,2021,29.5953237410072,country,LCN,Latin America & Caribbean
HND,Honduras,2022,31.8466284706919,country,LCN,Latin America & Caribbean
HND,Honduras,2023,33.8380015140045,country,LCN,Latin America & Caribbean
HRV,Croatia,1990,17.8519102896427,country,ECS,Europe & Central Asia
HRV,Croatia,1991,17.2109238814643,country,ECS,Europe & Central Asia
HRV,Croatia,1992,16.7041114356324,country,ECS,Europe & Central Asia
HRV,Croatia,1993,15.4746967795901,country,ECS,Europe & Central Asia
HRV,Croatia,1994,18.0553972415365,country,ECS,Europe & Central Asia
HRV,Croatia,1995,17.8956446744286,country,ECS,Europe & Central Asia
HRV,Croatia,1996,17.0768817685492,country,ECS,Europe & Central Asia
HRV,Croatia,1997,17.5058548009368,country,ECS,Europe & Central Asia
HRV,Croatia,1998,20.2931425580178,country,ECS,Europe & Central Asia
HRV,Croatia,1999,15.8872024038832,country,ECS,Europe & Central Asia
HRV,Croatia,2000,18.2785214076766,country,ECS,Europe & Central Asia
HRV,Croatia,2001,19.213053321883,country,ECS,Europe & Central Asia
HRV,Croatia,2002,16.2621359223301,country,ECS,Europe & Central Asia
HRV,Croatia,2003,19.1895562933897,country,ECS,Europe & Central Asia
HRV,Croatia,2004,15.8970693352395,country,ECS,Europe & Central Asia
HRV,Croatia,2005,16.1905485488528,country,ECS,Europe & Central Asia
HRV,Croatia,2006,14.6317161033188,country,ECS,Europe & Central Asia
HRV,Croatia,2007,15.9414588087182,country,ECS,Europe & Central Asia
HRV,Croatia,2008,13.2340392521915,country,ECS,Europe & Central Asia
HRV,Croatia,2009,15.0055741360089,country,ECS,Europe & Central Asia
HRV,Croatia,2010,13.5686485035566,country,ECS,Europe & Central Asia
HRV,Croatia,2011,16.0995339839972,country,ECS,Europe & Central Asia
HRV,Croatia,2012,17.5453277545328,country,ECS,Europe & Central Asia
HRV,Croatia,2013,13.8343296327925,country,ECS,Europe & Central Asia
HRV,Croatia,2014,13.0146082337317,country,ECS,Europe & Central Asia
HRV,Croatia,2015,15.8028588967815,country,ECS,Europe & Central Asia
HRV,Croatia,2016,14.0873634945398,country,ECS,Europe & Central Asia
HRV,Croatia,2017,14.7291996995744,country,ECS,Europe & Central Asia
HRV,Croatia,2018,13.3812632968968,country,ECS,Europe & Central Asia
HRV,Croatia,2019,13.0015673981191,country,ECS,Europe & Central Asia
HRV,Croatia,2020,12.8875607022787,country,ECS,Europe & Central Asia
HRV,Croatia,2021,11.1111111111111,country,ECS,Europe & Central Asia
HRV,Croatia,2022,11.6666666666667,country,ECS,Europe & Central Asia
HRV,Croatia,2023,10.33008380366,country,ECS,Europe & Central Asia
HTI,Haiti,1990,30.6532663316583,country,LCN,Latin America & Caribbean
HTI,Haiti,1991,30.982905982906,country,LCN,Latin America & Caribbean
HTI,Haiti,1992,30.2600472813239,country,LCN,Latin America & Caribbean
HTI,Haiti,1993,41.4835164835165,country,LCN,Latin America & Caribbean
HTI,Haiti,1994,49.4661921708185,country,LCN,Latin America & Caribbean
HTI,Haiti,1995,52.7272727272727,country,LCN,Latin America & Caribbean
HTI,Haiti,1996,55.8677685950413,country,LCN,Latin America & Caribbean
HTI,Haiti,1997,44.1322314049587,country,LCN,Latin America & Caribbean
HTI,Haiti,1998,54.4494720965309,country,LCN,Latin America & Caribbean
HTI,Haiti,1999,53.2951289398281,country,LCN,Latin America & Caribbean
HTI,Haiti,2000,44.6069469835466,country,LCN,Latin America & Caribbean
HTI,Haiti,2001,48.989898989899,country,LCN,Latin America & Caribbean
HTI,Haiti,2002,51.0054844606947,country,LCN,Latin America & Caribbean
HTI,Haiti,2003,52.1495327102804,country,LCN,Latin America & Caribbean
HTI,Haiti,2004,53.199268738574,country,LCN,Latin America & Caribbean
HTI,Haiti,2005,38.3093525179856,country,LCN,Latin America & Caribbean
HTI,Haiti,2006,38.2456140350877,country,LCN,Latin America & Caribbean
HTI,Haiti,2007,48.2905982905983,country,LCN,Latin America & Caribbean
HTI,Haiti,2008,52.880658436214,country,LCN,Latin America & Caribbean
HTI,Haiti,2009,51.1789181692094,country,LCN,Latin America & Caribbean
HTI,Haiti,2010,14.9059334298119,country,LCN,Latin America & Caribbean
HTI,Haiti,2011,14.9949341438703,country,LCN,Latin America & Caribbean
HTI,Haiti,2012,14.9863760217984,country,LCN,Latin America & Caribbean
HTI,Haiti,2013,14.9621212121212,country,LCN,Latin America & Caribbean
HTI,Haiti,2014,14.9903288201161,country,LCN,Latin America & Caribbean
HTI,Haiti,2015,15.0144369586141,country,LCN,Latin America & Caribbean
HTI,Haiti,2016,14.9308755760369,country,LCN,Latin America & Caribbean
HTI,Haiti,2017,14.9197355996223,country,LCN,Latin America & Caribbean
HTI,Haiti,2018,14.9666348903718,country,LCN,Latin America & Caribbean
HTI,Haiti,2019,14.8598130841122,country,LCN,Latin America & Caribbean
HTI,Haiti,2020,15.3539381854437,country,LCN,Latin America & Caribbean
HTI,Haiti,2021,15.4463390170512,country,LCN,Latin America & Caribbean
HTI,Haiti,2022,14.6887159533074,country,LCN,Latin America & Caribbean
HUN,Hungary,1990,14.1932761288508,country,ECS,Europe & Central Asia
HUN,Hungary,1991,12.9192670960852,country,ECS,Europe & Central Asia
HUN,Hungary,1992,8.96638788070065,country,ECS,Europe & Central Asia
HUN,Hungary,1993,13.2401640589397,country,ECS,Europe & Central Asia
HUN,Hungary,1994,12.6898403699836,country,ECS,Europe & Central Asia
HUN,Hungary,1995,13.9602563348815,country,ECS,Europe & Central Asia
HUN,Hungary,1996,13.3342832715873,country,ECS,Europe & Central Asia
HUN,Hungary,1997,13.3796649433568,country,ECS,Europe & Central Asia
HUN,Hungary,1998,13.2186071524603,country,ECS,Europe & Central Asia
HUN,Hungary,1999,12.9308521886234,country,ECS,Europe & Central Asia
HUN,Hungary,2000,13.7535165241113,country,ECS,Europe & Central Asia
HUN,Hungary,2001,12.8408622820266,country,ECS,Europe & Central Asia
HUN,Hungary,2002,12.1663854855215,country,ECS,Europe & Central Asia
HUN,Hungary,2003,12.4176306926344,country,ECS,Europe & Central Asia
HUN,Hungary,2004,11.8072861041889,country,ECS,Europe & Central Asia
HUN,Hungary,2005,11.0219263899765,country,ECS,Europe & Central Asia
HUN,Hungary,2006,11.0544075406453,country,ECS,Europe & Central Asia
HUN,Hungary,2007,9.90740740740741,country,ECS,Europe & Central Asia
HUN,Hungary,2008,9.71392879450343,country,ECS,Europe & Central Asia
HUN,Hungary,2009,10.0367606104489,country,ECS,Europe & Central Asia
HUN,Hungary,2010,10.170988199406,country,ECS,Europe & Central Asia
HUN,Hungary,2011,10.505566506566,country,ECS,Europe & Central Asia
HUN,Hungary,2012,10.6366392377653,country,ECS,Europe & Central Asia
HUN,Hungary,2013,12.0915032679739,country,ECS,Europe & Central Asia
HUN,Hungary,2014,12.3490800258477,country,ECS,Europe & Central Asia
HUN,Hungary,2015,12.1706192358366,country,ECS,Europe & Central Asia
HUN,Hungary,2016,11.1779825716256,country,ECS,Europe & Central Asia
HUN,Hungary,2017,10.4997721403615,country,ECS,Europe & Central Asia
HUN,Hungary,2018,10.4687061465058,country,ECS,Europe & Central Asia
HUN,Hungary,2019,9.60018663789332,country,ECS,Europe & Central Asia
HUN,Hungary,2020,8.98654451760664,country,ECS,Europe & Central Asia
HUN,Hungary,2021,8.44961240310078,country,ECS,Europe & Central Asia
HUN,Hungary,2022,7.76793944303232,country,ECS,Europe & Central Asia
HUN,Hungary,2023,6.96581797721199,country,ECS,Europe & Central Asia
HUN,Hungary,2024,7.10242977860847,country,ECS,Europe & Central Asia
IDN,Indonesia,1990,9.74683931796614,country,EAS,East Asia & Pacific
IDN,Indonesia,1991,12.0299946438136,country,EAS,East Asia & Pacific
IDN,Indonesia,1992,12.116686339219,country,EAS,East Asia & Pacific
IDN,Indonesia,1993,10.5242290748899,country,EAS,East Asia & Pacific
IDN,Indonesia,1994,9.36562950270649,country,EAS,East Asia & Pacific
IDN,Indonesia,1995,12.2938910663603,country,EAS,East Asia & Pacific
IDN,Indonesia,1996,11.8176284573244,country,EAS,East Asia & Pacific
IDN,Indonesia,1997,9.55925905982446,country,EAS,East Asia & Pacific
IDN,Indonesia,1998,10.8131839329009,country,EAS,East Asia & Pacific
IDN,Indonesia,1999,9.25925925925926,country,EAS,East Asia & Pacific
IDN,Indonesia,2000,11.5135279935709,country,EAS,East Asia & Pacific
IDN,Indonesia,2001,12.8627017204259,country,EAS,East Asia & Pacific
IDN,Indonesia,2002,16.1444135394624,country,EAS,East Asia & Pacific
IDN,Indonesia,2003,16.3692531024838,country,EAS,East Asia & Pacific
IDN,Indonesia,2004,11.8522340487504,country,EAS,East Asia & Pacific
IDN,Indonesia,2005,11.1637353072634,country,EAS,East Asia & Pacific
IDN,Indonesia,2006,11.0737044607431,country,EAS,East Asia & Pacific
IDN,Indonesia,2007,10.7202903954246,country,EAS,East Asia & Pacific
IDN,Indonesia,2008,10.108085664921,country,EAS,East Asia & Pacific
IDN,Indonesia,2009,9.59853036855601,country,EAS,East Asia & Pacific
IDN,Indonesia,2010,9.01228640022596,country,EAS,East Asia & Pacific
IDN,Indonesia,2011,8.74312354801324,country,EAS,East Asia & Pacific
IDN,Indonesia,2012,8.60926193921852,country,EAS,East Asia & Pacific
IDN,Indonesia,2013,9.25320829440767,country,EAS,East Asia & Pacific
IDN,Indonesia,2014,9.00610412322594,country,EAS,East Asia & Pacific
IDN,Indonesia,2015,8.94531503471546,country,EAS,East Asia & Pacific
IDN,Indonesia,2016,8.65914117916254,country,EAS,East Asia & Pacific
IDN,Indonesia,2017,7.82336705191788,country,EAS,East Asia & Pacific
IDN,Indonesia,2018,7.40056192868426,country,EAS,East Asia & Pacific
IDN,Indonesia,2019,8.01091589243553,country,EAS,East Asia & Pacific
IDN,Indonesia,2020,7.62318307045628,country,EAS,East Asia & Pacific
IDN,Indonesia,2021,6.9684480213874,country,EAS,East Asia & Pacific
IDN,Indonesia,2022,6.80626822927808,country,EAS,East Asia & Pacific
IDN,Indonesia,2023,6.45342130761777,country,EAS,East Asia & Pacific
IND,India,1990,19.5256848723529,country,SAS,South Asia
IND,India,1991,19.4626684110989,country,SAS,South Asia
IND,India,1992,18.4992097308277,country,SAS,South Asia
IND,India,1993,18.2395371869292,country,SAS,South Asia
IND,India,1994,18.04027736719,country,SAS,South Asia
IND,India,1995,18.9805968043202,country,SAS,South Asia
IND,India,1996,20.8572285446757,country,SAS,South Asia
IND,India,1997,21.0157276169055,country,SAS,South Asia
IND,India,1998,22.42895138154,country,SAS,South Asia
IND,India,1999,26.1213041736165,country,SAS,South Asia
IND,India,2000,27.6392899155171,country,SAS,South Asia
IND,India,2001,28.6586039129085,country,SAS,South Asia
IND,India,2002,27.0222024616314,country,SAS,South Asia
IND,India,2003,27.1782330517672,country,SAS,South Asia
IND,India,2004,25.9849361830633,country,SAS,South Asia
IND,India,2005,25.4233125023821,country,SAS,South Asia
IND,India,2006,23.8554361326259,country,SAS,South Asia
IND,India,2007,22.9415233583572,country,SAS,South Asia
IND,India,2008,21.3395107750204,country,SAS,South Asia
IND,India,2009,21.3079479846641,country,SAS,South Asia
IND,India,2010,20.0088865758193,country,SAS,South Asia
IND,India,2011,19.6760810986882,country,SAS,South Asia
IND,India,2012,19.0419579666662,country,SAS,South Asia
IND,India,2013,18.8196241606197,country,SAS,South Asia
IND,India,2014,17.7208361952882,country,SAS,South Asia
IND,India,2015,17.7399718505501,country,SAS,South Asia
IND,India,2016,17.3912982792107,country,SAS,South Asia
IND,India,2017,17.1759941089838,country,SAS,South Asia
IND,India,2018,16.7930129549492,country,SAS,South Asia
IND,India,2019,16.4401872729006,country,SAS,South Asia
IND,India,2020,17.7241293592232,country,SAS,South Asia
IND,India,2021,16.6469287712518,country,SAS,South Asia
IND,India,2022,14.9056434964792,country,SAS,South Asia
IND,India,2023,14.1614354109371,country,SAS,South Asia
IRL,Ireland,1990,8.79090595935239,country,ECS,Europe & Central Asia
IRL,Ireland,1991,9.05730129390018,country,ECS,Europe & Central Asia
IRL,Ireland,1992,8.78036595266346,country,ECS,Europe & Central Asia
IRL,Ireland,1993,8.71554037570139,country,ECS,Europe & Central Asia
IRL,Ireland,1994,8.67531860166024,country,ECS,Europe & Central Asia
IRL,Ireland,1995,8.47191892043227,country,ECS,Europe & Central Asia
IRL,Ireland,1996,8.52450469238791,country,ECS,Europe & Central Asia
IRL,Ireland,1997,8.29950383400992,country,ECS,Europe & Central Asia
IRL,Ireland,1998,9.06727178178036,country,ECS,Europe & Central Asia
IRL,Ireland,1999,8.39049652478081,country,ECS,Europe & Central Asia
IRL,Ireland,2000,8.42298390459511,country,ECS,Europe & Central Asia
IRL,Ireland,2001,7.63991827250511,country,ECS,Europe & Central Asia
IRL,Ireland,2002,7.80127772707432,country,ECS,Europe & Central Asia
IRL,Ireland,2003,8.07103781812416,country,ECS,Europe & Central Asia
IRL,Ireland,2004,7.95965440400328,country,ECS,Europe & Central Asia
IRL,Ireland,2005,7.88056025858088,country,ECS,Europe & Central Asia
IRL,Ireland,2006,7.689231440413,country,ECS,Europe & Central Asia
IRL,Ireland,2007,7.56463342496259,country,ECS,Europe & Central Asia
IRL,Ireland,2008,7.352989731568,country,ECS,Europe & Central Asia
IRL,Ireland,2009,7.42307285608544,country,ECS,Europe & Central Asia
IRL,Ireland,2010,7.38758406986161,country,ECS,Europe & Central Asia
IRL,Ireland,2011,7.44602731678661,country,ECS,Europe & Central Asia
IRL,Ireland,2012,7.3009737062835,country,ECS,Europe & Central Asia
IRL,Ireland,2013,7.75918445854972,country,ECS,Europe & Central Asia
IRL,Ireland,2014,7.74933129537639,country,ECS,Europe & Central Asia
IRL,Ireland,2015,7.30954135523038,country,ECS,Europe & Central Asia
IRL,Ireland,2016,6.97089471793029,country,ECS,Europe & Central Asia
IRL,Ireland,2017,7.02003419685776,country,ECS,Europe & Central Asia
IRL,Ireland,2018,7.14559754460004,country,ECS,Europe & Central Asia
IRL,Ireland,2019,7.3101764082131,country,ECS,Europe & Central Asia
IRL,Ireland,2020,7.11975107058135,country,ECS,Europe & Central Asia
IRL,Ireland,2021,7.52154364930686,country,ECS,Europe & Central Asia
IRL,Ireland,2022,7.23160522837421,country,ECS,Europe & Central Asia
IRL,Ireland,2023,7.81426598015823,country,ECS,Europe & Central Asia
IRL,Ireland,2024,8.15762733392608,country,ECS,Europe & Central Asia
IRN,"Iran, Islamic Rep.",1990,10.2669960407431,country,MEA,"Middle East, North Africa, Afghanistan & Pakistan"
IRN,"Iran, Islamic Rep.",1991,10.5417459376852,country,MEA,"Middle East, North Africa, Afghanistan & Pakistan"
IRN,"Iran, Islamic Rep.",1992,8.83132389772264,country,MEA,"Middle East, North Africa, Afghanistan & Pakistan"
IRN,"Iran, Islamic Rep.",1993,12.4796598603748,country,MEA,"Middle East, North Africa, Afghanistan & Pakistan"
IRN,"Iran, Islamic Rep.",1994,14.0990253792227,country,MEA,"Middle East, North Africa, Afghanistan & Pakistan"
IRN,"Iran, Islamic Rep.",1995,14.2043515609372,country,MEA,"Middle East, North Africa, Afghanistan & Pakistan"
IRN,"Iran, Islamic Rep.",1996,11.9229203121045,country,MEA,"Middle East, North Africa, Afghanistan & Pakistan"
IRN,"Iran, Islamic Rep.",1997,13.6418963841866,country,MEA,"Middle East, North Africa, Afghanistan & Pakistan"
IRN,"Iran, Islamic Rep.",1998,14.0647954844197,country,MEA,"Middle East, North Africa, Afghanistan & Pakistan"
IRN,"Iran, Islamic Rep.",1999,14.9071961795539,country,MEA,"Middle East, North Africa, Afghanistan & Pakistan"
IRN,"Iran, Islamic Rep.",2000,15.8218201889886,country,MEA,"Middle East, North Africa, Afghanistan & Pakistan"
IRN,"Iran, Islamic Rep.",2001,15.8480479880798,country,MEA,"Middle East, North Africa, Afghanistan & Pakistan"
IRN,"Iran, Islamic Rep.",2002,16.8654886200126,country,MEA,"Middle East, North Africa, Afghanistan & Pakistan"
IRN,"Iran, Islamic Rep.",2003,16.7567813462613,country,MEA,"Middle East, North Africa, Afghanistan & Pakistan"
IRN,"Iran, Islamic Rep.",2004,17.1892785679196,country,MEA,"Middle East, North Africa, Afghanistan & Pakistan"
IRN,"Iran, Islamic Rep.",2005,18.1584385247743,country,MEA,"Middle East, North Africa, Afghanistan & Pakistan"
IRN,"Iran, Islamic Rep.",2006,18.5450638876491,country,MEA,"Middle East, North Africa, Afghanistan & Pakistan"
IRN,"Iran, Islamic Rep.",2007,18.9787534438638,country,MEA,"Middle East, North Africa, Afghanistan & Pakistan"
IRN,"Iran, Islamic Rep.",2008,17.5364750850697,country,MEA,"Middle East, North Africa, Afghanistan & Pakistan"
IRN,"Iran, Islamic Rep.",2009,15.6059990061887,country,MEA,"Middle East, North Africa, Afghanistan & Pakistan"
IRN,"Iran, Islamic Rep.",2010,14.1921969101859,country,MEA,"Middle East, North Africa, Afghanistan & Pakistan"
IRN,"Iran, Islamic Rep.",2011,14.5410161131755,country,MEA,"Middle East, North Africa, Afghanistan & Pakistan"
IRN,"Iran, Islamic Rep.",2012,14.4701033522629,country,MEA,"Middle East, North Africa, Afghanistan & Pakistan"
IRN,"Iran, Islamic Rep.",2013,14.4985024806237,country,MEA,"Middle East, North Africa, Afghanistan & Pakistan"
IRN,"Iran, Islamic Rep.",2014,12.6033742521185,country,MEA,"Middle East, North Africa, Afghanistan & Pakistan"
IRN,"Iran, Islamic Rep.",2015,14.80937737187,country,MEA,"Middle East, North Africa, Afghanistan & Pakistan"
IRN,"Iran, Islamic Rep.",2016,11.5924232256636,country,MEA,"Middle East, North Africa, Afghanistan & Pakistan"
IRN,"Iran, Islamic Rep.",2017,10.9370540463403,country,MEA,"Middle East, North Africa, Afghanistan & Pakistan"
IRN,"Iran, Islamic Rep.",2018,10.6099947681516,country,MEA,"Middle East, North Africa, Afghanistan & Pakistan"
IRN,"Iran, Islamic Rep.",2019,9.9641535367388,country,MEA,"Middle East, North Africa, Afghanistan & Pakistan"
IRN,"Iran, Islamic Rep.",2020,9.74193039684371,country,MEA,"Middle East, North Africa, Afghanistan & Pakistan"
IRN,"Iran, Islamic Rep.",2021,10.0407124252973,country,MEA,"Middle East, North Africa, Afghanistan & Pakistan"
IRN,"Iran, Islamic Rep.",2022,10.0477210487785,country,MEA,"Middle East, North Africa, Afghanistan & Pakistan"
IRN,"Iran, Islamic Rep.",2023,10.0485672530559,country,MEA,"Middle East, North Africa, Afghanistan & Pakistan"
IRQ,Iraq,1990,5.0,country,MEA,"Middle East, North Africa, Afghanistan & Pakistan"
IRQ,Iraq,1991,5.76645843344546,country,MEA,"Middle East, North Africa, Afghanistan & Pakistan"
IRQ,Iraq,1992,4.6798418972332,country,MEA,"Middle East, North Africa, Afghanistan & Pakistan"
IRQ,Iraq,1993,4.44106463878327,country,MEA,"Middle East, North Africa, Afghanistan & Pakistan"
IRQ,Iraq,1994,4.11428571428571,country,MEA,"Middle East, North Africa, Afghanistan & Pakistan"
IRQ,Iraq,1995,3.81938607403423,country,MEA,"Middle East, North Africa, Afghanistan & Pakistan"
IRQ,Iraq,1996,4.77347624912619,country,MEA,"Middle East, North Africa, Afghanistan & Pakistan"
IRQ,Iraq,1997,3.88608721447642,country,MEA,"Middle East, North Africa, Afghanistan & Pakistan"
IRQ,Iraq,1998,5.76829859428017,country,MEA,"Middle East, North Africa, Afghanistan & Pakistan"
IRQ,Iraq,1999,7.61334473909324,country,MEA,"Middle East, North Africa, Afghanistan & Pakistan"
IRQ,Iraq,2000,8.58934169278997,country,MEA,"Middle East, North Africa, Afghanistan & Pakistan"
IRQ,Iraq,2001,6.87110477194506,country,MEA,"Middle East, North Africa, Afghanistan & Pakistan"
IRQ,Iraq,2002,6.86885391134867,country,MEA,"Middle East, North Africa, Afghanistan & Pakistan"
IRQ,Iraq,2003,5.88214537755822,country,MEA,"Middle East, North Africa, Afghanistan & Pakistan"
IRQ,Iraq,2004,6.1216906641895,country,MEA,"Middle East, North Africa, Afghanistan & Pakistan"
IRQ,Iraq,2005,30.0,country,MEA,"Middle East, North Africa, Afghanistan & Pakistan"
IRQ,Iraq,2006,28.2677467995151,country,MEA,"Middle East, North Africa, Afghanistan & Pakistan"
IRQ,Iraq,2007,40.9332972289918,country,MEA,"Middle East, North Africa, Afghanistan & Pakistan"
IRQ,Iraq,2008,48.8559965300369,country,MEA,"Middle East, North Africa, Afghanistan & Pakistan"
IRQ,Iraq,2009,48.6828546516236,country,MEA,"Middle East, North Africa, Afghanistan & Pakistan"
IRQ,Iraq,2010,35.9000572503476,country,MEA,"Middle East, North Africa, Afghanistan & Pakistan"
IRQ,Iraq,2011,38.5062055915255,country,MEA,"Middle East, North Africa, Afghanistan & Pakistan"
IRQ,Iraq,2012,43.0201225607371,country,MEA,"Middle East, North Africa, Afghanistan & Pakistan"
IRQ,Iraq,2013,39.8252035301361,country,MEA,"Middle East, North Africa, Afghanistan & Pakistan"
IRQ,Iraq,2014,50.589015849613,country,MEA,"Middle East, North Africa, Afghanistan & Pakistan"
IRQ,Iraq,2015,65.0941886682668,country,MEA,"Middle East, North Africa, Afghanistan & Pakistan"
IRQ,Iraq,2016,58.1837910024205,country,MEA,"Middle East, North Africa, Afghanistan & Pakistan"
IRQ,Iraq,2017,58.5427300091611,country,MEA,"Middle East, North Africa, Afghanistan & Pakistan"
IRQ,Iraq,2018,63.6692511711565,country,MEA,"Middle East, North Africa, Afghanistan & Pakistan"
IRQ,Iraq,2019,66.9744996267815,country,MEA,"Middle East, North Africa, Afghanistan & Pakistan"
IRQ,Iraq,2020,63.9455141651184,country,MEA,"Middle East, North Africa, Afghanistan & Pakistan"
IRQ,Iraq,2021,56.685506896523,country,MEA,"Middle East, North Africa, Afghanistan & Pakistan"
IRQ,Iraq,2022,59.2465573917797,country,MEA,"Middle East, North Africa, Afghanistan & Pakistan"
IRQ,Iraq,2023,61.8062946632203,country,MEA,"Middle East, North Africa, Afghanistan & Pakistan"
ISL,Iceland,1990,8.75831485587583,country,ECS,Europe & Central Asia
ISL,Iceland,1991,8.61148197596796,country,ECS,Europe & Central Asia
ISL,Iceland,1992,7.54509458864936,country,ECS,Europe & Central Asia
ISL,Iceland,1993,6.62153585783795,country,ECS,Europe & Central Asia
ISL,Iceland,1994,5.02092050209205,country,ECS,Europe & Central Asia
ISL,Iceland,1995,6.58502308773339,country,ECS,Europe & Central Asia
ISL,Iceland,1996,8.88151473745852,country,ECS,Europe & Central Asia
ISL,Iceland,1997,7.98424633011099,country,ECS,Europe & Central Asia
ISL,Iceland,1998,6.97341187708964,country,ECS,Europe & Central Asia
ISL,Iceland,1999,5.370061213133,country,ECS,Europe & Central Asia
ISL,Iceland,2000,4.11244143675169,country,ECS,Europe & Central Asia
ISL,Iceland,2001,4.39437321050666,country,ECS,Europe & Central Asia
ISL,Iceland,2002,4.69344106463878,country,ECS,Europe & Central Asia
ISL,Iceland,2003,5.76470588235294,country,ECS,Europe & Central Asia
ISL,Iceland,2004,4.43001275658124,country,ECS,Europe & Central Asia
ISL,Iceland,2005,4.38636886944508,country,ECS,Europe & Central Asia
ISL,Iceland,2006,4.1595326820425,country,ECS,Europe & Central Asia
ISL,Iceland,2007,4.13361169102297,country,ECS,Europe & Central Asia
ISL,Iceland,2008,3.49790490071051,country,ECS,Europe & Central Asia
ISL,Iceland,2009,3.01770226921706,country,ECS,Europe & Central Asia
ISL,Iceland,2010,4.09754381851222,country,ECS,Europe & Central Asia
ISL,Iceland,2011,2.92254953227587,country,ECS,Europe & Central Asia
ISL,Iceland,2012,2.76938856914924,country,ECS,Europe & Central Asia
ISL,Iceland,2013,2.06447339368514,country,ECS,Europe & Central Asia
ISL,Iceland,2014,2.74788942228108,country,ECS,Europe & Central Asia
ISL,Iceland,2015,3.06399276557264,country,ECS,Europe & Central Asia
ISL,Iceland,2016,2.63611859838275,country,ECS,Europe & Central Asia
ISL,Iceland,2017,3.07204491111342,country,ECS,Europe & Central Asia
ISL,Iceland,2018,2.79388774017853,country,ECS,Europe & Central Asia
ISL,Iceland,2019,2.72475369458128,country,ECS,Europe & Central Asia
ISL,Iceland,2020,2.8232341715899,country,ECS,Europe & Central Asia
ISL,Iceland,2021,2.88059549301519,country,ECS,Europe & Central Asia
ISL,Iceland,2022,2.67892644135189,country,ECS,Europe & Central Asia
ISL,Iceland,2023,2.92940769648767,country,ECS,Europe & Central Asia
ISL,Iceland,2024,2.9268542723871,country,ECS,Europe & Central Asia
ISR,Israel,1990,4.69422911283376,country,MEA,"Middle East, North Africa, Afghanistan & Pakistan"
ISR,Israel,1991,4.9595612159524,country,MEA,"Middle East, North Africa, Afghanistan & Pakistan"
ISR,Israel,1992,4.47422844416163,country,MEA,"Middle East, North Africa, Afghanistan & Pakistan"
ISR,Israel,1993,4.17067076686527,country,MEA,"Middle East, North Africa, Afghanistan & Pakistan"
ISR,Israel,1994,3.6905432029271,country,MEA,"Middle East, North Africa, Afghanistan & Pakistan"
ISR,Israel,1995,3.53985209531635,country,MEA,"Middle East, North Africa, Afghanistan & Pakistan"
ISR,Israel,1996,3.55045956164889,country,MEA,"Middle East, North Africa, Afghanistan & Pakistan"
ISR,Israel,1997,5.41025641025641,country,MEA,"Middle East, North Africa, Afghanistan & Pakistan"
ISR,Israel,1998,5.6698722170992,country,MEA,"Middle East, North Africa, Afghanistan & Pakistan"
ISR,Israel,1999,3.44256024480428,country,MEA,"Middle East, North Africa, Afghanistan & Pakistan"
ISR,Israel,2000,3.37076017908629,country,MEA,"Middle East, North Africa, Afghanistan & Pakistan"
ISR,Israel,2001,3.05112511660713,country,MEA,"Middle East, North Africa, Afghanistan & Pakistan"
ISR,Israel,2002,3.05494505494506,country,MEA,"Middle East, North Africa, Afghanistan & Pakistan"
ISR,Israel,2003,3.054781998682,country,MEA,"Middle East, North Africa, Afghanistan & Pakistan"
ISR,Israel,2004,2.92941898094291,country,MEA,"Middle East, North Africa, Afghanistan & Pakistan"
ISR,Israel,2005,2.85790708201309,country,MEA,"Middle East, North Africa, Afghanistan & Pakistan"
ISR,Israel,2006,2.71964872028166,country,MEA,"Middle East, North Africa, Afghanistan & Pakistan"
ISR,Israel,2007,2.65281082688876,country,MEA,"Middle East, North Africa, Afghanistan & Pakistan"
ISR,Israel,2008,2.09645444816758,country,MEA,"Middle East, North Africa, Afghanistan & Pakistan"
ISR,Israel,2009,3.20135253054101,country,MEA,"Middle East, North Africa, Afghanistan & Pakistan"
ISR,Israel,2010,2.75810278029049,country,MEA,"Middle East, North Africa, Afghanistan & Pakistan"
ISR,Israel,2011,2.7480813700191,country,MEA,"Middle East, North Africa, Afghanistan & Pakistan"
ISR,Israel,2012,2.7554680803784,country,MEA,"Middle East, North Africa, Afghanistan & Pakistan"
ISR,Israel,2013,4.18616787071313,country,MEA,"Middle East, North Africa, Afghanistan & Pakistan"
ISR,Israel,2014,2.85794155854834,country,MEA,"Middle East, North Africa, Afghanistan & Pakistan"
ISR,Israel,2015,3.84890854171208,country,MEA,"Middle East, North Africa, Afghanistan & Pakistan"
ISR,Israel,2016,3.78499440089586,country,MEA,"Middle East, North Africa, Afghanistan & Pakistan"
ISR,Israel,2017,3.52572627597009,country,MEA,"Middle East, North Africa, Afghanistan & Pakistan"
ISR,Israel,2018,3.64768554134673,country,MEA,"Middle East, North Africa, Afghanistan & Pakistan"
ISR,Israel,2019,3.85210780926054,country,MEA,"Middle East, North Africa, Afghanistan & Pakistan"
ISR,Israel,2020,4.42283216202756,country,MEA,"Middle East, North Africa, Afghanistan & Pakistan"
ISR,Israel,2021,4.6818255732018,country,MEA,"Middle East, North Africa, Afghanistan & Pakistan"
ISR,Israel,2022,4.67063345795377,country,MEA,"Middle East, North Africa, Afghanistan & Pakistan"
ISR,Israel,2023,3.86980533469116,country,MEA,"Middle East, North Africa, Afghanistan & Pakistan"
ISR,Israel,2024,3.92262752221513,country,MEA,"Middle East, North Africa, Afghanistan & Pakistan"
ITA,Italy,1990,7.46029547553093,country,ECS,Europe & Central Asia
ITA,Italy,1991,7.71269881343095,country,ECS,Europe & Central Asia
ITA,Italy,1992,7.39346044710812,country,ECS,Europe & Central Asia
ITA,Italy,1993,7.92183194046732,country,ECS,Europe & Central Asia
ITA,Italy,1994,7.36196848321708,country,ECS,Europe & Central Asia
ITA,Italy,1995,7.26823996124047,country,ECS,Europe & Central Asia
ITA,Italy,1996,6.92500603437343,country,ECS,Europe & Central Asia
ITA,Italy,1997,7.0492657263404,country,ECS,Europe & Central Asia
ITA,Italy,1998,7.12779060816012,country,ECS,Europe & Central Asia
ITA,Italy,1999,6.99032999958595,country,ECS,Europe & Central Asia
ITA,Italy,2000,6.94148734280168,country,ECS,Europe & Central Asia
ITA,Italy,2001,6.93743548572084,country,ECS,Europe & Central Asia
ITA,Italy,2002,6.93433727337736,country,ECS,Europe & Central Asia
ITA,Italy,2003,7.10790652094024,country,ECS,Europe & Central Asia
ITA,Italy,2004,6.87925049530735,country,ECS,Europe & Central Asia
ITA,Italy,2005,6.79159299174512,country,ECS,Europe & Central Asia
ITA,Italy,2006,6.34341543545322,country,ECS,Europe & Central Asia
ITA,Italy,2007,6.68265968326181,country,ECS,Europe & Central Asia
ITA,Italy,2008,6.40616676589478,country,ECS,Europe & Central Asia
ITA,Italy,2009,6.95464377612007,country,ECS,Europe & Central Asia
ITA,Italy,2010,6.80983768286748,country,ECS,Europe & Central Asia
ITA,Italy,2011,6.89005588586197,country,ECS,Europe & Central Asia
ITA,Italy,2012,7.01691075491936,country,ECS,Europe & Central Asia
ITA,Italy,2013,7.31075271043388,country,ECS,Europe & Central Asia
ITA,Italy,2014,6.95108048901643,country,ECS,Europe & Central Asia
ITA,Italy,2015,6.96731014548063,country,ECS,Europe & Central Asia
ITA,Italy,2016,6.47175144167555,country,ECS,Europe & Central Asia
ITA,Italy,2017,6.31004293006118,country,ECS,Europe & Central Asia
ITA,Italy,2018,6.2090104519033,country,ECS,Europe & Central Asia
ITA,Italy,2019,6.06357600568992,country,ECS,Europe & Central Asia
ITA,Italy,2020,6.19004673280315,country,ECS,Europe & Central Asia
ITA,Italy,2021,6.58354925640591,country,ECS,Europe & Central Asia
ITA,Italy,2022,6.74423600424002,country,ECS,Europe & Central Asia
ITA,Italy,2023,6.89266988017347,country,ECS,Europe & Central Asia
ITA,Italy,2024,7.07915293700901,country,ECS,Europe & Central Asia
JAM,Jamaica,1990,14.5646867371847,country,LCN,Latin America & Caribbean
JAM,Jamaica,1991,18.0018850141376,country,LCN,Latin America & Caribbean
JAM,Jamaica,1992,11.4399403133549,country,LCN,Latin America & Caribbean
JAM,Jamaica,1993,10.4117368670137,country,LCN,Latin America & Caribbean
JAM,Jamaica,1994,9.67879174643693,country,LCN,Latin America & Caribbean
JAM,Jamaica,1995,7.8774205677759,country,LCN,Latin America & Caribbean
JAM,Jamaica,1996,7.37012403379472,country,LCN,Latin America & Caribbean
JAM,Jamaica,1997,8.27949676980619,country,LCN,Latin America & Caribbean
JAM,Jamaica,1998,8.14443005181347,country,LCN,Latin America & Caribbean
JAM,Jamaica,1999,8.17826426896013,country,LCN,Latin America & Caribbean
JAM,Jamaica,2000,8.52255525280049,country,LCN,Latin America & Caribbean
JAM,Jamaica,2001,8.47355769230769,country,LCN,Latin America & Caribbean
JAM,Jamaica,2002,8.91260455725411,country,LCN,Latin America & Caribbean
JAM,Jamaica,2003,8.67618247970893,country,LCN,Latin America & Caribbean
JAM,Jamaica,2004,10.1288624082029,country,LCN,Latin America & Caribbean
JAM,Jamaica,2005,11.5063325249259,country,LCN,Latin America & Caribbean
JAM,Jamaica,2006,12.5786163522013,country,LCN,Latin America & Caribbean
JAM,Jamaica,2007,11.0406937958639,country,LCN,Latin America & Caribbean
JAM,Jamaica,2008,23.9192399049881,country,LCN,Latin America & Caribbean
JAM,Jamaica,2009,22.8351955307263,country,LCN,Latin America & Caribbean
JAM,Jamaica,2010,21.4099216710183,country,LCN,Latin America & Caribbean
JAM,Jamaica,2011,22.6033834586466,country,LCN,Latin America & Caribbean
JAM,Jamaica,2012,24.8377013705218,country,LCN,Latin America & Caribbean
JAM,Jamaica,2013,26.4019253910951,country,LCN,Latin America & Caribbean
JAM,Jamaica,2014,26.7458777885548,country,LCN,Latin America & Caribbean
JAM,Jamaica,2015,26.7588549247938,country,LCN,Latin America & Caribbean
JAM,Jamaica,2016,26.5203475080018,country,LCN,Latin America & Caribbean
JAM,Jamaica,2017,26.290543627227,country,LCN,Latin America & Caribbean
JAM,Jamaica,2018,25.9713701431493,country,LCN,Latin America & Caribbean
JAM,Jamaica,2019,25.6587762393926,country,LCN,Latin America & Caribbean
JAM,Jamaica,2020,27.0607630711258,country,LCN,Latin America & Caribbean
JAM,Jamaica,2021,27.3189914411288,country,LCN,Latin America & Caribbean
JAM,Jamaica,2022,28.2496057670647,country,LCN,Latin America & Caribbean
JAM,Jamaica,2023,26.8860867706775,country,LCN,Latin America & Caribbean
JOR,Jordan,1990,8.46619021440352,country,MEA,"Middle East, North Africa, Afghanistan & Pakistan"
JOR,Jordan,1991,9.04940923737916,country,MEA,"Middle East, North Africa, Afghanistan & Pakistan"
JOR,Jordan,1992,8.72908186341022,country,MEA,"Middle East, North Africa, Afghanistan & Pakistan"
JOR,Jordan,1993,8.90569208149548,country,MEA,"Middle East, North Africa, Afghanistan & Pakistan"
JOR,Jordan,1994,8.58944050433412,country,MEA,"Middle East, North Africa, Afghanistan & Pakistan"
JOR,Jordan,1995,9.4017094017094,country,MEA,"Middle East, North Africa, Afghanistan & Pakistan"
JOR,Jordan,1996,9.80521624298448,country,MEA,"Middle East, North Africa, Afghanistan & Pakistan"
JOR,Jordan,1997,10.169220945083,country,MEA,"Middle East, North Africa, Afghanistan & Pakistan"
JOR,Jordan,1998,10.3039288361749,country,MEA,"Middle East, North Africa, Afghanistan & Pakistan"
JOR,Jordan,1999,11.0577602033611,country,MEA,"Middle East, North Africa, Afghanistan & Pakistan"
JOR,Jordan,2000,10.9665175545615,country,MEA,"Middle East, North Africa, Afghanistan & Pakistan"
JOR,Jordan,2001,12.0015896145185,country,MEA,"Middle East, North Africa, Afghanistan & Pakistan"
JOR,Jordan,2002,12.3093949827841,country,MEA,"Middle East, North Africa, Afghanistan & Pakistan"
JOR,Jordan,2003,14.0855641731298,country,MEA,"Middle East, North Africa, Afghanistan & Pakistan"
JOR,Jordan,2004,12.2114419538307,country,MEA,"Middle East, North Africa, Afghanistan & Pakistan"
JOR,Jordan,2005,13.3726952558525,country,MEA,"Middle East, North Africa, Afghanistan & Pakistan"
JOR,Jordan,2006,13.6690647482014,country,MEA,"Middle East, North Africa, Afghanistan & Pakistan"
JOR,Jordan,2007,14.3747115828334,country,MEA,"Middle East, North Africa, Afghanistan & Pakistan"
JOR,Jordan,2008,14.0771787830611,country,MEA,"Middle East, North Africa, Afghanistan & Pakistan"
JOR,Jordan,2009,14.1816143497758,country,MEA,"Middle East, North Africa, Afghanistan & Pakistan"
JOR,Jordan,2010,13.4591961023142,country,MEA,"Middle East, North Africa, Afghanistan & Pakistan"
JOR,Jordan,2011,14.6641179683233,country,MEA,"Middle East, North Africa, Afghanistan & Pakistan"
JOR,Jordan,2012,10.6109906001446,country,MEA,"Middle East, North Africa, Afghanistan & Pakistan"
JOR,Jordan,2013,10.3586118996582,country,MEA,"Middle East, North Africa, Afghanistan & Pakistan"
JOR,Jordan,2014,10.7193693200482,country,MEA,"Middle East, North Africa, Afghanistan & Pakistan"
JOR,Jordan,2015,11.5208585406913,country,MEA,"Middle East, North Africa, Afghanistan & Pakistan"
JOR,Jordan,2016,10.4465466381853,country,MEA,"Middle East, North Africa, Afghanistan & Pakistan"
JOR,Jordan,2017,9.63245224773297,country,MEA,"Middle East, North Africa, Afghanistan & Pakistan"
JOR,Jordan,2018,10.1065135227998,country,MEA,"Middle East, North Africa, Afghanistan & Pakistan"
JOR,Jordan,2019,10.9589708605399,country,MEA,"Middle East, North Africa, Afghanistan & Pakistan"
JOR,Jordan,2020,10.9559924641322,country,MEA,"Middle East, North Africa, Afghanistan & Pakistan"
JOR,Jordan,2021,10.9551219055641,country,MEA,"Middle East, North Africa, Afghanistan & Pakistan"
JOR,Jordan,2022,10.958904109589,country,MEA,"Middle East, North Africa, Afghanistan & Pakistan"
JOR,Jordan,2023,10.9565436664705,country,MEA,"Middle East, North Africa, Afghanistan & Pakistan"
JPN,Japan,1990,4.68189549922876,country,EAS,East Asia & Pacific
JPN,Japan,1991,4.75696999177415,country,EAS,East Asia & Pacific
JPN,Japan,1992,4.7461360102265,country,EAS,East Asia & Pacific
JPN,Japan,1993,4.67753187605851,country,EAS,East Asia & Pacific
JPN,Japan,1994,4.58975645305471,country,EAS,East Asia & Pacific
JPN,Japan,1995,4.59762223287982,country,EAS,East Asia & Pacific
JPN,Japan,1996,4.40097557694932,country,EAS,East Asia & Pacific
JPN,Japan,1997,4.59444650072335,country,EAS,East Asia & Pacific
JPN,Japan,1998,4.65077942881967,country,EAS,East Asia & Pacific
JPN,Japan,1999,4.5247919101338,country,EAS,East Asia & Pacific
JPN,Japan,2000,4.39666232756764,country,EAS,East Asia & Pacific
JPN,Japan,2001,4.31813464200902,country,EAS,East Asia & Pacific
JPN,Japan,2002,4.64459360391139,country,EAS,East Asia & Pacific
JPN,Japan,2003,4.70167923186546,country,EAS,East Asia & Pacific
JPN,Japan,2004,4.48899868713716,country,EAS,East Asia & Pacific
JPN,Japan,2005,4.34599886728064,country,EAS,East Asia & Pacific
JPN,Japan,2006,4.31463550101647,country,EAS,East Asia & Pacific
JPN,Japan,2007,4.26744575050751,country,EAS,East Asia & Pacific
JPN,Japan,2008,4.43086745926904,country,EAS,East Asia & Pacific
JPN,Japan,2009,4.43228461699295,country,EAS,East Asia & Pacific
JPN,Japan,2010,4.02674934023418,country,EAS,East Asia & Pacific
JPN,Japan,2011,4.21646178417924,country,EAS,East Asia & Pacific
JPN,Japan,2012,3.93521867836567,country,EAS,East Asia & Pacific
JPN,Japan,2013,4.30365209956781,country,EAS,East Asia & Pacific
JPN,Japan,2014,4.02749185607205,country,EAS,East Asia & Pacific
JPN,Japan,2015,3.83387366145987,country,EAS,East Asia & Pacific
JPN,Japan,2016,4.25930578919986,country,EAS,East Asia & Pacific
JPN,Japan,2017,3.76099254223737,country,EAS,East Asia & Pacific
JPN,Japan,2018,4.21894259294843,country,EAS,East Asia & Pacific
JPN,Japan,2019,4.2458275921502,country,EAS,East Asia & Pacific
JPN,Japan,2020,4.54966981851082,country,EAS,East Asia & Pacific
JPN,Japan,2021,4.69564206767913,country,EAS,East Asia & Pacific
JPN,Japan,2022,4.09696967314841,country,EAS,East Asia & Pacific
JPN,Japan,2023,4.93403467617748,country,EAS,East Asia & Pacific
JPN,Japan,2024,4.93394555765672,country,EAS,East Asia & Pacific
KAZ,Kazakhstan,1990,9.36380594879776,country,ECS,Europe & Central Asia
KAZ,Kazakhstan,1991,10.076293263863,country,ECS,Europe & Central Asia
KAZ,Kazakhstan,1992,10.7024098862166,country,ECS,Europe & Central Asia
KAZ,Kazakhstan,1993,11.975104591705,country,ECS,Europe & Central Asia
KAZ,Kazakhstan,1994,14.4027591608055,country,ECS,Europe & Central Asia
KAZ,Kazakhstan,1995,15.2157933424341,country,ECS,Europe & Central Asia
KAZ,Kazakhstan,1996,15.20376706528,country,ECS,Europe & Central Asia
KAZ,Kazakhstan,1997,15.4557692307692,country,ECS,Europe & Central Asia
KAZ,Kazakhstan,1998,17.3242445823583,country,ECS,Europe & Central Asia
KAZ,Kazakhstan,1999,17.0912459471978,country,ECS,Europe & Central Asia
KAZ,Kazakhstan,2000,13.9642272620996,country,ECS,Europe & Central Asia
KAZ,Kazakhstan,2001,11.3829431732241,country,ECS,Europe & Central Asia
KAZ,Kazakhstan,2002,10.0425079702444,country,ECS,Europe & Central Asia
KAZ,Kazakhstan,2003,9.72035198697272,country,ECS,Europe & Central Asia
KAZ,Kazakhstan,2004,10.2143550675928,country,ECS,Europe & Central Asia
KAZ,Kazakhstan,2005,10.237740799151,country,ECS,Europe & Central Asia
KAZ,Kazakhstan,2006,9.28171706881393,country,ECS,Europe & Central Asia
KAZ,Kazakhstan,2007,9.38797357633359,country,ECS,Europe & Central Asia
KAZ,Kazakhstan,2008,8.85629987426395,country,ECS,Europe & Central Asia
KAZ,Kazakhstan,2009,8.2225892516834,country,ECS,Europe & Central Asia
KAZ,Kazakhstan,2010,8.02579677177359,country,ECS,Europe & Central Asia
KAZ,Kazakhstan,2011,7.35338276395722,country,ECS,Europe & Central Asia
KAZ,Kazakhstan,2012,7.69471109818245,country,ECS,Europe & Central Asia
KAZ,Kazakhstan,2013,10.8395983896784,country,ECS,Europe & Central Asia
KAZ,Kazakhstan,2014,7.43048998006505,country,ECS,Europe & Central Asia
KAZ,Kazakhstan,2015,5.63113558694848,country,ECS,Europe & Central Asia
KAZ,Kazakhstan,2016,5.640332442736,country,ECS,Europe & Central Asia
KAZ,Kazakhstan,2017,6.21148106515756,country,ECS,Europe & Central Asia
KAZ,Kazakhstan,2018,6.1038623099513,country,ECS,Europe & Central Asia
KAZ,Kazakhstan,2019,9.06462569121513,country,ECS,Europe & Central Asia
KAZ,Kazakhstan,2020,6.08350617729281,country,ECS,Europe & Central Asia
KAZ,Kazakhstan,2021,8.206607692174,country,ECS,Europe & Central Asia
KAZ,Kazakhstan,2022,8.26845850359307,country,ECS,Europe & Central Asia
KAZ,Kazakhstan,2023,9.72399524585112,country,ECS,Europe & Central Asia
KEN,Kenya,1990,15.0231839258114,country,SSF,Sub-Saharan Africa
KEN,Kenya,1991,14.7641234711706,country,SSF,Sub-Saharan Africa
KEN,Kenya,1992,14.8731408573928,country,SSF,Sub-Saharan Africa
KEN,Kenya,1993,15.6526548672566,country,SSF,Sub-Saharan Africa
KEN,Kenya,1994,15.5422015842666,country,SSF,Sub-Saharan Africa
KEN,Kenya,1995,18.2260024301337,country,SSF,Sub-Saharan Africa
KEN,Kenya,1996,17.7591817759182,country,SSF,Sub-Saharan Africa
KEN,Kenya,1997,21.0106382978723,country,SSF,Sub-Saharan Africa
KEN,Kenya,1998,20.3400774860095,country,SSF,Sub-Saharan Africa
KEN,Kenya,1999,21.5554057091481,country,SSF,Sub-Saharan Africa
KEN,Kenya,2000,21.6155572176515,country,SSF,Sub-Saharan Africa
KEN,Kenya,2001,20.9720372836218,country,SSF,Sub-Saharan Africa
KEN,Kenya,2002,22.5385273972603,country,SSF,Sub-Saharan Africa
KEN,Kenya,2003,18.8728439630967,country,SSF,Sub-Saharan Africa
KEN,Kenya,2004,17.9640718562874,country,SSF,Sub-Saharan Africa
KEN,Kenya,2005,17.9334500875657,country,SSF,Sub-Saharan Africa
KEN,Kenya,2006,18.1097157964309,country,SSF,Sub-Saharan Africa
KEN,Kenya,2007,17.095333436008,country,SSF,Sub-Saharan Africa
KEN,Kenya,2008,16.0447197461852,country,SSF,Sub-Saharan Africa
KEN,Kenya,2009,15.6918052256532,country,SSF,Sub-Saharan Africa
KEN,Kenya,2010,14.9224535419869,country,SSF,Sub-Saharan Africa
KEN,Kenya,2011,15.2810152810153,country,SSF,Sub-Saharan Africa
KEN,Kenya,2012,17.6006017299737,country,SSF,Sub-Saharan Africa
KEN,Kenya,2013,17.0793797732006,country,SSF,Sub-Saharan Africa
KEN,Kenya,2014,18.404174366779,country,SSF,Sub-Saharan Africa
KEN,Kenya,2015,16.8635103214542,country,SSF,Sub-Saharan Africa
KEN,Kenya,2016,19.1539136368067,country,SSF,Sub-Saharan Africa
KEN,Kenya,2017,18.7005213361653,country,SSF,Sub-Saharan Africa
KEN,Kenya,2018,21.6417249623661,country,SSF,Sub-Saharan Africa
KEN,Kenya,2019,23.7971616476289,country,SSF,Sub-Saharan Africa
KEN,Kenya,2020,23.8767650834403,country,SSF,Sub-Saharan Africa
KEN,Kenya,2021,22.8749191984486,country,SSF,Sub-Saharan Africa
KEN,Kenya,2022,22.8485270238924,country,SSF,Sub-Saharan Africa
KEN,Kenya,2023,24.159647327403,country,SSF,Sub-Saharan Africa
KEN,Kenya,2024,25.7594640909799,country,SSF,Sub-Saharan Africa
KGZ,Kyrgyz Republic,1990,6.9349097381134,country,ECS,Europe & Central Asia
KGZ,Kyrgyz Republic,1991,6.76122630708561,country,ECS,Europe & Central Asia
KGZ,Kyrgyz Republic,1992,7.97737326854739,country,ECS,Europe & Central Asia
KGZ,Kyrgyz Republic,1993,15.5767047935039,country,ECS,Europe & Central Asia
KGZ,Kyrgyz Republic,1994,16.4132345075266,country,ECS,Europe & Central Asia
KGZ,Kyrgyz Republic,1995,24.2002100105005,country,ECS,Europe & Central Asia
KGZ,Kyrgyz Republic,1996,29.0228240829042,country,ECS,Europe & Central Asia
KGZ,Kyrgyz Republic,1997,28.8134406720336,country,ECS,Europe & Central Asia
KGZ,Kyrgyz Republic,1998,30.6704134885588,country,ECS,Europe & Central Asia
KGZ,Kyrgyz Republic,1999,25.5960382030421,country,ECS,Europe & Central Asia
KGZ,Kyrgyz Republic,2000,25.3901279217735,country,ECS,Europe & Central Asia
KGZ,Kyrgyz Republic,2001,34.1991658740031,country,ECS,Europe & Central Asia
KGZ,Kyrgyz Republic,2002,37.1414192249622,country,ECS,Europe & Central Asia
KGZ,Kyrgyz Republic,2003,29.3844946865416,country,ECS,Europe & Central Asia
KGZ,Kyrgyz Republic,2004,30.2159698830989,country,ECS,Europe & Central Asia
KGZ,Kyrgyz Republic,2005,34.4839164596065,country,ECS,Europe & Central Asia
KGZ,Kyrgyz Republic,2006,32.1008056186738,country,ECS,Europe & Central Asia
KGZ,Kyrgyz Republic,2007,30.9035738368173,country,ECS,Europe & Central Asia
KGZ,Kyrgyz Republic,2008,31.3003647467979,country,ECS,Europe & Central Asia
KGZ,Kyrgyz Republic,2009,24.8849589461337,country,ECS,Europe & Central Asia
KGZ,Kyrgyz Republic,2010,24.0909090909091,country,ECS,Europe & Central Asia
KGZ,Kyrgyz Republic,2011,22.3578308483969,country,ECS,Europe & Central Asia
KGZ,Kyrgyz Republic,2012,22.1584915611814,country,ECS,Europe & Central Asia
KGZ,Kyrgyz Republic,2013,20.2769252729998,country,ECS,Europe & Central Asia
KGZ,Kyrgyz Republic,2014,23.7304419434532,country,ECS,Europe & Central Asia
KGZ,Kyrgyz Republic,2015,20.4758250191865,country,ECS,Europe & Central Asia
KGZ,Kyrgyz Republic,2016,20.0196048861409,country,ECS,Europe & Central Asia
KGZ,Kyrgyz Republic,2017,18.333011023013,country,ECS,Europe & Central Asia
KGZ,Kyrgyz Republic,2018,18.1256038647343,country,ECS,Europe & Central Asia
KGZ,Kyrgyz Republic,2019,16.6258683427059,country,ECS,Europe & Central Asia
KGZ,Kyrgyz Republic,2020,17.8135549207998,country,ECS,Europe & Central Asia
KGZ,Kyrgyz Republic,2021,18.0869335447219,country,ECS,Europe & Central Asia
KGZ,Kyrgyz Republic,2022,17.2021322575998,country,ECS,Europe & Central Asia
KGZ,Kyrgyz Republic,2023,18.2918918918919,country,ECS,Europe & Central Asia
KHM,Cambodia,1995,27.2727272727273,country,EAS,East Asia & Pacific
KHM,Cambodia,1996,12.3505976095618,country,EAS,East Asia & Pacific
KHM,Cambodia,1997,13.8364779874214,country,EAS,East Asia & Pacific
KHM,Cambodia,1998,18.4696569920844,country,EAS,East Asia & Pacific
KHM,Cambodia,1999,11.1386138613861,country,EAS,East Asia & Pacific
KHM,Cambodia,2000,11.1607142857143,country,EAS,East Asia & Pacific
KHM,Cambodia,2001,11.0019646365422,country,EAS,East Asia & Pacific
KHM,Cambodia,2002,13.5989010989011,country,EAS,East Asia & Pacific
KHM,Cambodia,2003,14.9410222804718,country,EAS,East Asia & Pacific
KHM,Cambodia,2004,12.760736196319,country,EAS,East Asia & Pacific
KHM,Cambodia,2005,11.0995850622407,country,EAS,East Asia & Pacific
KHM,Cambodia,2006,12.0441051738762,country,EAS,East Asia & Pacific
KHM,Cambodia,2007,14.4772117962466,country,EAS,East Asia & Pacific
KHM,Cambodia,2008,11.0661268556005,country,EAS,East Asia & Pacific
KHM,Cambodia,2009,14.0600315955766,country,EAS,East Asia & Pacific
KHM,Cambodia,2010,28.1496062992126,country,EAS,East Asia & Pacific
KHM,Cambodia,2011,27.8982092365693,country,EAS,East Asia & Pacific
KHM,Cambodia,2012,17.7386594448206,country,EAS,East Asia & Pacific
KHM,Cambodia,2013,27.2231314784506,country,EAS,East Asia & Pacific
KHM,Cambodia,2014,22.6111636707663,country,EAS,East Asia & Pacific
KHM,Cambodia,2015,17.49837977965,country,EAS,East Asia & Pacific
KHM,Cambodia,2016,16.0963026655202,country,EAS,East Asia & Pacific
KHM,Cambodia,2017,19.2652588949957,country,EAS,East Asia & Pacific
KHM,Cambodia,2018,12.7754336615096,country,EAS,East Asia & Pacific
KHM,Cambodia,2019,15.0725922642137,country,EAS,East Asia & Pacific
KHM,Cambodia,2020,12.1358689677916,country,EAS,East Asia & Pacific
KHM,Cambodia,2021,12.5232546754137,country,EAS,East Asia & Pacific
KHM,Cambodia,2022,13.6444736594985,country,EAS,East Asia & Pacific
KHM,Cambodia,2023,11.5865384615385,country,EAS,East Asia & Pacific
KOR,"Korea, Rep.",1990,3.32744108515062,country,EAS,East Asia & Pacific
KOR,"Korea, Rep.",1991,2.27928303459775,country,EAS,East Asia & Pacific
KOR,"Korea, Rep.",1992,1.88132064247472,country,EAS,East Asia & Pacific
KOR,"Korea, Rep.",1993,5.44478119848992,country,EAS,East Asia & Pacific
KOR,"Korea, Rep.",1994,4.38243039548619,country,EAS,East Asia & Pacific
KOR,"Korea, Rep.",1995,4.72567080496596,country,EAS,East Asia & Pacific
KOR,"Korea, Rep.",1996,5.04267841883419,country,EAS,East Asia & Pacific
KOR,"Korea, Rep.",1997,4.82941508701331,country,EAS,East Asia & Pacific
KOR,"Korea, Rep.",1998,5.73569388920617,country,EAS,East Asia & Pacific
KOR,"Korea, Rep.",1999,4.17433703169312,country,EAS,East Asia & Pacific
KOR,"Korea, Rep.",2000,4.30659080296768,country,EAS,East Asia & Pacific
KOR,"Korea, Rep.",2001,3.91461369792338,country,EAS,East Asia & Pacific
KOR,"Korea, Rep.",2002,4.25018111567254,country,EAS,East Asia & Pacific
KOR,"Korea, Rep.",2003,3.18808916939758,country,EAS,East Asia & Pacific
KOR,"Korea, Rep.",2004,3.45367475961409,country,EAS,East Asia & Pacific
KOR,"Korea, Rep.",2005,4.03223932091863,country,EAS,East Asia & Pacific
KOR,"Korea, Rep.",2006,3.59511515853553,country,EAS,East Asia & Pacific
KOR,"Korea, Rep.",2007,3.78007804032083,country,EAS,East Asia & Pacific
KOR,"Korea, Rep.",2008,3.80554977978565,country,EAS,East Asia & Pacific
KOR,"Korea, Rep.",2009,3.84276934217582,country,EAS,East Asia & Pacific
KOR,"Korea, Rep.",2010,3.79602421507296,country,EAS,East Asia & Pacific
KOR,"Korea, Rep.",2011,3.31397172761928,country,EAS,East Asia & Pacific
KOR,"Korea, Rep.",2012,3.22980136656219,country,EAS,East Asia & Pacific
KOR,"Korea, Rep.",2013,3.40058985654748,country,EAS,East Asia & Pacific
KOR,"Korea, Rep.",2014,3.38601706537774,country,EAS,East Asia & Pacific
KOR,"Korea, Rep.",2015,3.26880211193088,country,EAS,East Asia & Pacific
KOR,"Korea, Rep.",2016,3.28786139512534,country,EAS,East Asia & Pacific
KOR,"Korea, Rep.",2017,3.27293186065915,country,EAS,East Asia & Pacific
KOR,"Korea, Rep.",2018,3.06128633625494,country,EAS,East Asia & Pacific
KOR,"Korea, Rep.",2019,3.24523931931959,country,EAS,East Asia & Pacific
KOR,"Korea, Rep.",2020,3.13159989431755,country,EAS,East Asia & Pacific
KOR,"Korea, Rep.",2021,3.10047327549742,country,EAS,East Asia & Pacific
KOR,"Korea, Rep.",2022,3.20366022862026,country,EAS,East Asia & Pacific
KOR,"Korea, Rep.",2023,3.24438949704021,country,EAS,East Asia & Pacific
KOR,"Korea, Rep.",2024,3.28740147756891,country,EAS,East Asia & Pacific
KWT,Kuwait,1990,6.74893110353412,country,MEA,"Middle East, North Africa, Afghanistan & Pakistan"
KWT,Kuwait,1991,6.40074211502783,country,MEA,"Middle East, North Africa, Afghanistan & Pakistan"
KWT,Kuwait,1992,5.99940775836541,country,MEA,"Middle East, North Africa, Afghanistan & Pakistan"
KWT,Kuwait,1993,5.40192288631182,country,MEA,"Middle East, North Africa, Afghanistan & Pakistan"
KWT,Kuwait,1994,8.11332339268485,country,MEA,"Middle East, North Africa, Afghanistan & Pakistan"
KWT,Kuwait,1995,11.0015174506829,country,MEA,"Middle East, North Africa, Afghanistan & Pakistan"
KWT,Kuwait,1996,10.9990186457311,country,MEA,"Middle East, North Africa, Afghanistan & Pakistan"
KWT,Kuwait,1997,11.001347103727,country,MEA,"Middle East, North Africa, Afghanistan & Pakistan"
KWT,Kuwait,1998,10.9991995731057,country,MEA,"Middle East, North Africa, Afghanistan & Pakistan"
KWT,Kuwait,1999,10.9988598935901,country,MEA,"Middle East, North Africa, Afghanistan & Pakistan"
KWT,Kuwait,2000,11.0014540729511,country,MEA,"Middle East, North Africa, Afghanistan & Pakistan"
KWT,Kuwait,2001,11.0003207090586,country,MEA,"Middle East, North Africa, Afghanistan & Pakistan"
KWT,Kuwait,2002,11.000495022276,country,MEA,"Middle East, North Africa, Afghanistan & Pakistan"
KWT,Kuwait,2003,11.0013738756254,country,MEA,"Middle East, North Africa, Afghanistan & Pakistan"
KWT,Kuwait,2004,11.0017693967084,country,MEA,"Middle East, North Africa, Afghanistan & Pakistan"
KWT,Kuwait,2005,11.0097407051722,country,MEA,"Middle East, North Africa, Afghanistan & Pakistan"
KWT,Kuwait,2006,10.7299653397752,country,MEA,"Middle East, North Africa, Afghanistan & Pakistan"
KWT,Kuwait,2007,11.1149854370923,country,MEA,"Middle East, North Africa, Afghanistan & Pakistan"
KWT,Kuwait,2008,11.1093934182303,country,MEA,"Middle East, North Africa, Afghanistan & Pakistan"
KWT,Kuwait,2009,11.46083884546,country,MEA,"Middle East, North Africa, Afghanistan & Pakistan"
KWT,Kuwait,2010,11.3363231841912,country,MEA,"Middle East, North Africa, Afghanistan & Pakistan"
KWT,Kuwait,2011,11.9414148793682,country,MEA,"Middle East, North Africa, Afghanistan & Pakistan"
KWT,Kuwait,2012,11.9160981036993,country,MEA,"Middle East, North Africa, Afghanistan & Pakistan"
KWT,Kuwait,2013,12.6709520842216,country,MEA,"Middle East, North Africa, Afghanistan & Pakistan"
KWT,Kuwait,2014,8.83328216149831,country,MEA,"Middle East, North Africa, Afghanistan & Pakistan"
KWT,Kuwait,2015,8.84635660731022,country,MEA,"Middle East, North Africa, Afghanistan & Pakistan"
KWT,Kuwait,2016,8.83498608832132,country,MEA,"Middle East, North Africa, Afghanistan & Pakistan"
KWT,Kuwait,2017,8.91080947408914,country,MEA,"Middle East, North Africa, Afghanistan & Pakistan"
KWT,Kuwait,2018,8.87683359648057,country,MEA,"Middle East, North Africa, Afghanistan & Pakistan"
KWT,Kuwait,2019,8.92621651503243,country,MEA,"Middle East, North Africa, Afghanistan & Pakistan"
KWT,Kuwait,2020,8.87554176253411,country,MEA,"Middle East, North Africa, Afghanistan & Pakistan"
KWT,Kuwait,2021,8.94022109159332,country,MEA,"Middle East, North Africa, Afghanistan & Pakistan"
KWT,Kuwait,2022,8.96653260557311,country,MEA,"Middle East, North Africa, Afghanistan & Pakistan"
KWT,Kuwait,2023,9.03689060067942,country,MEA,"Middle East, North Africa, Afghanistan & Pakistan"
LAO,Lao PDR,2000,5.41012216404887,country,EAS,East Asia & Pacific
LAO,Lao PDR,2001,7.00602079912425,country,EAS,East Asia & Pacific
LAO,Lao PDR,2002,6.65926748057714,country,EAS,East Asia & Pacific
LAO,Lao PDR,2003,7.52045311516677,country,EAS,East Asia & Pacific
LAO,Lao PDR,2004,8.90083632019116,country,EAS,East Asia & Pacific
LAO,Lao PDR,2005,9.20490168139071,country,EAS,East Asia & Pacific
LAO,Lao PDR,2006,9.26286509040334,country,EAS,East Asia & Pacific
LAO,Lao PDR,2007,24.0071132187315,country,EAS,East Asia & Pacific
LAO,Lao PDR,2008,8.87812752219532,country,EAS,East Asia & Pacific
LAO,Lao PDR,2009,10.7546048722519,country,EAS,East Asia & Pacific
LAO,Lao PDR,2010,6.75819623624098,country,EAS,East Asia & Pacific
LAO,Lao PDR,2011,5.00424088210348,country,EAS,East Asia & Pacific
LAO,Lao PDR,2012,7.26047330933599,country,EAS,East Asia & Pacific
LAO,Lao PDR,2013,5.84746309070982,country,EAS,East Asia & Pacific
LAO,Lao PDR,2014,7.24011521340665,country,EAS,East Asia & Pacific
LAO,Lao PDR,2015,15.73233562316,country,EAS,East Asia & Pacific
LAO,Lao PDR,2016,5.36361157636427,country,EAS,East Asia & Pacific
LAO,Lao PDR,2017,4.29086461082856,country,EAS,East Asia & Pacific
LAO,Lao PDR,2018,4.35616517973904,country,EAS,East Asia & Pacific
LAO,Lao PDR,2019,5.41717359287955,country,EAS,East Asia & Pacific
LAO,Lao PDR,2020,3.98799099324493,country,EAS,East Asia & Pacific
LAO,Lao PDR,2021,4.2745508382127,country,EAS,East Asia & Pacific
LAO,Lao PDR,2022,4.67932514255482,country,EAS,East Asia & Pacific
LAO,Lao PDR,2023,6.23460410557185,country,EAS,East Asia & Pacific
LBN,Lebanon,1990,6.66666666666667,country,MEA,"Middle East, North Africa, Afghanistan & Pakistan"
LBN,Lebanon,1991,6.66666666666667,country,MEA,"Middle East, North Africa, Afghanistan & Pakistan"
LBN,Lebanon,1992,10.6072659771944,country,MEA,"Middle East, North Africa, Afghanistan & Pakistan"
LBN,Lebanon,1993,11.5967885816235,country,MEA,"Middle East, North Africa, Afghanistan & Pakistan"
LBN,Lebanon,1994,15.0077160493827,country,MEA,"Middle East, North Africa, Afghanistan & Pakistan"
LBN,Lebanon,1995,16.0122581880866,country,MEA,"Middle East, North Africa, Afghanistan & Pakistan"
LBN,Lebanon,1996,16.4656904966982,country,MEA,"Middle East, North Africa, Afghanistan & Pakistan"
LBN,Lebanon,1997,16.3832335329341,country,MEA,"Middle East, North Africa, Afghanistan & Pakistan"
LBN,Lebanon,1998,12.4561727255951,country,MEA,"Middle East, North Africa, Afghanistan & Pakistan"
LBN,Lebanon,1999,12.3496172074371,country,MEA,"Middle East, North Africa, Afghanistan & Pakistan"
LBN,Lebanon,2000,13.9715525068092,country,MEA,"Middle East, North Africa, Afghanistan & Pakistan"
LBN,Lebanon,2001,14.2813918305598,country,MEA,"Middle East, North Africa, Afghanistan & Pakistan"
LBN,Lebanon,2002,13.2725694444444,country,MEA,"Middle East, North Africa, Afghanistan & Pakistan"
LBN,Lebanon,2003,12.3545490042952,country,MEA,"Middle East, North Africa, Afghanistan & Pakistan"
LBN,Lebanon,2004,13.742406902016,country,MEA,"Middle East, North Africa, Afghanistan & Pakistan"
LBN,Lebanon,2005,13.5282584604893,country,MEA,"Middle East, North Africa, Afghanistan & Pakistan"
LBN,Lebanon,2006,13.5156594618438,country,MEA,"Middle East, North Africa, Afghanistan & Pakistan"
LBN,Lebanon,2007,14.9612256478154,country,MEA,"Middle East, North Africa, Afghanistan & Pakistan"
LBN,Lebanon,2008,13.4768291703478,country,MEA,"Middle East, North Africa, Afghanistan & Pakistan"
LBN,Lebanon,2009,13.7827426810478,country,MEA,"Middle East, North Africa, Afghanistan & Pakistan"
LBN,Lebanon,2010,11.8908258048098,country,MEA,"Middle East, North Africa, Afghanistan & Pakistan"
LBN,Lebanon,2011,11.455203286932,country,MEA,"Middle East, North Africa, Afghanistan & Pakistan"
LBN,Lebanon,2012,9.88403533016884,country,MEA,"Middle East, North Africa, Afghanistan & Pakistan"
LBN,Lebanon,2013,9.80580452411438,country,MEA,"Middle East, North Africa, Afghanistan & Pakistan"
LBN,Lebanon,2014,10.4490068435987,country,MEA,"Middle East, North Africa, Afghanistan & Pakistan"
LBN,Lebanon,2015,10.0724054706356,country,MEA,"Middle East, North Africa, Afghanistan & Pakistan"
LBN,Lebanon,2016,10.1453009068425,country,MEA,"Middle East, North Africa, Afghanistan & Pakistan"
LBN,Lebanon,2017,10.6100546036528,country,MEA,"Middle East, North Africa, Afghanistan & Pakistan"
LBN,Lebanon,2018,10.7598212185368,country,MEA,"Middle East, North Africa, Afghanistan & Pakistan"
LBN,Lebanon,2019,10.2742264220863,country,MEA,"Middle East, North Africa, Afghanistan & Pakistan"
LBN,Lebanon,2020,10.2737096154901,country,MEA,"Middle East, North Africa, Afghanistan & Pakistan"
LBN,Lebanon,2021,10.6269409937888,country,MEA,"Middle East, North Africa, Afghanistan & Pakistan"
LBN,Lebanon,2022,9.76228940687745,country,MEA,"Middle East, North Africa, Afghanistan & Pakistan"
LBN,Lebanon,2023,9.64377406931964,country,MEA,"Middle East, North Africa, Afghanistan & Pakistan"
LBY,Libya,1990,31.2026747959485,country,MEA,"Middle East, North Africa, Afghanistan & Pakistan"
LBY,Libya,1991,27.9827915869981,country,MEA,"Middle East, North Africa, Afghanistan & Pakistan"
LBY,Libya,1992,24.2215819314063,country,MEA,"Middle East, North Africa, Afghanistan & Pakistan"
LBY,Libya,1993,24.1689445375187,country,MEA,"Middle East, North Africa, Afghanistan & Pakistan"
LBY,Libya,1994,24.390452562238,country,MEA,"Middle East, North Africa, Afghanistan & Pakistan"
LBY,Libya,1995,23.2413491020587,country,MEA,"Middle East, North Africa, Afghanistan & Pakistan"
LBY,Libya,1996,25.5088532186,country,MEA,"Middle East, North Africa, Afghanistan & Pakistan"
LBY,Libya,1997,26.8858954041204,country,MEA,"Middle East, North Africa, Afghanistan & Pakistan"
LBY,Libya,1998,19.441159077469,country,MEA,"Middle East, North Africa, Afghanistan & Pakistan"
LBY,Libya,1999,20.2887485250226,country,MEA,"Middle East, North Africa, Afghanistan & Pakistan"
LBY,Libya,2000,23.1801755291688,country,MEA,"Middle East, North Africa, Afghanistan & Pakistan"
LBY,Libya,2001,23.7911985599901,country,MEA,"Middle East, North Africa, Afghanistan & Pakistan"
LBY,Libya,2002,12.5377902002168,country,MEA,"Middle East, North Africa, Afghanistan & Pakistan"
LBY,Libya,2003,12.5376128385155,country,MEA,"Middle East, North Africa, Afghanistan & Pakistan"
LBY,Libya,2004,12.5351348685833,country,MEA,"Middle East, North Africa, Afghanistan & Pakistan"
LBY,Libya,2005,12.5352858151023,country,MEA,"Middle East, North Africa, Afghanistan & Pakistan"
LBY,Libya,2006,9.94586733457219,country,MEA,"Middle East, North Africa, Afghanistan & Pakistan"
LBY,Libya,2007,13.5168102462453,country,MEA,"Middle East, North Africa, Afghanistan & Pakistan"
LBY,Libya,2008,33.119374869183,country,MEA,"Middle East, North Africa, Afghanistan & Pakistan"
LBY,Libya,2009,36.4435518388042,country,MEA,"Middle East, North Africa, Afghanistan & Pakistan"
LBY,Libya,2010,35.7546532342281,country,MEA,"Middle East, North Africa, Afghanistan & Pakistan"
LBY,Libya,2011,31.5281356975268,country,MEA,"Middle East, North Africa, Afghanistan & Pakistan"
LBY,Libya,2012,19.0255288110868,country,MEA,"Middle East, North Africa, Afghanistan & Pakistan"
LBY,Libya,2013,19.0304117321235,country,MEA,"Middle East, North Africa, Afghanistan & Pakistan"
LBY,Libya,2014,19.0453473271315,country,MEA,"Middle East, North Africa, Afghanistan & Pakistan"
LBY,Libya,2015,18.9997600703794,country,MEA,"Middle East, North Africa, Afghanistan & Pakistan"
LBY,Libya,2016,20.1368555060471,country,MEA,"Middle East, North Africa, Afghanistan & Pakistan"
LBY,Libya,2017,20.0805264264896,country,MEA,"Middle East, North Africa, Afghanistan & Pakistan"
LBY,Libya,2018,20.1691492786281,country,MEA,"Middle East, North Africa, Afghanistan & Pakistan"
LBY,Libya,2019,20.168649647684,country,MEA,"Middle East, North Africa, Afghanistan & Pakistan"
LBY,Libya,2020,20.1701752601783,country,MEA,"Middle East, North Africa, Afghanistan & Pakistan"
LBY,Libya,2021,20.1696133390829,country,MEA,"Middle East, North Africa, Afghanistan & Pakistan"
LBY,Libya,2022,20.1703412522076,country,MEA,"Middle East, North Africa, Afghanistan & Pakistan"
LBY,Libya,2023,20.1683162448883,country,MEA,"Middle East, North Africa, Afghanistan & Pakistan"
LKA,Sri Lanka,1990,16.6984126984127,country,SAS,South Asia
LKA,Sri Lanka,1991,18.1225940183595,country,SAS,South Asia
LKA,Sri Lanka,1992,16.7796610169492,country,SAS,South Asia
LKA,Sri Lanka,1993,17.7682834883136,country,SAS,South Asia
LKA,Sri Lanka,1994,17.6430362434465,country,SAS,South Asia
LKA,Sri Lanka,1995,18.0341524364848,country,SAS,South Asia
LKA,Sri Lanka,1996,17.0860927152318,country,SAS,South Asia
LKA,Sri Lanka,1997,17.4927113702624,country,SAS,South Asia
LKA,Sri Lanka,1998,18.5993313390815,country,SAS,South Asia
LKA,Sri Lanka,1999,20.617723156533,country,SAS,South Asia
LKA,Sri Lanka,2000,20.9594517418618,country,SAS,South Asia
LKA,Sri Lanka,2001,18.8910190237428,country,SAS,South Asia
LKA,Sri Lanka,2002,18.4704388316636,country,SAS,South Asia
LKA,Sri Lanka,2003,18.7143597719025,country,SAS,South Asia
LKA,Sri Lanka,2004,16.5755919854281,country,SAS,South Asia
LKA,Sri Lanka,2005,16.1304161304161,country,SAS,South Asia
LKA,Sri Lanka,2006,16.4315789473684,country,SAS,South Asia
LKA,Sri Lanka,2007,15.7660842339158,country,SAS,South Asia
LKA,Sri Lanka,2008,14.8325837081459,country,SAS,South Asia
LKA,Sri Lanka,2009,14.3300620869217,country,SAS,South Asia
LKA,Sri Lanka,2010,13.7672437737247,country,SAS,South Asia
LKA,Sri Lanka,2011,12.1375879224567,country,SAS,South Asia
LKA,Sri Lanka,2012,10.0159650449542,country,SAS,South Asia
LKA,Sri Lanka,2013,9.98918739083423,country,SAS,South Asia
LKA,Sri Lanka,2014,11.4437043575957,country,SAS,South Asia
LKA,Sri Lanka,2015,7.01714459110909,country,SAS,South Asia
LKA,Sri Lanka,2016,6.97983758050966,country,SAS,South Asia
LKA,Sri Lanka,2017,5.46379492600423,country,SAS,South Asia
LKA,Sri Lanka,2018,9.05521946196422,country,SAS,South Asia
LKA,Sri Lanka,2019,8.47290031518448,country,SAS,South Asia
LKA,Sri Lanka,2020,9.13397303534556,country,SAS,South Asia
LKA,Sri Lanka,2021,9.26202226558017,country,SAS,South Asia
LKA,Sri Lanka,2022,8.77642937570374,country,SAS,South Asia
LKA,Sri Lanka,2023,9.21759140884684,country,SAS,South Asia
LTU,Lithuania,1990,5.46382679105791,country,ECS,Europe & Central Asia
LTU,Lithuania,1991,5.83727820726765,country,ECS,Europe & Central Asia
LTU,Lithuania,1992,9.01266905436468,country,ECS,Europe & Central Asia
LTU,Lithuania,1993,15.6079597762198,country,ECS,Europe & Central Asia
LTU,Lithuania,1994,19.7684861790241,country,ECS,Europe & Central Asia
LTU,Lithuania,1995,14.4470825239226,country,ECS,Europe & Central Asia
LTU,Lithuania,1996,10.5902674370123,country,ECS,Europe & Central Asia
LTU,Lithuania,1997,10.664782667205,country,ECS,Europe & Central Asia
LTU,Lithuania,1998,8.6155067778345,country,ECS,Europe & Central Asia
LTU,Lithuania,1999,9.82565011820331,country,ECS,Europe & Central Asia
LTU,Lithuania,2000,11.2122538293217,country,ECS,Europe & Central Asia
LTU,Lithuania,2001,9.60846848069485,country,ECS,Europe & Central Asia
LTU,Lithuania,2002,8.04694994639129,country,ECS,Europe & Central Asia
LTU,Lithuania,2003,7.2506157635468,country,ECS,Europe & Central Asia
LTU,Lithuania,2004,6.65663588253606,country,ECS,Europe & Central Asia
LTU,Lithuania,2005,8.31304112554112,country,ECS,Europe & Central Asia
LTU,Lithuania,2006,8.72456337125461,country,ECS,Europe & Central Asia
LTU,Lithuania,2007,7.98172342400228,country,ECS,Europe & Central Asia
LTU,Lithuania,2008,7.29533529792281,country,ECS,Europe & Central Asia
LTU,Lithuania,2009,6.30941528844902,country,ECS,Europe & Central Asia
LTU,Lithuania,2010,17.2029918246652,country,ECS,Europe & Central Asia
LTU,Lithuania,2011,18.0837826627955,country,ECS,Europe & Central Asia
LTU,Lithuania,2012,17.509418996629,country,ECS,Europe & Central Asia
LTU,Lithuania,2013,18.3116337673247,country,ECS,Europe & Central Asia
LTU,Lithuania,2014,18.5353650216056,country,ECS,Europe & Central Asia
LTU,Lithuania,2015,16.0754105007095,country,ECS,Europe & Central Asia
LTU,Lithuania,2016,21.2611345522738,country,ECS,Europe & Central Asia
LTU,Lithuania,2017,21.8294721757822,country,ECS,Europe & Central Asia
LTU,Lithuania,2018,26.6021076616349,country,ECS,Europe & Central Asia
LTU,Lithuania,2019,22.3117602618988,country,ECS,Europe & Central Asia
LTU,Lithuania,2020,17.2376291462752,country,ECS,Europe & Central Asia
LTU,Lithuania,2021,18.2355257975581,country,ECS,Europe & Central Asia
LTU,Lithuania,2022,17.6667363579344,country,ECS,Europe & Central Asia
LTU,Lithuania,2023,14.0347942455671,country,ECS,Europe & Central Asia
LTU,Lithuania,2024,10.1717958225188,country,ECS,Europe & Central Asia
LUX,Luxembourg,1990,6.5359477124183,country,ECS,Europe & Central Asia
LUX,Luxembourg,1991,7.70318021201413,country,ECS,Europe & Central Asia
LUX,Luxembourg,1992,8.84808013355593,country,ECS,Europe & Central Asia
LUX,Luxembourg,1993,9.09090909090909,country,ECS,Europe & Central Asia
LUX,Luxembourg,1994,8.36965998256321,country,ECS,Europe & Central Asia
LUX,Luxembourg,1995,11.0569105691057,country,ECS,Europe & Central Asia
LUX,Luxembourg,1996,7.96178343949045,country,ECS,Europe & Central Asia
LUX,Luxembourg,1997,7.77777777777778,country,ECS,Europe & Central Asia
LUX,Luxembourg,1998,11.042471042471,country,ECS,Europe & Central Asia
LUX,Luxembourg,1999,12.3287671232877,country,ECS,Europe & Central Asia
LUX,Luxembourg,2000,3.43053173241853,country,ECS,Europe & Central Asia
LUX,Luxembourg,2001,2.46761258482418,country,ECS,Europe & Central Asia
LUX,Luxembourg,2002,1.08166576527853,country,ECS,Europe & Central Asia
LUX,Luxembourg,2003,1.10466721900028,country,ECS,Europe & Central Asia
LUX,Luxembourg,2004,0.943852855759923,country,ECS,Europe & Central Asia
LUX,Luxembourg,2005,2.80939694841366,country,ECS,Europe & Central Asia
LUX,Luxembourg,2006,2.63097161320102,country,ECS,Europe & Central Asia
LUX,Luxembourg,2007,2.84928767808048,country,ECS,Europe & Central Asia
LUX,Luxembourg,2008,3.28928872645488,country,ECS,Europe & Central Asia
LUX,Luxembourg,2009,2.99123259412068,country,ECS,Europe & Central Asia
LUX,Luxembourg,2010,2.89697233718144,country,ECS,Europe & Central Asia
LUX,Luxembourg,2011,4.44025834230355,country,ECS,Europe & Central Asia
LUX,Luxembourg,2012,4.0356394129979,country,ECS,Europe & Central Asia
LUX,Luxembourg,2013,5.29595015576324,country,ECS,Europe & Central Asia
LUX,Luxembourg,2014,5.12820512820513,country,ECS,Europe & Central Asia
LUX,Luxembourg,2015,5.67606652205351,country,ECS,Europe & Central Asia
LUX,Luxembourg,2016,7.14610832954028,country,ECS,Europe & Central Asia
LUX,Luxembourg,2017,6.93512304250559,country,ECS,Europe & Central Asia
LUX,Luxembourg,2018,7.04865848112779,country,ECS,Europe & Central Asia
LUX,Luxembourg,2019,8.12368972746331,country,ECS,Europe & Central Asia
LUX,Luxembourg,2020,6.53536257833483,country,ECS,Europe & Central Asia
LUX,Luxembourg,2021,6.9683257918552,country,ECS,Europe & Central Asia
LUX,Luxembourg,2022,6.56966490299824,country,ECS,Europe & Central Asia
LUX,Luxembourg,2023,4.63654223968566,country,ECS,Europe & Central Asia
LUX,Luxembourg,2024,3.50109409190372,country,ECS,Europe & Central Asia
LVA,Latvia,1990,17.8399518652226,country,ECS,Europe & Central Asia
LVA,Latvia,1991,20.5705173635719,country,ECS,Europe & Central Asia
LVA,Latvia,1992,26.4214919144497,country,ECS,Europe & Central Asia
LVA,Latvia,1993,29.9694189602446,country,ECS,Europe & Central Asia
LVA,Latvia,1994,28.9189189189189,country,ECS,Europe & Central Asia
LVA,Latvia,1995,31.9678311133451,country,ECS,Europe & Central Asia
LVA,Latvia,1996,46.5770953294946,country,ECS,Europe & Central Asia
LVA,Latvia,1997,29.4274300932091,country,ECS,Europe & Central Asia
LVA,Latvia,1998,20.5968604450578,country,ECS,Europe & Central Asia
LVA,Latvia,1999,27.007299270073,country,ECS,Europe & Central Asia
LVA,Latvia,2000,23.9845261121857,country,ECS,Europe & Central Asia
LVA,Latvia,2001,23.1308411214953,country,ECS,Europe & Central Asia
LVA,Latvia,2002,24.9811320754717,country,ECS,Europe & Central Asia
LVA,Latvia,2003,22.6918238993711,country,ECS,Europe & Central Asia
LVA,Latvia,2004,18.8739603326935,country,ECS,Europe & Central Asia
LVA,Latvia,2005,17.0403587443946,country,ECS,Europe & Central Asia
LVA,Latvia,2006,16.7245961970967,country,ECS,Europe & Central Asia
LVA,Latvia,2007,16.7260532383148,country,ECS,Europe & Central Asia
LVA,Latvia,2008,15.1308304891923,country,ECS,Europe & Central Asia
LVA,Latvia,2009,13.3057999640869,country,ECS,Europe & Central Asia
LVA,Latvia,2010,10.9250037724461,country,ECS,Europe & Central Asia
LVA,Latvia,2011,10.0935499753816,country,ECS,Europe & Central Asia
LVA,Latvia,2012,9.06437489865413,country,ECS,Europe & Central Asia
LVA,Latvia,2013,9.24464487034949,country,ECS,Europe & Central Asia
LVA,Latvia,2014,9.04845300642148,country,ECS,Europe & Central Asia
LVA,Latvia,2015,8.13302006144949,country,ECS,Europe & Central Asia
LVA,Latvia,2016,7.39414694894147,country,ECS,Europe & Central Asia
LVA,Latvia,2017,6.29398486256805,country,ECS,Europe & Central Asia
LVA,Latvia,2018,6.6627007733492,country,ECS,Europe & Central Asia
LVA,Latvia,2019,6.63249456352905,country,ECS,Europe & Central Asia
LVA,Latvia,2020,6.58630328441649,country,ECS,Europe & Central Asia
LVA,Latvia,2021,6.58569962367431,country,ECS,Europe & Central Asia
LVA,Latvia,2022,7.17693836978131,country,ECS,Europe & Central Asia
LVA,Latvia,2023,5.91827148896195,country,ECS,Europe & Central Asia
LVA,Latvia,2024,5.75858250276855,country,ECS,Europe & Central Asia
MAR,Morocco,1990,8.52721229746573,country,MEA,"Middle East, North Africa, Afghanistan & Pakistan"
MAR,Morocco,1991,5.00814774579033,country,MEA,"Middle East, North Africa, Afghanistan & Pakistan"
MAR,Morocco,1992,3.21020681140035,country,MEA,"Middle East, North Africa, Afghanistan & Pakistan"
MAR,Morocco,1993,4.23814328960646,country,MEA,"Middle East, North Africa, Afghanistan & Pakistan"
MAR,Morocco,1994,9.07585004359198,country,MEA,"Middle East, North Africa, Afghanistan & Pakistan"
MAR,Morocco,1995,5.73106185908038,country,MEA,"Middle East, North Africa, Afghanistan & Pakistan"
MAR,Morocco,1996,6.26894241505822,country,MEA,"Middle East, North Africa, Afghanistan & Pakistan"
MAR,Morocco,1997,8.77657617891562,country,MEA,"Middle East, North Africa, Afghanistan & Pakistan"
MAR,Morocco,1998,1.49599012954966,country,MEA,"Middle East, North Africa, Afghanistan & Pakistan"
MAR,Morocco,1999,14.0364482357503,country,MEA,"Middle East, North Africa, Afghanistan & Pakistan"
MAR,Morocco,2000,8.4039493119801,country,MEA,"Middle East, North Africa, Afghanistan & Pakistan"
MAR,Morocco,2001,8.62687757543533,country,MEA,"Middle East, North Africa, Afghanistan & Pakistan"
MAR,Morocco,2002,5.37577945520184,country,MEA,"Middle East, North Africa, Afghanistan & Pakistan"
MAR,Morocco,2003,4.05356496561708,country,MEA,"Middle East, North Africa, Afghanistan & Pakistan"
MAR,Morocco,2004,13.8983242753623,country,MEA,"Middle East, North Africa, Afghanistan & Pakistan"
MAR,Morocco,2005,13.7971043737073,country,MEA,"Middle East, North Africa, Afghanistan & Pakistan"
MAR,Morocco,2006,13.5612229970254,country,MEA,"Middle East, North Africa, Afghanistan & Pakistan"
MAR,Morocco,2007,15.4927500614402,country,MEA,"Middle East, North Africa, Afghanistan & Pakistan"
MAR,Morocco,2008,15.810483296108,country,MEA,"Middle East, North Africa, Afghanistan & Pakistan"
MAR,Morocco,2009,16.6321124164939,country,MEA,"Middle East, North Africa, Afghanistan & Pakistan"
MAR,Morocco,2010,16.150825486636,country,MEA,"Middle East, North Africa, Afghanistan & Pakistan"
MAR,Morocco,2011,16.4464602642477,country,MEA,"Middle East, North Africa, Afghanistan & Pakistan"
MAR,Morocco,2012,16.7510304432714,country,MEA,"Middle East, North Africa, Afghanistan & Pakistan"
MAR,Morocco,2013,17.4031584165427,country,MEA,"Middle East, North Africa, Afghanistan & Pakistan"
MAR,Morocco,2014,17.6864960522733,country,MEA,"Middle East, North Africa, Afghanistan & Pakistan"
MAR,Morocco,2015,17.6677879224732,country,MEA,"Middle East, North Africa, Afghanistan & Pakistan"
MAR,Morocco,2016,17.5881273140226,country,MEA,"Middle East, North Africa, Afghanistan & Pakistan"
MAR,Morocco,2017,18.2760386851857,country,MEA,"Middle East, North Africa, Afghanistan & Pakistan"
MAR,Morocco,2018,17.0682002177494,country,MEA,"Middle East, North Africa, Afghanistan & Pakistan"
MAR,Morocco,2019,16.031212484994,country,MEA,"Middle East, North Africa, Afghanistan & Pakistan"
MAR,Morocco,2020,16.9013381266227,country,MEA,"Middle East, North Africa, Afghanistan & Pakistan"
MAR,Morocco,2021,17.0907638448345,country,MEA,"Middle East, North Africa, Afghanistan & Pakistan"
MAR,Morocco,2022,17.7917700482187,country,MEA,"Middle East, North Africa, Afghanistan & Pakistan"
MAR,Morocco,2023,18.1899293084121,country,MEA,"Middle East, North Africa, Afghanistan & Pakistan"
MDA,Moldova,1990,7.52727945256149,country,ECS,Europe & Central Asia
MDA,Moldova,1991,7.77511961722488,country,ECS,Europe & Central Asia
MDA,Moldova,1992,9.25439950602038,country,ECS,Europe & Central Asia
MDA,Moldova,1993,18.3251486172137,country,ECS,Europe & Central Asia
MDA,Moldova,1994,20.0253084466941,country,ECS,Europe & Central Asia
MDA,Moldova,1995,23.5934426229508,country,ECS,Europe & Central Asia
MDA,Moldova,1996,23.0884353741497,country,ECS,Europe & Central Asia
MDA,Moldova,1997,24.7248488606418,country,ECS,Europe & Central Asia
MDA,Moldova,1998,24.4031007751938,country,ECS,Europe & Central Asia
MDA,Moldova,1999,24.2845326716294,country,ECS,Europe & Central Asia
MDA,Moldova,2000,25.4905458437389,country,ECS,Europe & Central Asia
MDA,Moldova,2001,26.1225171089968,country,ECS,Europe & Central Asia
MDA,Moldova,2002,27.8094251683066,country,ECS,Europe & Central Asia
MDA,Moldova,2003,30.6313850276336,country,ECS,Europe & Central Asia
MDA,Moldova,2004,29.1108822519739,country,ECS,Europe & Central Asia
MDA,Moldova,2005,29.5325542570952,country,ECS,Europe & Central Asia
MDA,Moldova,2006,30.1707156927118,country,ECS,Europe & Central Asia
MDA,Moldova,2007,28.716559431087,country,ECS,Europe & Central Asia
MDA,Moldova,2008,28.8774493523746,country,ECS,Europe & Central Asia
MDA,Moldova,2009,23.4753146176186,country,ECS,Europe & Central Asia
MDA,Moldova,2010,10.6132461161079,country,ECS,Europe & Central Asia
MDA,Moldova,2011,10.7865168539326,country,ECS,Europe & Central Asia
MDA,Moldova,2012,10.68781244613,country,ECS,Europe & Central Asia
MDA,Moldova,2013,13.0820399113082,country,ECS,Europe & Central Asia
MDA,Moldova,2014,12.0237874001115,country,ECS,Europe & Central Asia
MDA,Moldova,2015,9.13898529168732,country,ECS,Europe & Central Asia
MDA,Moldova,2016,9.90944814624978,country,ECS,Europe & Central Asia
MDA,Moldova,2017,11.5229653505238,country,ECS,Europe & Central Asia
MDA,Moldova,2018,10.9276437847866,country,ECS,Europe & Central Asia
MDA,Moldova,2019,10.00351000351,country,ECS,Europe & Central Asia
MDA,Moldova,2020,8.96440129449838,country,ECS,Europe & Central Asia
MDA,Moldova,2021,8.77403846153846,country,ECS,Europe & Central Asia
MDA,Moldova,2022,10.8838431225371,country,ECS,Europe & Central Asia
MDA,Moldova,2023,8.99610894941634,country,ECS,Europe & Central Asia
MDG,Madagascar,1990,3.26530612244898,country,SSF,Sub-Saharan Africa
MDG,Madagascar,1991,3.31262939958592,country,SSF,Sub-Saharan Africa
MDG,Madagascar,1992,3.66795366795367,country,SSF,Sub-Saharan Africa
MDG,Madagascar,1993,3.48623853211009,country,SSF,Sub-Saharan Africa
MDG,Madagascar,1994,3.9426523297491,country,SSF,Sub-Saharan Africa
MDG,Madagascar,1995,3.89830508474576,country,SSF,Sub-Saharan Africa
MDG,Madagascar,1996,4.13793103448276,country,SSF,Sub-Saharan Africa
MDG,Madagascar,1997,4.10094637223975,country,SSF,Sub-Saharan Africa
MDG,Madagascar,1998,4.10557184750733,country,SSF,Sub-Saharan Africa
MDG,Madagascar,1999,4.0983606557377,country,SSF,Sub-Saharan Africa
MDG,Madagascar,2000,4.17193426042984,country,SSF,Sub-Saharan Africa
MDG,Madagascar,2001,4.50771055753262,country,SSF,Sub-Saharan Africa
MDG,Madagascar,2002,4.94296577946768,country,SSF,Sub-Saharan Africa
MDG,Madagascar,2003,4.96688741721854,country,SSF,Sub-Saharan Africa
MDG,Madagascar,2004,4.65587044534413,country,SSF,Sub-Saharan Africa
MDG,Madagascar,2005,4.72361809045226,country,SSF,Sub-Saharan Africa
MDG,Madagascar,2006,4.45544554455445,country,SSF,Sub-Saharan Africa
MDG,Madagascar,2007,5.02369668246445,country,SSF,Sub-Saharan Africa
MDG,Madagascar,2008,4.52079566003617,country,SSF,Sub-Saharan Africa
MDG,Madagascar,2009,5.61594202898551,country,SSF,Sub-Saharan Africa
MDG,Madagascar,2010,5.74043261231281,country,SSF,Sub-Saharan Africa
MDG,Madagascar,2011,5.52763819095477,country,SSF,Sub-Saharan Africa
MDG,Madagascar,2012,4.76460578559274,country,SSF,Sub-Saharan Africa
MDG,Madagascar,2013,4.89583333333333,country,SSF,Sub-Saharan Africa
MDG,Madagascar,2014,4.76892822025565,country,SSF,Sub-Saharan Africa
MDG,Madagascar,2015,4.86767485822306,country,SSF,Sub-Saharan Africa
MDG,Madagascar,2016,5.86001085187195,country,SSF,Sub-Saharan Africa
MDG,Madagascar,2017,4.79930191972077,country,SSF,Sub-Saharan Africa
MDG,Madagascar,2018,4.39746300211416,country,SSF,Sub-Saharan Africa
MDG,Madagascar,2019,5.30579181855002,country,SSF,Sub-Saharan Africa
MDG,Madagascar,2020,5.26561043802423,country,SSF,Sub-Saharan Africa
MDG,Madagascar,2021,5.29669454400637,country,SSF,Sub-Saharan Africa
MDG,Madagascar,2022,5.2812858783008,country,SSF,Sub-Saharan Africa
MDG,Madagascar,2023,5.27114144861585,country,SSF,Sub-Saharan Africa
MEX,Mexico,1990,12.9423241278693,country,LCN,Latin America & Caribbean
MEX,Mexico,1991,12.7520067201792,country,LCN,Latin America & Caribbean
MEX,Mexico,1992,12.8552504816956,country,LCN,Latin America & Caribbean
MEX,Mexico,1993,13.4440898336441,country,LCN,Latin America & Caribbean
MEX,Mexico,1994,13.5797350660296,country,LCN,Latin America & Caribbean
MEX,Mexico,1995,14.0001839104619,country,LCN,Latin America & Caribbean
MEX,Mexico,1996,14.7452930097469,country,LCN,Latin America & Caribbean
MEX,Mexico,1997,14.5504588251449,country,LCN,Latin America & Caribbean
MEX,Mexico,1998,14.2136212041425,country,LCN,Latin America & Caribbean
MEX,Mexico,1999,14.2885489008407,country,LCN,Latin America & Caribbean
MEX,Mexico,2000,13.8485474656618,country,LCN,Latin America & Caribbean
MEX,Mexico,2001,14.0577976335122,country,LCN,Latin America & Caribbean
MEX,Mexico,2002,14.1691221284844,country,LCN,Latin America & Caribbean
MEX,Mexico,2003,12.3124076590593,country,LCN,Latin America & Caribbean
MEX,Mexico,2004,14.6900241178872,country,LCN,Latin America & Caribbean
MEX,Mexico,2005,14.9213615772347,country,LCN,Latin America & Caribbean
MEX,Mexico,2006,15.3606851796541,country,LCN,Latin America & Caribbean
MEX,Mexico,2007,15.2689136769568,country,LCN,Latin America & Caribbean
MEX,Mexico,2008,15.3757324164358,country,LCN,Latin America & Caribbean
MEX,Mexico,2009,15.8549110560853,country,LCN,Latin America & Caribbean
MEX,Mexico,2010,16.0602750265844,country,LCN,Latin America & Caribbean
MEX,Mexico,2011,15.0626426511731,country,LCN,Latin America & Caribbean
MEX,Mexico,2012,14.3379325384813,country,LCN,Latin America & Caribbean
MEX,Mexico,2013,14.3008492390482,country,LCN,Latin America & Caribbean
MEX,Mexico,2014,13.7056999286887,country,LCN,Latin America & Caribbean
MEX,Mexico,2015,13.0781632646494,country,LCN,Latin America & Caribbean
MEX,Mexico,2016,12.5028911490208,country,LCN,Latin America & Caribbean
MEX,Mexico,2017,13.5717729374243,country,LCN,Latin America & Caribbean
MEX,Mexico,2018,11.9455785403192,country,LCN,Latin America & Caribbean
MEX,Mexico,2019,11.768217548957,country,LCN,Latin America & Caribbean
MEX,Mexico,2020,11.1570646829204,country,LCN,Latin America & Caribbean
MEX,Mexico,2021,12.0006964205695,country,LCN,Latin America & Caribbean
MEX,Mexico,2022,11.2763874760425,country,LCN,Latin America & Caribbean
MEX,Mexico,2023,11.1305372030108,country,LCN,Latin America & Caribbean
MEX,Mexico,2024,11.1111678496655,country,LCN,Latin America & Caribbean
MKD,North Macedonia,1990,8.97881208753039,country,ECS,Europe & Central Asia
MKD,North Macedonia,1991,7.60831889081456,country,ECS,Europe & Central Asia
MKD,North Macedonia,1992,7.23825226710635,country,ECS,Europe & Central Asia
MKD,North Macedonia,1993,11.6023166023166,country,ECS,Europe & Central Asia
MKD,North Macedonia,1994,10.8435763596565,country,ECS,Europe & Central Asia
MKD,North Macedonia,1995,11.4318330071755,country,ECS,Europe & Central Asia
MKD,North Macedonia,1996,12.1066104502334,country,ECS,Europe & Central Asia
MKD,North Macedonia,1997,12.1194118520719,country,ECS,Europe & Central Asia
MKD,North Macedonia,1998,12.2871736662883,country,ECS,Europe & Central Asia
MKD,North Macedonia,1999,14.2503278449658,country,ECS,Europe & Central Asia
MKD,North Macedonia,2000,15.1372779327558,country,ECS,Europe & Central Asia
MKD,North Macedonia,2001,16.8343288274128,country,ECS,Europe & Central Asia
MKD,North Macedonia,2002,20.292234444262,country,ECS,Europe & Central Asia
MKD,North Macedonia,2003,19.3974473137429,country,ECS,Europe & Central Asia
MKD,North Macedonia,2004,20.6539673016349,country,ECS,Europe & Central Asia
MKD,North Macedonia,2005,22.9328723710746,country,ECS,Europe & Central Asia
MKD,North Macedonia,2006,24.0222666286041,country,ECS,Europe & Central Asia
MKD,North Macedonia,2007,23.2225300092336,country,ECS,Europe & Central Asia
MKD,North Macedonia,2008,22.8806845190936,country,ECS,Europe & Central Asia
MKD,North Macedonia,2009,17.3842999414177,country,ECS,Europe & Central Asia
MKD,North Macedonia,2010,17.6170798898072,country,ECS,Europe & Central Asia
MKD,North Macedonia,2011,20.535582186714,country,ECS,Europe & Central Asia
MKD,North Macedonia,2012,20.6962631747046,country,ECS,Europe & Central Asia
MKD,North Macedonia,2013,18.903839842468,country,ECS,Europe & Central Asia
MKD,North Macedonia,2014,19.8920729438035,country,ECS,Europe & Central Asia
MKD,North Macedonia,2015,18.349273822175,country,ECS,Europe & Central Asia
MKD,North Macedonia,2016,17.8717356546456,country,ECS,Europe & Central Asia
MKD,North Macedonia,2017,17.9285714285714,country,ECS,Europe & Central Asia
MKD,North Macedonia,2018,17.7278401997503,country,ECS,Europe & Central Asia
MKD,North Macedonia,2019,16.6808655648322,country,ECS,Europe & Central Asia
MKD,North Macedonia,2020,19.1883299046194,country,ECS,Europe & Central Asia
MKD,North Macedonia,2021,18.8031097450732,country,ECS,Europe & Central Asia
MKD,North Macedonia,2022,16.358128576237,country,ECS,Europe & Central Asia
MKD,North Macedonia,2023,13.9054545454545,country,ECS,Europe & Central Asia
MLT,Malta,1990,9.09090909090909,country,MEA,"Middle East, North Africa, Afghanistan & Pakistan"
MLT,Malta,1991,7.75193798449612,country,MEA,"Middle East, North Africa, Afghanistan & Pakistan"
MLT,Malta,1992,8.05369127516778,country,MEA,"Middle East, North Africa, Afghanistan & Pakistan"
MLT,Malta,1993,8.0,country,MEA,"Middle East, North Africa, Afghanistan & Pakistan"
MLT,Malta,1994,9.14990266060999,country,MEA,"Middle East, North Africa, Afghanistan & Pakistan"
MLT,Malta,1995,9.31372549019608,country,MEA,"Middle East, North Africa, Afghanistan & Pakistan"
MLT,Malta,1996,13.1483715319662,country,MEA,"Middle East, North Africa, Afghanistan & Pakistan"
MLT,Malta,1997,13.1079478054567,country,MEA,"Middle East, North Africa, Afghanistan & Pakistan"
MLT,Malta,1998,12.2022080185938,country,MEA,"Middle East, North Africa, Afghanistan & Pakistan"
MLT,Malta,1999,12.2437971952535,country,MEA,"Middle East, North Africa, Afghanistan & Pakistan"
MLT,Malta,2000,12.2587376108503,country,MEA,"Middle East, North Africa, Afghanistan & Pakistan"
MLT,Malta,2001,13.1755018013381,country,MEA,"Middle East, North Africa, Afghanistan & Pakistan"
MLT,Malta,2002,13.1578947368421,country,MEA,"Middle East, North Africa, Afghanistan & Pakistan"
MLT,Malta,2003,13.1484794275492,country,MEA,"Middle East, North Africa, Afghanistan & Pakistan"
MLT,Malta,2004,13.1317689530686,country,MEA,"Middle East, North Africa, Afghanistan & Pakistan"
MLT,Malta,2005,11.4285714285714,country,MEA,"Middle East, North Africa, Afghanistan & Pakistan"
MLT,Malta,2006,12.2069880583812,country,MEA,"Middle East, North Africa, Afghanistan & Pakistan"
MLT,Malta,2007,13.6759581881533,country,MEA,"Middle East, North Africa, Afghanistan & Pakistan"
MLT,Malta,2008,14.3598615916955,country,MEA,"Middle East, North Africa, Afghanistan & Pakistan"
MLT,Malta,2009,15.6365313653137,country,MEA,"Middle East, North Africa, Afghanistan & Pakistan"
MLT,Malta,2010,7.99432355723746,country,MEA,"Middle East, North Africa, Afghanistan & Pakistan"
MLT,Malta,2011,8.58191831115191,country,MEA,"Middle East, North Africa, Afghanistan & Pakistan"
MLT,Malta,2012,9.85178727114211,country,MEA,"Middle East, North Africa, Afghanistan & Pakistan"
MLT,Malta,2013,8.30741892492226,country,MEA,"Middle East, North Africa, Afghanistan & Pakistan"
MLT,Malta,2014,5.87973273942094,country,MEA,"Middle East, North Africa, Afghanistan & Pakistan"
MLT,Malta,2015,13.7269938650307,country,MEA,"Middle East, North Africa, Afghanistan & Pakistan"
MLT,Malta,2016,25.2042007001167,country,MEA,"Middle East, North Africa, Afghanistan & Pakistan"
MLT,Malta,2017,8.72198667474258,country,MEA,"Middle East, North Africa, Afghanistan & Pakistan"
MLT,Malta,2018,7.2375127420999,country,MEA,"Middle East, North Africa, Afghanistan & Pakistan"
MLT,Malta,2019,7.67362797474502,country,MEA,"Middle East, North Africa, Afghanistan & Pakistan"
MLT,Malta,2020,5.97293513765749,country,MEA,"Middle East, North Africa, Afghanistan & Pakistan"
MLT,Malta,2021,7.49774164408311,country,MEA,"Middle East, North Africa, Afghanistan & Pakistan"
MLT,Malta,2022,8.15881326352531,country,MEA,"Middle East, North Africa, Afghanistan & Pakistan"
MLT,Malta,2023,8.31911262798635,country,MEA,"Middle East, North Africa, Afghanistan & Pakistan"
MMR,Myanmar,1990,26.4326069410815,country,EAS,East Asia & Pacific
MMR,Myanmar,1991,36.0478147179679,country,EAS,East Asia & Pacific
MMR,Myanmar,1992,37.4165554072096,country,EAS,East Asia & Pacific
MMR,Myanmar,1993,35.8050221565731,country,EAS,East Asia & Pacific
MMR,Myanmar,1994,34.835837506956,country,EAS,East Asia & Pacific
MMR,Myanmar,1995,38.1011097410604,country,EAS,East Asia & Pacific
MMR,Myanmar,1996,35.0570342205323,country,EAS,East Asia & Pacific
MMR,Myanmar,1997,34.6906636670416,country,EAS,East Asia & Pacific
MMR,Myanmar,1998,28.509301763711,country,EAS,East Asia & Pacific
MMR,Myanmar,1999,32.2052166415176,country,EAS,East Asia & Pacific
MMR,Myanmar,2000,30.60756591517,country,EAS,East Asia & Pacific
MMR,Myanmar,2001,30.234002899151,country,EAS,East Asia & Pacific
MMR,Myanmar,2002,30.4908565928778,country,EAS,East Asia & Pacific
MMR,Myanmar,2003,28.3402265779536,country,EAS,East Asia & Pacific
MMR,Myanmar,2004,29.5324178689379,country,EAS,East Asia & Pacific
MMR,Myanmar,2005,38.1880175353142,country,EAS,East Asia & Pacific
MMR,Myanmar,2006,28.5917496443812,country,EAS,East Asia & Pacific
MMR,Myanmar,2007,29.7194844579227,country,EAS,East Asia & Pacific
MMR,Myanmar,2008,28.1712861123332,country,EAS,East Asia & Pacific
MMR,Myanmar,2009,27.5394718457454,country,EAS,East Asia & Pacific
MMR,Myanmar,2010,26.2482977757603,country,EAS,East Asia & Pacific
MMR,Myanmar,2011,25.4990583804143,country,EAS,East Asia & Pacific
MMR,Myanmar,2012,24.2896836067043,country,EAS,East Asia & Pacific
MMR,Myanmar,2013,21.152765513366,country,EAS,East Asia & Pacific
MMR,Myanmar,2014,20.1668404588113,country,EAS,East Asia & Pacific
MMR,Myanmar,2015,15.9043145011744,country,EAS,East Asia & Pacific
MMR,Myanmar,2016,12.8939828080229,country,EAS,East Asia & Pacific
MMR,Myanmar,2017,14.6160868242215,country,EAS,East Asia & Pacific
MMR,Myanmar,2018,5.96363636363636,country,EAS,East Asia & Pacific
MMR,Myanmar,2019,6.17914805908622,country,EAS,East Asia & Pacific
MMR,Myanmar,2020,6.82166687388619,country,EAS,East Asia & Pacific
MMR,Myanmar,2021,6.82347074468085,country,EAS,East Asia & Pacific
MMR,Myanmar,2022,7.58726713691445,country,EAS,East Asia & Pacific
MMR,Myanmar,2023,7.8069924740402,country,EAS,East Asia & Pacific
MNE,Montenegro,2005,27.0600558659218,country,ECS,Europe & Central Asia
MNE,Montenegro,2006,28.7940379403794,country,ECS,Europe & Central Asia
MNE,Montenegro,2007,32.089552238806,country,ECS,Europe & Central Asia
MNE,Montenegro,2008,25.6364922206506,country,ECS,Europe & Central Asia
MNE,Montenegro,2009,25.9782608695652,country,ECS,Europe & Central Asia
MNE,Montenegro,2010,16.5837891596221,country,ECS,Europe & Central Asia
MNE,Montenegro,2011,24.5105421686747,country,ECS,Europe & Central Asia
MNE,Montenegro,2012,24.4374120956399,country,ECS,Europe & Central Asia
MNE,Montenegro,2013,19.2141951837769,country,ECS,Europe & Central Asia
MNE,Montenegro,2014,21.7144658052316,country,ECS,Europe & Central Asia
MNE,Montenegro,2015,19.5138195138195,country,ECS,Europe & Central Asia
MNE,Montenegro,2016,17.2238140719516,country,ECS,Europe & Central Asia
MNE,Montenegro,2017,20.6285253827558,country,ECS,Europe & Central Asia
MNE,Montenegro,2018,13.2020997375328,country,ECS,Europe & Central Asia
MNE,Montenegro,2019,14.3314884940285,country,ECS,Europe & Central Asia
MNE,Montenegro,2020,14.3786982248521,country,ECS,Europe & Central Asia
MNE,Montenegro,2021,13.3209745762712,country,ECS,Europe & Central Asia
MNE,Montenegro,2022,14.3588199879591,country,ECS,Europe & Central Asia
MNE,Montenegro,2023,11.3234591495461,country,ECS,Europe & Central Asia
MNG,Mongolia,1990,9.64755077658304,country,EAS,East Asia & Pacific
MNG,Mongolia,1991,10.5295757200372,country,EAS,East Asia & Pacific
MNG,Mongolia,1992,9.7302833731649,country,EAS,East Asia & Pacific
MNG,Mongolia,1993,11.2703330751356,country,EAS,East Asia & Pacific
MNG,Mongolia,1994,17.3848987108656,country,EAS,East Asia & Pacific
MNG,Mongolia,1995,19.1019786910198,country,EAS,East Asia & Pacific
MNG,Mongolia,1996,18.4391736801836,country,EAS,East Asia & Pacific
MNG,Mongolia,1997,18.5199098422239,country,EAS,East Asia & Pacific
MNG,Mongolia,1998,17.3831775700935,country,EAS,East Asia & Pacific
MNG,Mongolia,1999,17.9099225897255,country,EAS,East Asia & Pacific
MNG,Mongolia,2000,19.5519348268839,country,EAS,East Asia & Pacific
MNG,Mongolia,2001,19.9867417964866,country,EAS,East Asia & Pacific
MNG,Mongolia,2002,18.7339331619537,country,EAS,East Asia & Pacific
MNG,Mongolia,2003,15.5831739961759,country,EAS,East Asia & Pacific
MNG,Mongolia,2004,14.5322434150772,country,EAS,East Asia & Pacific
MNG,Mongolia,2005,12.2842936531149,country,EAS,East Asia & Pacific
MNG,Mongolia,2006,12.4717832957111,country,EAS,East Asia & Pacific
MNG,Mongolia,2007,11.9427181842745,country,EAS,East Asia & Pacific
MNG,Mongolia,2008,10.8972756810797,country,EAS,East Asia & Pacific
MNG,Mongolia,2009,12.2307501856895,country,EAS,East Asia & Pacific
MNG,Mongolia,2010,11.7087873869696,country,EAS,East Asia & Pacific
MNG,Mongolia,2011,14.1975308641975,country,EAS,East Asia & Pacific
MNG,Mongolia,2012,14.015780730897,country,EAS,East Asia & Pacific
MNG,Mongolia,2013,14.7410358565737,country,EAS,East Asia & Pacific
MNG,Mongolia,2014,14.750744047619,country,EAS,East Asia & Pacific
MNG,Mongolia,2015,14.2027933974243,country,EAS,East Asia & Pacific
MNG,Mongolia,2016,14.4167990118228,country,EAS,East Asia & Pacific
MNG,Mongolia,2017,13.4395221503235,country,EAS,East Asia & Pacific
MNG,Mongolia,2018,13.389441469013,country,EAS,East Asia & Pacific
MNG,Mongolia,2019,12.9130434782609,country,EAS,East Asia & Pacific
MNG,Mongolia,2020,14.5669291338583,country,EAS,East Asia & Pacific
MNG,Mongolia,2021,13.6956814206915,country,EAS,East Asia & Pacific
MNG,Mongolia,2022,14.0774193548387,country,EAS,East Asia & Pacific
MNG,Mongolia,2023,14.2184671092336,country,EAS,East Asia & Pacific
MOZ,Mozambique,1990,15.6182212581345,country,SSF,Sub-Saharan Africa
MOZ,Mozambique,1991,6.30252100840336,country,SSF,Sub-Saharan Africa
MOZ,Mozambique,1992,14.5584725536993,country,SSF,Sub-Saharan Africa
MOZ,Mozambique,1993,21.7171717171717,country,SSF,Sub-Saharan Africa
MOZ,Mozambique,1994,49.6240601503759,country,SSF,Sub-Saharan Africa
MOZ,Mozambique,1995,47.1014492753623,country,SSF,Sub-Saharan Africa
MOZ,Mozambique,1996,71.1618257261411,country,SSF,Sub-Saharan Africa
MOZ,Mozambique,1997,31.1881188118812,country,SSF,Sub-Saharan Africa
MOZ,Mozambique,1998,10.3623926648232,country,SSF,Sub-Saharan Africa
MOZ,Mozambique,1999,2.74327122153209,country,SSF,Sub-Saharan Africa
MOZ,Mozambique,2000,10.0886232481451,country,SSF,Sub-Saharan Africa
MOZ,Mozambique,2001,10.5975292041348,country,SSF,Sub-Saharan Africa
MOZ,Mozambique,2002,10.5853735091023,country,SSF,Sub-Saharan Africa
MOZ,Mozambique,2003,12.6804312077471,country,SSF,Sub-Saharan Africa
MOZ,Mozambique,2004,13.9635806671205,country,SSF,Sub-Saharan Africa
MOZ,Mozambique,2005,12.2205551387847,country,SSF,Sub-Saharan Africa
MOZ,Mozambique,2006,14.0411422384626,country,SSF,Sub-Saharan Africa
MOZ,Mozambique,2007,14.462989390085,country,SSF,Sub-Saharan Africa
MOZ,Mozambique,2008,14.7865050079072,country,SSF,Sub-Saharan Africa
MOZ,Mozambique,2009,14.3646733697889,country,SSF,Sub-Saharan Africa
MOZ,Mozambique,2010,14.694976076555,country,SSF,Sub-Saharan Africa
MOZ,Mozambique,2011,12.3506454518163,country,SSF,Sub-Saharan Africa
MOZ,Mozambique,2012,13.4349214799042,country,SSF,Sub-Saharan Africa
MOZ,Mozambique,2013,14.018628962005,country,SSF,Sub-Saharan Africa
MOZ,Mozambique,2014,14.7594752186589,country,SSF,Sub-Saharan Africa
MOZ,Mozambique,2015,13.7603283469244,country,SSF,Sub-Saharan Africa
MOZ,Mozambique,2016,13.119932610298,country,SSF,Sub-Saharan Africa
MOZ,Mozambique,2017,14.7545629747194,country,SSF,Sub-Saharan Africa
MOZ,Mozambique,2018,15.5358497170527,country,SSF,Sub-Saharan Africa
MOZ,Mozambique,2019,14.5814676289311,country,SSF,Sub-Saharan Africa
MOZ,Mozambique,2020,14.5469833928947,country,SSF,Sub-Saharan Africa
MOZ,Mozambique,2021,15.5314073681421,country,SSF,Sub-Saharan Africa
MOZ,Mozambique,2022,17.2777010788976,country,SSF,Sub-Saharan Africa
MOZ,Mozambique,2023,16.6223070356049,country,SSF,Sub-Saharan Africa
MUS,Mauritius,1990,8.97435897435897,country,SSF,Sub-Saharan Africa
MUS,Mauritius,1991,8.98483080513419,country,SSF,Sub-Saharan Africa
MUS,Mauritius,1992,9.03225806451613,country,SSF,Sub-Saharan Africa
MUS,Mauritius,1993,8.9989888776542,country,SSF,Sub-Saharan Africa
MUS,Mauritius,1994,8.96946564885496,country,SSF,Sub-Saharan Africa
MUS,Mauritius,1995,9.00514579759863,country,SSF,Sub-Saharan Africa
MUS,Mauritius,1996,9.03377847604085,country,SSF,Sub-Saharan Africa
MUS,Mauritius,1997,9.00643316654753,country,SSF,Sub-Saharan Africa
MUS,Mauritius,1998,9.03771131339402,country,SSF,Sub-Saharan Africa
MUS,Mauritius,1999,9.02208201892745,country,SSF,Sub-Saharan Africa
MUS,Mauritius,2000,8.99887514060742,country,SSF,Sub-Saharan Africa
MUS,Mauritius,2001,9.00052328623757,country,SSF,Sub-Saharan Africa
MUS,Mauritius,2002,8.97435897435897,country,SSF,Sub-Saharan Africa
MUS,Mauritius,2003,8.98174831892411,country,SSF,Sub-Saharan Africa
MUS,Mauritius,2004,8.9607390300231,country,SSF,Sub-Saharan Africa
MUS,Mauritius,2005,8.97887323943662,country,SSF,Sub-Saharan Africa
MUS,Mauritius,2006,8.46808510638298,country,SSF,Sub-Saharan Africa
MUS,Mauritius,2007,8.64097363083164,country,SSF,Sub-Saharan Africa
MUS,Mauritius,2008,8.44739929605006,country,SSF,Sub-Saharan Africa
MUS,Mauritius,2009,7.68335273573923,country,SSF,Sub-Saharan Africa
MUS,Mauritius,2010,7.21457791000372,country,SSF,Sub-Saharan Africa
MUS,Mauritius,2011,7.08287696239504,country,SSF,Sub-Saharan Africa
MUS,Mauritius,2012,6.82630450321658,country,SSF,Sub-Saharan Africa
MUS,Mauritius,2013,6.37119113573407,country,SSF,Sub-Saharan Africa
MUS,Mauritius,2014,6.19679945522642,country,SSF,Sub-Saharan Africa
MUS,Mauritius,2015,5.90590590590591,country,SSF,Sub-Saharan Africa
MUS,Mauritius,2016,5.65417488494412,country,SSF,Sub-Saharan Africa
MUS,Mauritius,2017,5.99551138185316,country,SSF,Sub-Saharan Africa
MUS,Mauritius,2018,5.81283934845097,country,SSF,Sub-Saharan Africa
MUS,Mauritius,2019,5.62422744128554,country,SSF,Sub-Saharan Africa
MUS,Mauritius,2020,4.92713393476752,country,SSF,Sub-Saharan Africa
MUS,Mauritius,2021,6.38368983957219,country,SSF,Sub-Saharan Africa
MUS,Mauritius,2022,5.51458800897724,country,SSF,Sub-Saharan Africa
MUS,Mauritius,2023,5.72741194486983,country,SSF,Sub-Saharan Africa
MYS,Malaysia,1990,9.08498435870699,country,EAS,East Asia & Pacific
MYS,Malaysia,1991,11.5923470924977,country,EAS,East Asia & Pacific
MYS,Malaysia,1992,7.94024352808759,country,EAS,East Asia & Pacific
MYS,Malaysia,1993,14.0418549756758,country,EAS,East Asia & Pacific
MYS,Malaysia,1994,8.91304347826087,country,EAS,East Asia & Pacific
MYS,Malaysia,1995,9.61242356253574,country,EAS,East Asia & Pacific
MYS,Malaysia,1996,10.5414656916135,country,EAS,East Asia & Pacific
MYS,Malaysia,1997,7.93497227165143,country,EAS,East Asia & Pacific
MYS,Malaysia,1998,8.0001976577556,country,EAS,East Asia & Pacific
MYS,Malaysia,1999,8.00055186791961,country,EAS,East Asia & Pacific
MYS,Malaysia,2000,7.99942242437369,country,EAS,East Asia & Pacific
MYS,Malaysia,2001,8.00039390017444,country,EAS,East Asia & Pacific
MYS,Malaysia,2002,8.00010774555886,country,EAS,East Asia & Pacific
MYS,Malaysia,2003,8.00061170653379,country,EAS,East Asia & Pacific
MYS,Malaysia,2004,8.00034028486705,country,EAS,East Asia & Pacific
MYS,Malaysia,2005,8.00019353355993,country,EAS,East Asia & Pacific
MYS,Malaysia,2006,7.99955471446065,country,EAS,East Asia & Pacific
MYS,Malaysia,2007,7.99971286763198,country,EAS,East Asia & Pacific
MYS,Malaysia,2008,7.99991820124539,country,EAS,East Asia & Pacific
MYS,Malaysia,2009,5.67485323655423,country,EAS,East Asia & Pacific
MYS,Malaysia,2010,6.16896126168,country,EAS,East Asia & Pacific
MYS,Malaysia,2011,9.35853901905123,country,EAS,East Asia & Pacific
MYS,Malaysia,2012,6.18830675778284,country,EAS,East Asia & Pacific
MYS,Malaysia,2013,3.8367016509093,country,EAS,East Asia & Pacific
MYS,Malaysia,2014,8.66006645419407,country,EAS,East Asia & Pacific
MYS,Malaysia,2015,6.89753940023713,country,EAS,East Asia & Pacific
MYS,Malaysia,2016,6.89760824189502,country,EAS,East Asia & Pacific
MYS,Malaysia,2017,6.89705480076593,country,EAS,East Asia & Pacific
MYS,Malaysia,2018,6.89744146088303,country,EAS,East Asia & Pacific
MYS,Malaysia,2019,6.89717037726434,country,EAS,East Asia & Pacific
MYS,Malaysia,2020,6.89724477725075,country,EAS,East Asia & Pacific
MYS,Malaysia,2021,6.89716479523521,country,EAS,East Asia & Pacific
MYS,Malaysia,2022,6.89713175963259,country,EAS,East Asia & Pacific
MYS,Malaysia,2023,6.89739152062844,country,EAS,East Asia & Pacific
NAM,Namibia,1991,14.3988480921526,country,SSF,Sub-Saharan Africa
NAM,Namibia,1992,20.0,country,SSF,Sub-Saharan Africa
NAM,Namibia,1993,16.7952013710368,country,SSF,Sub-Saharan Africa
NAM,Namibia,1994,22.883295194508,country,SSF,Sub-Saharan Africa
NAM,Namibia,1995,19.7267292912041,country,SSF,Sub-Saharan Africa
NAM,Namibia,1996,24.6360582306831,country,SSF,Sub-Saharan Africa
NAM,Namibia,1997,38.785046728972,country,SSF,Sub-Saharan Africa
NAM,Namibia,1998,30.1275760549558,country,SSF,Sub-Saharan Africa
NAM,Namibia,1999,18.3622828784119,country,SSF,Sub-Saharan Africa
NAM,Namibia,2000,14.498933901919,country,SSF,Sub-Saharan Africa
NAM,Namibia,2001,18.1668042939719,country,SSF,Sub-Saharan Africa
NAM,Namibia,2002,16.0951714485654,country,SSF,Sub-Saharan Africa
NAM,Namibia,2003,15.1195499296765,country,SSF,Sub-Saharan Africa
NAM,Namibia,2004,10.7971014492754,country,SSF,Sub-Saharan Africa
NAM,Namibia,2005,23.1046931407942,country,SSF,Sub-Saharan Africa
NAM,Namibia,2006,21.8905472636816,country,SSF,Sub-Saharan Africa
NAM,Namibia,2007,22.6869455006337,country,SSF,Sub-Saharan Africa
NAM,Namibia,2008,20.5209656925032,country,SSF,Sub-Saharan Africa
NAM,Namibia,2009,17.0911528150134,country,SSF,Sub-Saharan Africa
NAM,Namibia,2010,25.1529051987768,country,SSF,Sub-Saharan Africa
NAM,Namibia,2011,25.1221214235869,country,SSF,Sub-Saharan Africa
NAM,Namibia,2012,25.9259259259259,country,SSF,Sub-Saharan Africa
NAM,Namibia,2013,27.6946107784431,country,SSF,Sub-Saharan Africa
NAM,Namibia,2014,36.1221779548473,country,SSF,Sub-Saharan Africa
NAM,Namibia,2015,21.8064516129032,country,SSF,Sub-Saharan Africa
NAM,Namibia,2016,33.6313617606602,country,SSF,Sub-Saharan Africa
NAM,Namibia,2017,25.629290617849,country,SSF,Sub-Saharan Africa
NAM,Namibia,2018,24.4428468727534,country,SSF,Sub-Saharan Africa
NAM,Namibia,2019,20.1327433628319,country,SSF,Sub-Saharan Africa
NAM,Namibia,2020,15.7012195121951,country,SSF,Sub-Saharan Africa
NAM,Namibia,2021,27.3109243697479,country,SSF,Sub-Saharan Africa
NAM,Namibia,2022,40.0464756003098,country,SSF,Sub-Saharan Africa
NAM,Namibia,2023,27.8306878306878,country,SSF,Sub-Saharan Africa
NER,Niger,1990,21.7647058823529,country,SSF,Sub-Saharan Africa
NER,Niger,1991,21.7391304347826,country,SSF,Sub-Saharan Africa
NER,Niger,1992,22.4242424242424,country,SSF,Sub-Saharan Africa
NER,Niger,1993,23.125,country,SSF,Sub-Saharan Africa
NER,Niger,1994,24.3243243243243,country,SSF,Sub-Saharan Africa
NER,Niger,1995,27.5167785234899,country,SSF,Sub-Saharan Africa
NER,Niger,1996,25.0,country,SSF,Sub-Saharan Africa
NER,Niger,1997,29.1390728476821,country,SSF,Sub-Saharan Africa
NER,Niger,1998,29.4520547945205,country,SSF,Sub-Saharan Africa
NER,Niger,1999,30.2631578947368,country,SSF,Sub-Saharan Africa
NER,Niger,2000,18.9320388349515,country,SSF,Sub-Saharan Africa
NER,Niger,2001,21.1111111111111,country,SSF,Sub-Saharan Africa
NER,Niger,2002,16.2303664921466,country,SSF,Sub-Saharan Africa
NER,Niger,2003,26.8041237113402,country,SSF,Sub-Saharan Africa
NER,Niger,2004,28.780487804878,country,SSF,Sub-Saharan Africa
NER,Niger,2005,29.2576419213974,country,SSF,Sub-Saharan Africa
NER,Niger,2006,36.697247706422,country,SSF,Sub-Saharan Africa
NER,Niger,2007,43.75,country,SSF,Sub-Saharan Africa
NER,Niger,2008,39.4736842105263,country,SSF,Sub-Saharan Africa
NER,Niger,2009,44.7470817120623,country,SSF,Sub-Saharan Africa
NER,Niger,2010,38.9078498293515,country,SSF,Sub-Saharan Africa
NER,Niger,2011,40.3508771929825,country,SSF,Sub-Saharan Africa
NER,Niger,2012,39.5989974937343,country,SSF,Sub-Saharan Africa
NER,Niger,2013,33.6343115124154,country,SSF,Sub-Saharan Africa
NER,Niger,2014,41.7607223476298,country,SSF,Sub-Saharan Africa
NER,Niger,2015,39.3596986817326,country,SSF,Sub-Saharan Africa
NER,Niger,2016,17.7489177489178,country,SSF,Sub-Saharan Africa
NER,Niger,2017,36.1209964412811,country,SSF,Sub-Saharan Africa
NER,Niger,2018,54.8507462686567,country,SSF,Sub-Saharan Africa
NER,Niger,2019,46.5671641791045,country,SSF,Sub-Saharan Africa
NER,Niger,2020,48.8855869242199,country,SSF,Sub-Saharan Africa
NER,Niger,2021,58.7436332767402,country,SSF,Sub-Saharan Africa
NER,Niger,2022,52.0215633423181,country,SSF,Sub-Saharan Africa
NER,Niger,2023,45.7782299084435,country,SSF,Sub-Saharan Africa
NGA,Nigeria,1990,19.9955433410087,country,SSF,Sub-Saharan Africa
NGA,Nigeria,1991,19.8701207030423,country,SSF,Sub-Saharan Africa
NGA,Nigeria,1992,19.8732641229608,country,SSF,Sub-Saharan Africa
NGA,Nigeria,1993,19.8552223371251,country,SSF,Sub-Saharan Africa
NGA,Nigeria,1994,19.8184276608074,country,SSF,Sub-Saharan Africa
NGA,Nigeria,1995,19.9974774547518,country,SSF,Sub-Saharan Africa
NGA,Nigeria,1996,19.9963061010897,country,SSF,Sub-Saharan Africa
NGA,Nigeria,1997,19.9975181485388,country,SSF,Sub-Saharan Africa
NGA,Nigeria,1998,19.9986764608563,country,SSF,Sub-Saharan Africa
NGA,Nigeria,1999,19.9950276586488,country,SSF,Sub-Saharan Africa
NGA,Nigeria,2000,20.0,country,SSF,Sub-Saharan Africa
NGA,Nigeria,2001,19.9987354577643,country,SSF,Sub-Saharan Africa
NGA,Nigeria,2002,19.9963393429121,country,SSF,Sub-Saharan Africa
NGA,Nigeria,2003,19.9980508722347,country,SSF,Sub-Saharan Africa
NGA,Nigeria,2004,19.9967498171772,country,SSF,Sub-Saharan Africa
NGA,Nigeria,2005,19.9983289468187,country,SSF,Sub-Saharan Africa
NGA,Nigeria,2006,19.9991523987116,country,SSF,Sub-Saharan Africa
NGA,Nigeria,2007,14.9972540239111,country,SSF,Sub-Saharan Africa
NGA,Nigeria,2008,14.998007350662,country,SSF,Sub-Saharan Africa
NGA,Nigeria,2009,14.9976470588235,country,SSF,Sub-Saharan Africa
NGA,Nigeria,2010,14.9990940387751,country,SSF,Sub-Saharan Africa
NGA,Nigeria,2011,14.9979169559783,country,SSF,Sub-Saharan Africa
NGA,Nigeria,2012,14.9975857073877,country,SSF,Sub-Saharan Africa
NGA,Nigeria,2013,14.99838506034,country,SSF,Sub-Saharan Africa
NGA,Nigeria,2014,14.9978094728131,country,SSF,Sub-Saharan Africa
NGA,Nigeria,2015,14.9987782393318,country,SSF,Sub-Saharan Africa
NGA,Nigeria,2016,14.4423433232097,country,SSF,Sub-Saharan Africa
NGA,Nigeria,2017,13.9438590479454,country,SSF,Sub-Saharan Africa
NGA,Nigeria,2018,13.7701337701338,country,SSF,Sub-Saharan Africa
NGA,Nigeria,2019,14.0395713107997,country,SSF,Sub-Saharan Africa
NGA,Nigeria,2020,13.8570056125803,country,SSF,Sub-Saharan Africa
NGA,Nigeria,2021,13.9046619268025,country,SSF,Sub-Saharan Africa
NGA,Nigeria,2022,14.1052360735881,country,SSF,Sub-Saharan Africa
NGA,Nigeria,2023,14.1507361019556,country,SSF,Sub-Saharan Africa
NIC,Nicaragua,1990,16.81537405628,country,LCN,Latin America & Caribbean
NIC,Nicaragua,1991,21.3669542136695,country,LCN,Latin America & Caribbean
NIC,Nicaragua,1992,21.5375228798048,country,LCN,Latin America & Caribbean
NIC,Nicaragua,1993,22.2478386167147,country,LCN,Latin America & Caribbean
NIC,Nicaragua,1994,26.7468499427262,country,LCN,Latin America & Caribbean
NIC,Nicaragua,1995,27.0080862533693,country,LCN,Latin America & Caribbean
NIC,Nicaragua,1996,26.1916708479679,country,LCN,Latin America & Caribbean
NIC,Nicaragua,1997,25.3300733496333,country,LCN,Latin America & Caribbean
NIC,Nicaragua,1998,26.3018534863195,country,LCN,Latin America & Caribbean
NIC,Nicaragua,1999,27.0083102493075,country,LCN,Latin America & Caribbean
NIC,Nicaragua,2000,30.4551254785198,country,LCN,Latin America & Caribbean
NIC,Nicaragua,2001,30.515873015873,country,LCN,Latin America & Caribbean
NIC,Nicaragua,2002,30.1526717557252,country,LCN,Latin America & Caribbean
NIC,Nicaragua,2003,29.5454545454545,country,LCN,Latin America & Caribbean
NIC,Nicaragua,2004,27.9603011635866,country,LCN,Latin America & Caribbean
NIC,Nicaragua,2005,27.0403146509341,country,LCN,Latin America & Caribbean
NIC,Nicaragua,2006,26.9623484365029,country,LCN,Latin America & Caribbean
NIC,Nicaragua,2007,26.3403990024938,country,LCN,Latin America & Caribbean
NIC,Nicaragua,2008,25.3495983338292,country,LCN,Latin America & Caribbean
NIC,Nicaragua,2009,24.0081088908196,country,LCN,Latin America & Caribbean
NIC,Nicaragua,2010,25.6627493850779,country,LCN,Latin America & Caribbean
NIC,Nicaragua,2011,24.7581699346405,country,LCN,Latin America & Caribbean
NIC,Nicaragua,2012,23.5921607541553,country,LCN,Latin America & Caribbean
NIC,Nicaragua,2013,23.4573829531813,country,LCN,Latin America & Caribbean
NIC,Nicaragua,2014,23.5942420152946,country,LCN,Latin America & Caribbean
NIC,Nicaragua,2015,23.6411263916176,country,LCN,Latin America & Caribbean
NIC,Nicaragua,2016,22.8926159878022,country,LCN,Latin America & Caribbean
NIC,Nicaragua,2017,21.9889502762431,country,LCN,Latin America & Caribbean
NIC,Nicaragua,2018,20.9926944563816,country,LCN,Latin America & Caribbean
NIC,Nicaragua,2019,23.7866200262352,country,LCN,Latin America & Caribbean
NIC,Nicaragua,2020,27.591664468478,country,LCN,Latin America & Caribbean
NIC,Nicaragua,2021,26.347021125089,country,LCN,Latin America & Caribbean
NIC,Nicaragua,2022,19.9761620977354,country,LCN,Latin America & Caribbean
NIC,Nicaragua,2023,21.4585635359116,country,LCN,Latin America & Caribbean
NLD,Netherlands,1990,5.10226767452201,country,ECS,Europe & Central Asia
NLD,Netherlands,1991,5.11265863626586,country,ECS,Europe & Central Asia
NLD,Netherlands,1992,5.0312593033641,country,ECS,Europe & Central Asia
NLD,Netherlands,1993,5.10115475835612,country,ECS,Europe & Central Asia
NLD,Netherlands,1994,5.04964503487047,country,ECS,Europe & Central Asia
NLD,Netherlands,1995,5.11231317076777,country,ECS,Europe & Central Asia
NLD,Netherlands,1996,5.0208960116128,country,ECS,Europe & Central Asia
NLD,Netherlands,1997,5.1512314644661,country,ECS,Europe & Central Asia
NLD,Netherlands,1998,5.08697799484168,country,ECS,Europe & Central Asia
NLD,Netherlands,1999,5.49354243542435,country,ECS,Europe & Central Asia
NLD,Netherlands,2000,5.48582521672189,country,ECS,Europe & Central Asia
NLD,Netherlands,2001,5.39487310891174,country,ECS,Europe & Central Asia
NLD,Netherlands,2002,5.31980287765287,country,ECS,Europe & Central Asia
NLD,Netherlands,2003,5.3399161312979,country,ECS,Europe & Central Asia
NLD,Netherlands,2004,5.29966210208074,country,ECS,Europe & Central Asia
NLD,Netherlands,2005,5.40927332592748,country,ECS,Europe & Central Asia
NLD,Netherlands,2006,5.51131707020934,country,ECS,Europe & Central Asia
NLD,Netherlands,2007,5.2526981410165,country,ECS,Europe & Central Asia
NLD,Netherlands,2008,5.05615888128533,country,ECS,Europe & Central Asia
NLD,Netherlands,2009,4.61338188598922,country,ECS,Europe & Central Asia
NLD,Netherlands,2010,4.72289762723233,country,ECS,Europe & Central Asia
NLD,Netherlands,2011,4.56112948939568,country,ECS,Europe & Central Asia
NLD,Netherlands,2012,5.02838212216905,country,ECS,Europe & Central Asia
NLD,Netherlands,2013,5.05067401357867,country,ECS,Europe & Central Asia
NLD,Netherlands,2014,4.77369918148571,country,ECS,Europe & Central Asia
NLD,Netherlands,2015,4.77620607369367,country,ECS,Europe & Central Asia
NLD,Netherlands,2016,4.71786588860522,country,ECS,Europe & Central Asia
NLD,Netherlands,2017,4.62075499073971,country,ECS,Europe & Central Asia
NLD,Netherlands,2018,4.66256917790853,country,ECS,Europe & Central Asia
NLD,Netherlands,2019,4.16611755403268,country,ECS,Europe & Central Asia
NLD,Netherlands,2020,3.84821298204059,country,ECS,Europe & Central Asia
NLD,Netherlands,2021,3.92649586641565,country,ECS,Europe & Central Asia
NLD,Netherlands,2022,4.00414562324181,country,ECS,Europe & Central Asia
NLD,Netherlands,2023,4.13350871423874,country,ECS,Europe & Central Asia
NLD,Netherlands,2024,3.80320244180131,country,ECS,Europe & Central Asia
NOR,Norway,1990,5.65130326308187,country,ECS,Europe & Central Asia
NOR,Norway,1991,6.09680296192201,country,ECS,Europe & Central Asia
NOR,Norway,1992,5.79644775027021,country,ECS,Europe & Central Asia
NOR,Norway,1993,7.47583404797389,country,ECS,Europe & Central Asia
NOR,Norway,1994,7.12181093193126,country,ECS,Europe & Central Asia
NOR,Norway,1995,7.80038799016226,country,ECS,Europe & Central Asia
NOR,Norway,1996,8.39461251238284,country,ECS,Europe & Central Asia
NOR,Norway,1997,7.44691331488398,country,ECS,Europe & Central Asia
NOR,Norway,1998,6.81662792287707,country,ECS,Europe & Central Asia
NOR,Norway,1999,7.32987279676003,country,ECS,Europe & Central Asia
NOR,Norway,2000,8.16955980473067,country,ECS,Europe & Central Asia
NOR,Norway,2001,8.16391828698006,country,ECS,Europe & Central Asia
NOR,Norway,2002,7.08695153207605,country,ECS,Europe & Central Asia
NOR,Norway,2003,8.60980861913063,country,ECS,Europe & Central Asia
NOR,Norway,2004,9.83845159423958,country,ECS,Europe & Central Asia
NOR,Norway,2005,7.24590425262121,country,ECS,Europe & Central Asia
NOR,Norway,2006,8.31866559194618,country,ECS,Europe & Central Asia
NOR,Norway,2007,7.36996326316403,country,ECS,Europe & Central Asia
NOR,Norway,2008,6.82736009681005,country,ECS,Europe & Central Asia
NOR,Norway,2009,5.75079872204473,country,ECS,Europe & Central Asia
NOR,Norway,2010,7.72783525167636,country,ECS,Europe & Central Asia
NOR,Norway,2011,5.7221712574193,country,ECS,Europe & Central Asia
NOR,Norway,2012,6.20195986807799,country,ECS,Europe & Central Asia
NOR,Norway,2013,6.01169520854466,country,ECS,Europe & Central Asia
NOR,Norway,2014,5.35676551384095,country,ECS,Europe & Central Asia
NOR,Norway,2015,5.16721320548476,country,ECS,Europe & Central Asia
NOR,Norway,2016,5.1629741951933,country,ECS,Europe & Central Asia
NOR,Norway,2017,5.1030238158951,country,ECS,Europe & Central Asia
NOR,Norway,2018,5.14218508875096,country,ECS,Europe & Central Asia
NOR,Norway,2019,5.18583309860199,country,ECS,Europe & Central Asia
NOR,Norway,2020,4.09227101388576,country,ECS,Europe & Central Asia
NOR,Norway,2021,4.44649890452249,country,ECS,Europe & Central Asia
NOR,Norway,2022,4.53758604239079,country,ECS,Europe & Central Asia
NOR,Norway,2023,4.73546596081216,country,ECS,Europe & Central Asia
NOR,Norway,2024,4.93557075835557,country,ECS,Europe & Central Asia
NPL,Nepal,1990,18.9066059225513,country,SAS,South Asia
NPL,Nepal,1991,19.31330472103,country,SAS,South Asia
NPL,Nepal,1992,20.7674943566591,country,SAS,South Asia
NPL,Nepal,1993,21.1146838156484,country,SAS,South Asia
NPL,Nepal,1994,21.4851485148515,country,SAS,South Asia
NPL,Nepal,1995,19.7324414715719,country,SAS,South Asia
NPL,Nepal,1996,20.8845208845209,country,SAS,South Asia
NPL,Nepal,1997,22.4123182207015,country,SAS,South Asia
NPL,Nepal,1998,22.72,country,SAS,South Asia
NPL,Nepal,1999,21.8538565629229,country,SAS,South Asia
NPL,Nepal,2000,21.2176009644364,country,SAS,South Asia
NPL,Nepal,2001,20.9962506695233,country,SAS,South Asia
NPL,Nepal,2002,19.6798493408663,country,SAS,South Asia
NPL,Nepal,2003,19.4885361552028,country,SAS,South Asia
NPL,Nepal,2004,27.1298593879239,country,SAS,South Asia
NPL,Nepal,2005,28.3458349782866,country,SAS,South Asia
NPL,Nepal,2006,29.6579330422125,country,SAS,South Asia
NPL,Nepal,2007,30.2650429799427,country,SAS,South Asia
NPL,Nepal,2008,31.8634423897582,country,SAS,South Asia
NPL,Nepal,2009,34.446227929374,country,SAS,South Asia
NPL,Nepal,2010,34.3204488778055,country,SAS,South Asia
NPL,Nepal,2011,31.5578465063001,country,SAS,South Asia
NPL,Nepal,2012,30.2646396396396,country,SAS,South Asia
NPL,Nepal,2013,32.8404890531703,country,SAS,South Asia
NPL,Nepal,2014,32.2955145118733,country,SAS,South Asia
NPL,Nepal,2015,37.9090645815233,country,SAS,South Asia
NPL,Nepal,2016,34.3562694797411,country,SAS,South Asia
NPL,Nepal,2017,31.566265060241,country,SAS,South Asia
NPL,Nepal,2018,23.7986743993372,country,SAS,South Asia
NPL,Nepal,2019,19.3380075004076,country,SAS,South Asia
NPL,Nepal,2020,24.3051066580478,country,SAS,South Asia
NPL,Nepal,2021,17.5367723223534,country,SAS,South Asia
NPL,Nepal,2022,15.3069806560135,country,SAS,South Asia
NPL,Nepal,2023,14.4083033671134,country,SAS,South Asia
NZL,New Zealand,1990,7.38026614337401,country,EAS,East Asia & Pacific
NZL,New Zealand,1991,7.14052141859151,country,EAS,East Asia & Pacific
NZL,New Zealand,1992,7.21168322794339,country,EAS,East Asia & Pacific
NZL,New Zealand,1993,7.11541239347104,country,EAS,East Asia & Pacific
NZL,New Zealand,1994,7.19420372211962,country,EAS,East Asia & Pacific
NZL,New Zealand,1995,7.17405037216073,country,EAS,East Asia & Pacific
NZL,New Zealand,1996,7.09433757200304,country,EAS,East Asia & Pacific
NZL,New Zealand,1997,7.31511898085089,country,EAS,East Asia & Pacific
NZL,New Zealand,1998,7.3964262078094,country,EAS,East Asia & Pacific
NZL,New Zealand,1999,7.29471271635185,country,EAS,East Asia & Pacific
NZL,New Zealand,2000,7.72589940843425,country,EAS,East Asia & Pacific
NZL,New Zealand,2001,7.62876212063972,country,EAS,East Asia & Pacific
NZL,New Zealand,2002,7.3948589526405,country,EAS,East Asia & Pacific
NZL,New Zealand,2003,7.07624525761841,country,EAS,East Asia & Pacific
NZL,New Zealand,2004,6.99588477366255,country,EAS,East Asia & Pacific
NZL,New Zealand,2005,6.93113075849232,country,EAS,East Asia & Pacific
NZL,New Zealand,2006,6.9136596458185,country,EAS,East Asia & Pacific
NZL,New Zealand,2007,6.89812283579369,country,EAS,East Asia & Pacific
NZL,New Zealand,2008,7.11830453686631,country,EAS,East Asia & Pacific
NZL,New Zealand,2009,6.87501435164987,country,EAS,East Asia & Pacific
NZL,New Zealand,2010,6.88934817876747,country,EAS,East Asia & Pacific
NZL,New Zealand,2011,6.72178530617732,country,EAS,East Asia & Pacific
NZL,New Zealand,2012,6.72717086834734,country,EAS,East Asia & Pacific
NZL,New Zealand,2013,6.61396815242969,country,EAS,East Asia & Pacific
NZL,New Zealand,2014,6.48131308538692,country,EAS,East Asia & Pacific
NZL,New Zealand,2015,6.48034191859294,country,EAS,East Asia & Pacific
NZL,New Zealand,2016,6.69112152707017,country,EAS,East Asia & Pacific
NZL,New Zealand,2017,6.59498207885305,country,EAS,East Asia & Pacific
NZL,New Zealand,2018,6.58253904327203,country,EAS,East Asia & Pacific
NZL,New Zealand,2019,6.64510698622248,country,EAS,East Asia & Pacific
NZL,New Zealand,2020,6.63851958318361,country,EAS,East Asia & Pacific
NZL,New Zealand,2021,6.50063885588756,country,EAS,East Asia & Pacific
NZL,New Zealand,2022,7.33045249983208,country,EAS,East Asia & Pacific
NZL,New Zealand,2023,6.60964578388787,country,EAS,East Asia & Pacific
NZL,New Zealand,2024,6.70860927152318,country,EAS,East Asia & Pacific
OMN,Oman,1990,11.9528993556987,country,MEA,"Middle East, North Africa, Afghanistan & Pakistan"
OMN,Oman,1991,11.7837837837838,country,MEA,"Middle East, North Africa, Afghanistan & Pakistan"
OMN,Oman,1992,12.9082730295326,country,MEA,"Middle East, North Africa, Afghanistan & Pakistan"
OMN,Oman,1993,13.1321789816561,country,MEA,"Middle East, North Africa, Afghanistan & Pakistan"
OMN,Oman,1994,13.4075508228461,country,MEA,"Middle East, North Africa, Afghanistan & Pakistan"
OMN,Oman,1995,12.4615384615385,country,MEA,"Middle East, North Africa, Afghanistan & Pakistan"
OMN,Oman,1996,13.8194648632755,country,MEA,"Middle East, North Africa, Afghanistan & Pakistan"
OMN,Oman,1997,14.3891773708664,country,MEA,"Middle East, North Africa, Afghanistan & Pakistan"
OMN,Oman,1998,15.8536585365854,country,MEA,"Middle East, North Africa, Afghanistan & Pakistan"
OMN,Oman,1999,17.377867585879,country,MEA,"Middle East, North Africa, Afghanistan & Pakistan"
OMN,Oman,2000,20.2941499286577,country,MEA,"Middle East, North Africa, Afghanistan & Pakistan"
OMN,Oman,2001,19.0202321043443,country,MEA,"Middle East, North Africa, Afghanistan & Pakistan"
OMN,Oman,2002,20.4046074920143,country,MEA,"Middle East, North Africa, Afghanistan & Pakistan"
OMN,Oman,2003,20.9445585215606,country,MEA,"Middle East, North Africa, Afghanistan & Pakistan"
OMN,Oman,2004,18.5581354900426,country,MEA,"Middle East, North Africa, Afghanistan & Pakistan"
OMN,Oman,2005,22.1827371081102,country,MEA,"Middle East, North Africa, Afghanistan & Pakistan"
OMN,Oman,2006,20.4332552693208,country,MEA,"Middle East, North Africa, Afghanistan & Pakistan"
OMN,Oman,2007,20.1397451705713,country,MEA,"Middle East, North Africa, Afghanistan & Pakistan"
OMN,Oman,2008,17.8827341267369,country,MEA,"Middle East, North Africa, Afghanistan & Pakistan"
OMN,Oman,2009,18.107888316617,country,MEA,"Middle East, North Africa, Afghanistan & Pakistan"
OMN,Oman,2010,15.2732226651193,country,MEA,"Middle East, North Africa, Afghanistan & Pakistan"
OMN,Oman,2011,12.9925939471519,country,MEA,"Middle East, North Africa, Afghanistan & Pakistan"
OMN,Oman,2012,13.6307311028501,country,MEA,"Middle East, North Africa, Afghanistan & Pakistan"
OMN,Oman,2013,10.9408940208071,country,MEA,"Middle East, North Africa, Afghanistan & Pakistan"
OMN,Oman,2014,10.8826255621546,country,MEA,"Middle East, North Africa, Afghanistan & Pakistan"
OMN,Oman,2015,9.67584396556987,country,MEA,"Middle East, North Africa, Afghanistan & Pakistan"
OMN,Oman,2016,9.49111942042533,country,MEA,"Middle East, North Africa, Afghanistan & Pakistan"
OMN,Oman,2017,9.17794194958634,country,MEA,"Middle East, North Africa, Afghanistan & Pakistan"
OMN,Oman,2018,9.7246150176257,country,MEA,"Middle East, North Africa, Afghanistan & Pakistan"
OMN,Oman,2019,9.16390025476723,country,MEA,"Middle East, North Africa, Afghanistan & Pakistan"
OMN,Oman,2020,10.3662482205254,country,MEA,"Middle East, North Africa, Afghanistan & Pakistan"
OMN,Oman,2021,9.8902427231409,country,MEA,"Middle East, North Africa, Afghanistan & Pakistan"
OMN,Oman,2022,8.86582230263784,country,MEA,"Middle East, North Africa, Afghanistan & Pakistan"
OMN,Oman,2023,7.48268930087112,country,MEA,"Middle East, North Africa, Afghanistan & Pakistan"
PAK,Pakistan,1990,20.725718684469,country,MEA,"Middle East, North Africa, Afghanistan & Pakistan"
PAK,Pakistan,1991,19.8510078878177,country,MEA,"Middle East, North Africa, Afghanistan & Pakistan"
PAK,Pakistan,1992,22.1901249743905,country,MEA,"Middle East, North Africa, Afghanistan & Pakistan"
PAK,Pakistan,1993,22.7994313469968,country,MEA,"Middle East, North Africa, Afghanistan & Pakistan"
PAK,Pakistan,1994,22.7635141443376,country,MEA,"Middle East, North Africa, Afghanistan & Pakistan"
PAK,Pakistan,1995,22.8119458538898,country,MEA,"Middle East, North Africa, Afghanistan & Pakistan"
PAK,Pakistan,1996,23.4317124735729,country,MEA,"Middle East, North Africa, Afghanistan & Pakistan"
PAK,Pakistan,1997,24.6110530126297,country,MEA,"Middle East, North Africa, Afghanistan & Pakistan"
PAK,Pakistan,1998,30.413584398117,country,MEA,"Middle East, North Africa, Afghanistan & Pakistan"
PAK,Pakistan,1999,26.6844025539678,country,MEA,"Middle East, North Africa, Afghanistan & Pakistan"
PAK,Pakistan,2000,24.267426155382,country,MEA,"Middle East, North Africa, Afghanistan & Pakistan"
PAK,Pakistan,2001,26.0637857241475,country,MEA,"Middle East, North Africa, Afghanistan & Pakistan"
PAK,Pakistan,2002,26.4754834619043,country,MEA,"Middle East, North Africa, Afghanistan & Pakistan"
PAK,Pakistan,2003,25.2022763825312,country,MEA,"Middle East, North Africa, Afghanistan & Pakistan"
PAK,Pakistan,2004,24.5676114400495,country,MEA,"Middle East, North Africa, Afghanistan & Pakistan"
PAK,Pakistan,2005,24.0374243022995,country,MEA,"Middle East, North Africa, Afghanistan & Pakistan"
PAK,Pakistan,2006,22.3106920672416,country,MEA,"Middle East, North Africa, Afghanistan & Pakistan"
PAK,Pakistan,2007,19.5921012742915,country,MEA,"Middle East, North Africa, Afghanistan & Pakistan"
PAK,Pakistan,2008,21.1709745022703,country,MEA,"Middle East, North Africa, Afghanistan & Pakistan"
PAK,Pakistan,2009,19.8800297828162,country,MEA,"Middle East, North Africa, Afghanistan & Pakistan"
PAK,Pakistan,2010,16.2262671639261,country,MEA,"Middle East, North Africa, Afghanistan & Pakistan"
PAK,Pakistan,2011,16.8829529919024,country,MEA,"Middle East, North Africa, Afghanistan & Pakistan"
PAK,Pakistan,2012,17.0319895968791,country,MEA,"Middle East, North Africa, Afghanistan & Pakistan"
PAK,Pakistan,2013,16.2688804335293,country,MEA,"Middle East, North Africa, Afghanistan & Pakistan"
PAK,Pakistan,2014,16.4756795154597,country,MEA,"Middle East, North Africa, Afghanistan & Pakistan"
PAK,Pakistan,2015,15.4620927599777,country,MEA,"Middle East, North Africa, Afghanistan & Pakistan"
PAK,Pakistan,2016,19.1004592468999,country,MEA,"Middle East, North Africa, Afghanistan & Pakistan"
PAK,Pakistan,2017,16.0781745064587,country,MEA,"Middle East, North Africa, Afghanistan & Pakistan"
PAK,Pakistan,2018,13.047638309789,country,MEA,"Middle East, North Africa, Afghanistan & Pakistan"
PAK,Pakistan,2019,17.3016799054586,country,MEA,"Middle East, North Africa, Afghanistan & Pakistan"
PAK,Pakistan,2020,14.3368136800956,country,MEA,"Middle East, North Africa, Afghanistan & Pakistan"
PAK,Pakistan,2021,14.8331257705378,country,MEA,"Middle East, North Africa, Afghanistan & Pakistan"
PAK,Pakistan,2022,14.8381319367181,country,MEA,"Middle East, North Africa, Afghanistan & Pakistan"
PAK,Pakistan,2023,15.351141549487,country,MEA,"Middle East, North Africa, Afghanistan & Pakistan"
PAN,Panama,1990,26.0052611800075,country,LCN,Latin America & Caribbean
PAN,Panama,1991,25.4838709677419,country,LCN,Latin America & Caribbean
PAN,Panama,1992,24.1474336892869,country,LCN,Latin America & Caribbean
PAN,Panama,1993,22.6247219574198,country,LCN,Latin America & Caribbean
PAN,Panama,1994,21.6304671228801,country,LCN,Latin America & Caribbean
PAN,Panama,1995,21.3128729752771,country,LCN,Latin America & Caribbean
PAN,Panama,1996,21.234309623431,country,LCN,Latin America & Caribbean
PAN,Panama,1997,23.5250555418415,country,LCN,Latin America & Caribbean
PAN,Panama,1998,21.546170365068,country,LCN,Latin America & Caribbean
PAN,Panama,1999,19.5633187772926,country,LCN,Latin America & Caribbean
PAN,Panama,2000,23.8592183343565,country,LCN,Latin America & Caribbean
PAN,Panama,2001,20.8040593286495,country,LCN,Latin America & Caribbean
PAN,Panama,2002,20.9522010202154,country,LCN,Latin America & Caribbean
PAN,Panama,2003,18.5796269727403,country,LCN,Latin America & Caribbean
PAN,Panama,2004,16.941503211248,country,LCN,Latin America & Caribbean
PAN,Panama,2005,15.9601853440879,country,LCN,Latin America & Caribbean
PAN,Panama,2006,15.478377024545,country,LCN,Latin America & Caribbean
PAN,Panama,2007,14.1109045848823,country,LCN,Latin America & Caribbean
PAN,Panama,2008,12.1089494163424,country,LCN,Latin America & Caribbean
PAN,Panama,2009,14.6926970354302,country,LCN,Latin America & Caribbean
PAN,Panama,2010,14.6281999187322,country,LCN,Latin America & Caribbean
PAN,Panama,2011,13.8072104321145,country,LCN,Latin America & Caribbean
PAN,Panama,2012,13.681273974195,country,LCN,Latin America & Caribbean
PAN,Panama,2013,13.4628265237776,country,LCN,Latin America & Caribbean
PAN,Panama,2014,14.1165069451922,country,LCN,Latin America & Caribbean
PAN,Panama,2015,13.4628460417678,country,LCN,Latin America & Caribbean
PAN,Panama,2016,13.8802131177659,country,LCN,Latin America & Caribbean
PAN,Panama,2017,13.1045100525267,country,LCN,Latin America & Caribbean
PAN,Panama,2018,12.7019548335267,country,LCN,Latin America & Caribbean
PAN,Panama,2019,10.2936126373626,country,LCN,Latin America & Caribbean
PAN,Panama,2020,10.6567874130992,country,LCN,Latin America & Caribbean
PAN,Panama,2021,9.51672862453532,country,LCN,Latin America & Caribbean
PAN,Panama,2022,7.1796128399902,country,LCN,Latin America & Caribbean
PAN,Panama,2023,6.57513348588863,country,LCN,Latin America & Caribbean
PER,Peru,1990,13.6370220162225,country,LCN,Latin America & Caribbean
PER,Peru,1991,10.9170004143074,country,LCN,Latin America & Caribbean
PER,Peru,1992,17.5354366712391,country,LCN,Latin America & Caribbean
PER,Peru,1993,18.2131280388979,country,LCN,Latin America & Caribbean
PER,Peru,1994,20.5848985251481,country,LCN,Latin America & Caribbean
PER,Peru,1995,18.6446977205154,country,LCN,Latin America & Caribbean
PER,Peru,1996,16.6917554423344,country,LCN,Latin America & Caribbean
PER,Peru,1997,16.0639661224717,country,LCN,Latin America & Caribbean
PER,Peru,1998,12.8882907133244,country,LCN,Latin America & Caribbean
PER,Peru,1999,12.0483193277311,country,LCN,Latin America & Caribbean
PER,Peru,2000,12.0527009222661,country,LCN,Latin America & Caribbean
PER,Peru,2001,11.1710631494804,country,LCN,Latin America & Caribbean
PER,Peru,2002,10.7959396641685,country,LCN,Latin America & Caribbean
PER,Peru,2003,10.5620640926289,country,LCN,Latin America & Caribbean
PER,Peru,2004,10.3256587586448,country,LCN,Latin America & Caribbean
PER,Peru,2005,9.50726720971091,country,LCN,Latin America & Caribbean
PER,Peru,2006,9.53253552729993,country,LCN,Latin America & Caribbean
PER,Peru,2007,8.52348993288591,country,LCN,Latin America & Caribbean
PER,Peru,2008,8.31482466293365,country,LCN,Latin America & Caribbean
PER,Peru,2009,8.29831932773109,country,LCN,Latin America & Caribbean
PER,Peru,2010,10.2838384695928,country,LCN,Latin America & Caribbean
PER,Peru,2011,5.82010582010582,country,LCN,Latin America & Caribbean
PER,Peru,2012,8.5200776385773,country,LCN,Latin America & Caribbean
PER,Peru,2013,10.4360551528594,country,LCN,Latin America & Caribbean
PER,Peru,2014,10.8738537579397,country,LCN,Latin America & Caribbean
PER,Peru,2015,11.0570828917565,country,LCN,Latin America & Caribbean
PER,Peru,2016,10.4276808216323,country,LCN,Latin America & Caribbean
PER,Peru,2017,10.2770098521253,country,LCN,Latin America & Caribbean
PER,Peru,2018,10.8545328820468,country,LCN,Latin America & Caribbean
PER,Peru,2019,11.2442962442962,country,LCN,Latin America & Caribbean
PER,Peru,2020,12.2051067232811,country,LCN,Latin America & Caribbean
PER,Peru,2021,11.7846299643741,country,LCN,Latin America & Caribbean
PER,Peru,2022,11.2261644924962,country,LCN,Latin America & Caribbean
PER,Peru,2023,11.3404772861745,country,LCN,Latin America & Caribbean
PHL,Philippines,1990,15.1175599194743,country,EAS,East Asia & Pacific
PHL,Philippines,1991,12.3825490272525,country,EAS,East Asia & Pacific
PHL,Philippines,1992,15.7363741785852,country,EAS,East Asia & Pacific
PHL,Philippines,1993,15.9449189209526,country,EAS,East Asia & Pacific
PHL,Philippines,1994,15.5422042745986,country,EAS,East Asia & Pacific
PHL,Philippines,1995,17.0918519401562,country,EAS,East Asia & Pacific
PHL,Philippines,1996,16.6943634729071,country,EAS,East Asia & Pacific
PHL,Philippines,1997,15.1694851370706,country,EAS,East Asia & Pacific
PHL,Philippines,1998,14.0614482161746,country,EAS,East Asia & Pacific
PHL,Philippines,1999,13.8878161807299,country,EAS,East Asia & Pacific
PHL,Philippines,2000,14.0097151689115,country,EAS,East Asia & Pacific
PHL,Philippines,2001,12.1232731137088,country,EAS,East Asia & Pacific
PHL,Philippines,2002,12.3176594383808,country,EAS,East Asia & Pacific
PHL,Philippines,2003,12.8636191915376,country,EAS,East Asia & Pacific
PHL,Philippines,2004,12.9150434254262,country,EAS,East Asia & Pacific
PHL,Philippines,2005,12.0509828878518,country,EAS,East Asia & Pacific
PHL,Philippines,2006,12.1248943364328,country,EAS,East Asia & Pacific
PHL,Philippines,2007,12.76253103402,country,EAS,East Asia & Pacific
PHL,Philippines,2008,12.6270099635,country,EAS,East Asia & Pacific
PHL,Philippines,2009,12.1784624327859,country,EAS,East Asia & Pacific
PHL,Philippines,2010,11.5141047783535,country,EAS,East Asia & Pacific
PHL,Philippines,2011,11.1019558523787,country,EAS,East Asia & Pacific
PHL,Philippines,2012,11.4643043251694,country,EAS,East Asia & Pacific
PHL,Philippines,2013,10.2847197310907,country,EAS,East Asia & Pacific
PHL,Philippines,2014,9.64873679850901,country,EAS,East Asia & Pacific
PHL,Philippines,2015,9.07723108657405,country,EAS,East Asia & Pacific
PHL,Philippines,2016,9.12785383098933,country,EAS,East Asia & Pacific
PHL,Philippines,2017,8.7536557453482,country,EAS,East Asia & Pacific
PHL,Philippines,2018,9.02685202818511,country,EAS,East Asia & Pacific
PHL,Philippines,2019,9.42314582586886,country,EAS,East Asia & Pacific
PHL,Philippines,2020,9.57130083617462,country,EAS,East Asia & Pacific
PHL,Philippines,2021,9.39207778992198,country,EAS,East Asia & Pacific
PHL,Philippines,2022,9.58721107464988,country,EAS,East Asia & Pacific
PHL,Philippines,2023,9.99127288748803,country,EAS,East Asia & Pacific
POL,Poland,1990,7.74699033827057,country,ECS,Europe & Central Asia
POL,Poland,1991,10.3797675074602,country,ECS,Europe & Central Asia
POL,Poland,1992,11.380790960452,country,ECS,Europe & Central Asia
POL,Poland,1993,12.6461338492683,country,ECS,Europe & Central Asia
POL,Poland,1994,12.7841769673506,country,ECS,Europe & Central Asia
POL,Poland,1995,12.9994388731422,country,ECS,Europe & Central Asia
POL,Poland,1996,12.5952518980534,country,ECS,Europe & Central Asia
POL,Poland,1997,11.6849919462147,country,ECS,Europe & Central Asia
POL,Poland,1998,10.7410234681943,country,ECS,Europe & Central Asia
POL,Poland,1999,10.252729933581,country,ECS,Europe & Central Asia
POL,Poland,2000,9.80411064580119,country,ECS,Europe & Central Asia
POL,Poland,2001,9.74961542687617,country,ECS,Europe & Central Asia
POL,Poland,2002,9.99125764955664,country,ECS,Europe & Central Asia
POL,Poland,2003,9.53630853849147,country,ECS,Europe & Central Asia
POL,Poland,2004,9.36111417432651,country,ECS,Europe & Central Asia
POL,Poland,2005,9.27957893663659,country,ECS,Europe & Central Asia
POL,Poland,2006,8.66874404916472,country,ECS,Europe & Central Asia
POL,Poland,2007,9.04686597886387,country,ECS,Europe & Central Asia
POL,Poland,2008,8.10598499726345,country,ECS,Europe & Central Asia
POL,Poland,2009,8.26061165304508,country,ECS,Europe & Central Asia
POL,Poland,2010,7.51695135642566,country,ECS,Europe & Central Asia
POL,Poland,2011,6.50451243671583,country,ECS,Europe & Central Asia
POL,Poland,2012,6.71275880571608,country,ECS,Europe & Central Asia
POL,Poland,2013,6.22615141572488,country,ECS,Europe & Central Asia
POL,Poland,2014,6.44414965515941,country,ECS,Europe & Central Asia
POL,Poland,2015,6.38640993306819,country,ECS,Europe & Central Asia
POL,Poland,2016,5.69808263570078,country,ECS,Europe & Central Asia
POL,Poland,2017,5.86396034376558,country,ECS,Europe & Central Asia
POL,Poland,2018,5.23056475279201,country,ECS,Europe & Central Asia
POL,Poland,2019,5.45832621899163,country,ECS,Europe & Central Asia
POL,Poland,2020,6.32426823249516,country,ECS,Europe & Central Asia
POL,Poland,2021,5.14888855487082,country,ECS,Europe & Central Asia
POL,Poland,2022,5.80089903642878,country,ECS,Europe & Central Asia
POL,Poland,2023,6.17822444760459,country,ECS,Europe & Central Asia
POL,Poland,2024,6.83239349295858,country,ECS,Europe & Central Asia
PRK,"Korea, Dem. People's Rep.",1990,9.34657039711191,country,EAS,East Asia & Pacific
PRK,"Korea, Dem. People's Rep.",1991,9.34600760456274,country,EAS,East Asia & Pacific
PRK,"Korea, Dem. People's Rep.",1992,13.1578947368421,country,EAS,East Asia & Pacific
PRK,"Korea, Dem. People's Rep.",1993,13.158371040724,country,EAS,East Asia & Pacific
PRK,"Korea, Dem. People's Rep.",1994,13.5151515151515,country,EAS,East Asia & Pacific
PRK,"Korea, Dem. People's Rep.",1995,13.8869565217391,country,EAS,East Asia & Pacific
PRK,"Korea, Dem. People's Rep.",1996,14.2863849765258,country,EAS,East Asia & Pacific
PRK,"Korea, Dem. People's Rep.",1997,14.7098445595855,country,EAS,East Asia & Pacific
PRK,"Korea, Dem. People's Rep.",1998,15.4823529411765,country,EAS,East Asia & Pacific
PRK,"Korea, Dem. People's Rep.",1999,15.3333333333333,country,EAS,East Asia & Pacific
PRK,"Korea, Dem. People's Rep.",2000,15.8041237113402,country,EAS,East Asia & Pacific
PRK,"Korea, Dem. People's Rep.",2001,15.8069306930693,country,EAS,East Asia & Pacific
PRK,"Korea, Dem. People's Rep.",2002,15.8070388349515,country,EAS,East Asia & Pacific
PRK,"Korea, Dem. People's Rep.",2003,15.8062672635489,country,EAS,East Asia & Pacific
PRK,"Korea, Dem. People's Rep.",2004,15.8064809757874,country,EAS,East Asia & Pacific
PRK,"Korea, Dem. People's Rep.",2005,15.8053251855085,country,EAS,East Asia & Pacific
PRK,"Korea, Dem. People's Rep.",2006,15.8033166904422,country,EAS,East Asia & Pacific
PRK,"Korea, Dem. People's Rep.",2007,15.8039033457249,country,EAS,East Asia & Pacific
PRK,"Korea, Dem. People's Rep.",2008,15.8053532175337,country,EAS,East Asia & Pacific
PRK,"Korea, Dem. People's Rep.",2009,15.8042553191489,country,EAS,East Asia & Pacific
PRK,"Korea, Dem. People's Rep.",2010,15.8059071729958,country,EAS,East Asia & Pacific
PRK,"Korea, Dem. People's Rep.",2011,15.8047619047619,country,EAS,East Asia & Pacific
PRK,"Korea, Dem. People's Rep.",2012,15.8046511627907,country,EAS,East Asia & Pacific
PRK,"Korea, Dem. People's Rep.",2013,15.8054298642534,country,EAS,East Asia & Pacific
PRK,"Korea, Dem. People's Rep.",2014,15.8055555555556,country,EAS,East Asia & Pacific
PRK,"Korea, Dem. People's Rep.",2015,15.8052631578947,country,EAS,East Asia & Pacific
PRK,"Korea, Dem. People's Rep.",2016,15.8033472803347,country,EAS,East Asia & Pacific
PRK,"Korea, Dem. People's Rep.",2017,15.8031088082902,country,EAS,East Asia & Pacific
PRK,"Korea, Dem. People's Rep.",2018,15.6184906265022,country,EAS,East Asia & Pacific
PRK,"Korea, Dem. People's Rep.",2019,15.7978478415609,country,EAS,East Asia & Pacific
PRK,"Korea, Dem. People's Rep.",2020,15.8043234720551,country,EAS,East Asia & Pacific
PRK,"Korea, Dem. People's Rep.",2021,15.5475791034294,country,EAS,East Asia & Pacific
PRK,"Korea, Dem. People's Rep.",2022,15.4921089306565,country,EAS,East Asia & Pacific
PRK,"Korea, Dem. People's Rep.",2023,15.5368354128586,country,EAS,East Asia & Pacific
PRT,Portugal,1990,11.6732746219431,country,ECS,Europe & Central Asia
PRT,Portugal,1991,10.9935725763257,country,ECS,Europe & Central Asia
PRT,Portugal,1992,11.2802446157937,country,ECS,Europe & Central Asia
PRT,Portugal,1993,11.0107030699225,country,ECS,Europe & Central Asia
PRT,Portugal,1994,11.3986169975463,country,ECS,Europe & Central Asia
PRT,Portugal,1995,9.98947843078311,country,ECS,Europe & Central Asia
PRT,Portugal,1996,10.0084006836418,country,ECS,Europe & Central Asia
PRT,Portugal,1997,9.38376987839102,country,ECS,Europe & Central Asia
PRT,Portugal,1998,8.29571106094808,country,ECS,Europe & Central Asia
PRT,Portugal,1999,8.39050985284265,country,ECS,Europe & Central Asia
PRT,Portugal,2000,8.33790329951558,country,ECS,Europe & Central Asia
PRT,Portugal,2001,8.72304285192113,country,ECS,Europe & Central Asia
PRT,Portugal,2002,7.59537597327955,country,ECS,Europe & Central Asia
PRT,Portugal,2003,8.28353111926919,country,ECS,Europe & Central Asia
PRT,Portugal,2004,8.99456822968629,country,ECS,Europe & Central Asia
PRT,Portugal,2005,9.04367243526431,country,ECS,Europe & Central Asia
PRT,Portugal,2006,7.51615994779878,country,ECS,Europe & Central Asia
PRT,Portugal,2007,6.72987386777279,country,ECS,Europe & Central Asia
PRT,Portugal,2008,9.11167181450385,country,ECS,Europe & Central Asia
PRT,Portugal,2009,7.55273169080009,country,ECS,Europe & Central Asia
PRT,Portugal,2010,7.91273802921058,country,ECS,Europe & Central Asia
PRT,Portugal,2011,7.79611909572643,country,ECS,Europe & Central Asia
PRT,Portugal,2012,10.097824687862,country,ECS,Europe & Central Asia
PRT,Portugal,2013,10.5567704603952,country,ECS,Europe & Central Asia
PRT,Portugal,2014,9.8651566228552,country,ECS,Europe & Central Asia
PRT,Portugal,2015,9.33613124761541,country,ECS,Europe & Central Asia
PRT,Portugal,2016,8.12378789636825,country,ECS,Europe & Central Asia
PRT,Portugal,2017,8.58138008783295,country,ECS,Europe & Central Asia
PRT,Portugal,2018,8.48480783419411,country,ECS,Europe & Central Asia
PRT,Portugal,2019,9.30691951687549,country,ECS,Europe & Central Asia
PRT,Portugal,2020,8.47997287011568,country,ECS,Europe & Central Asia
PRT,Portugal,2021,9.69418780282077,country,ECS,Europe & Central Asia
PRT,Portugal,2022,10.2442222586461,country,ECS,Europe & Central Asia
PRT,Portugal,2023,9.86481251146953,country,ECS,Europe & Central Asia
PRT,Portugal,2024,9.66725386572715,country,ECS,Europe & Central Asia
PRY,Paraguay,1990,0.305315431304028,country,LCN,Latin America & Caribbean
PRY,Paraguay,1991,0.0374774283670062,country,LCN,Latin America & Caribbean
PRY,Paraguay,1992,0.158431892708448,country,LCN,Latin America & Caribbean
PRY,Paraguay,1993,1.51100648937524,country,LCN,Latin America & Caribbean
PRY,Paraguay,1994,1.49929977757641,country,LCN,Latin America & Caribbean
PRY,Paraguay,1995,1.57681653526529,country,LCN,Latin America & Caribbean
PRY,Paraguay,1996,0.17399839386098,country,LCN,Latin America & Caribbean
PRY,Paraguay,1997,2.31597986788298,country,LCN,Latin America & Caribbean
PRY,Paraguay,1998,2.72586128962522,country,LCN,Latin America & Caribbean
PRY,Paraguay,1999,2.82085818741582,country,LCN,Latin America & Caribbean
PRY,Paraguay,2000,2.66955806475735,country,LCN,Latin America & Caribbean
PRY,Paraguay,2001,3.21071562548271,country,LCN,Latin America & Caribbean
PRY,Paraguay,2002,3.23778312453331,country,LCN,Latin America & Caribbean
PRY,Paraguay,2003,3.63717138938788,country,LCN,Latin America & Caribbean
PRY,Paraguay,2004,4.24024185939034,country,LCN,Latin America & Caribbean
PRY,Paraguay,2005,4.62807332994567,country,LCN,Latin America & Caribbean
PRY,Paraguay,2006,4.90943578681147,country,LCN,Latin America & Caribbean
PRY,Paraguay,2007,5.12705948059201,country,LCN,Latin America & Caribbean
PRY,Paraguay,2008,5.25461627236007,country,LCN,Latin America & Caribbean
PRY,Paraguay,2009,5.69712413542046,country,LCN,Latin America & Caribbean
PRY,Paraguay,2010,6.2312728886916,country,LCN,Latin America & Caribbean
PRY,Paraguay,2011,5.95748373101952,country,LCN,Latin America & Caribbean
PRY,Paraguay,2012,6.38333194986304,country,LCN,Latin America & Caribbean
PRY,Paraguay,2013,5.57956973220053,country,LCN,Latin America & Caribbean
PRY,Paraguay,2014,6.15390181252487,country,LCN,Latin America & Caribbean
PRY,Paraguay,2015,6.44015499425947,country,LCN,Latin America & Caribbean
PRY,Paraguay,2016,5.99175173668282,country,LCN,Latin America & Caribbean
PRY,Paraguay,2017,6.70185138644551,country,LCN,Latin America & Caribbean
PRY,Paraguay,2018,6.78916435857596,country,LCN,Latin America & Caribbean
PRY,Paraguay,2019,9.03998220316703,country,LCN,Latin America & Caribbean
PRY,Paraguay,2020,9.1154144742517,country,LCN,Latin America & Caribbean
PRY,Paraguay,2021,11.9372625903688,country,LCN,Latin America & Caribbean
PRY,Paraguay,2022,11.7731075290757,country,LCN,Latin America & Caribbean
PRY,Paraguay,2023,11.8832601195302,country,LCN,Latin America & Caribbean
QAT,Qatar,1990,5.18887505188875,country,MEA,"Middle East, North Africa, Afghanistan & Pakistan"
QAT,Qatar,1991,5.64290329528322,country,MEA,"Middle East, North Africa, Afghanistan & Pakistan"
QAT,Qatar,1992,5.4337279254803,country,MEA,"Middle East, North Africa, Afghanistan & Pakistan"
QAT,Qatar,1993,5.84932995291561,country,MEA,"Middle East, North Africa, Afghanistan & Pakistan"
QAT,Qatar,1994,6.19088564058469,country,MEA,"Middle East, North Africa, Afghanistan & Pakistan"
QAT,Qatar,1995,7.73092369477912,country,MEA,"Middle East, North Africa, Afghanistan & Pakistan"
QAT,Qatar,1996,5.96197718631179,country,MEA,"Middle East, North Africa, Afghanistan & Pakistan"
QAT,Qatar,1997,5.9979618576212,country,MEA,"Middle East, North Africa, Afghanistan & Pakistan"
QAT,Qatar,1998,6.47623737995568,country,MEA,"Middle East, North Africa, Afghanistan & Pakistan"
QAT,Qatar,1999,6.94315004659832,country,MEA,"Middle East, North Africa, Afghanistan & Pakistan"
QAT,Qatar,2000,6.93015108386249,country,MEA,"Middle East, North Africa, Afghanistan & Pakistan"
QAT,Qatar,2001,6.97417344990453,country,MEA,"Middle East, North Africa, Afghanistan & Pakistan"
QAT,Qatar,2002,6.9835466179159,country,MEA,"Middle East, North Africa, Afghanistan & Pakistan"
QAT,Qatar,2003,6.96803196803197,country,MEA,"Middle East, North Africa, Afghanistan & Pakistan"
QAT,Qatar,2004,6.92208871759994,country,MEA,"Middle East, North Africa, Afghanistan & Pakistan"
QAT,Qatar,2005,7.07835509863851,country,MEA,"Middle East, North Africa, Afghanistan & Pakistan"
QAT,Qatar,2006,7.10772833723653,country,MEA,"Middle East, North Africa, Afghanistan & Pakistan"
QAT,Qatar,2007,7.13184667557291,country,MEA,"Middle East, North Africa, Afghanistan & Pakistan"
QAT,Qatar,2008,7.0780903034789,country,MEA,"Middle East, North Africa, Afghanistan & Pakistan"
QAT,Qatar,2009,6.27949333554102,country,MEA,"Middle East, North Africa, Afghanistan & Pakistan"
QAT,Qatar,2010,6.27842524161455,country,MEA,"Middle East, North Africa, Afghanistan & Pakistan"
QAT,Qatar,2011,6.23169541164985,country,MEA,"Middle East, North Africa, Afghanistan & Pakistan"
QAT,Qatar,2012,6.23221318308564,country,MEA,"Middle East, North Africa, Afghanistan & Pakistan"
QAT,Qatar,2013,6.22764509057344,country,MEA,"Middle East, North Africa, Afghanistan & Pakistan"
QAT,Qatar,2014,6.05034632482167,country,MEA,"Middle East, North Africa, Afghanistan & Pakistan"
QAT,Qatar,2015,5.96399913250922,country,MEA,"Middle East, North Africa, Afghanistan & Pakistan"
QAT,Qatar,2016,5.98482520623065,country,MEA,"Middle East, North Africa, Afghanistan & Pakistan"
QAT,Qatar,2017,5.91386047328445,country,MEA,"Middle East, North Africa, Afghanistan & Pakistan"
QAT,Qatar,2018,5.81482718316914,country,MEA,"Middle East, North Africa, Afghanistan & Pakistan"
QAT,Qatar,2019,5.55822906641001,country,MEA,"Middle East, North Africa, Afghanistan & Pakistan"
QAT,Qatar,2020,5.63157253644078,country,MEA,"Middle East, North Africa, Afghanistan & Pakistan"
QAT,Qatar,2021,5.66216765748146,country,MEA,"Middle East, North Africa, Afghanistan & Pakistan"
QAT,Qatar,2022,5.71371034179741,country,MEA,"Middle East, North Africa, Afghanistan & Pakistan"
QAT,Qatar,2023,5.73521307045459,country,MEA,"Middle East, North Africa, Afghanistan & Pakistan"
ROU,Romania,1990,9.21954936323065,country,ECS,Europe & Central Asia
ROU,Romania,1991,10.3233984120557,country,ECS,Europe & Central Asia
ROU,Romania,1992,10.1946674047421,country,ECS,Europe & Central Asia
ROU,Romania,1993,10.1449275362319,country,ECS,Europe & Central Asia
ROU,Romania,1994,9.18637550783517,country,ECS,Europe & Central Asia
ROU,Romania,1995,11.369081766949,country,ECS,Europe & Central Asia
ROU,Romania,1996,11.7131214343928,country,ECS,Europe & Central Asia
ROU,Romania,1997,11.5489605935466,country,ECS,Europe & Central Asia
ROU,Romania,1998,12.0569762225213,country,ECS,Europe & Central Asia
ROU,Romania,1999,12.5951488858213,country,ECS,Europe & Central Asia
ROU,Romania,2000,12.7642777371279,country,ECS,Europe & Central Asia
ROU,Romania,2001,12.6499090335276,country,ECS,Europe & Central Asia
ROU,Romania,2002,12.2145493076108,country,ECS,Europe & Central Asia
ROU,Romania,2003,8.65796155241204,country,ECS,Europe & Central Asia
ROU,Romania,2004,10.7488628117312,country,ECS,Europe & Central Asia
ROU,Romania,2005,10.2334505916214,country,ECS,Europe & Central Asia
ROU,Romania,2006,10.4917300668294,country,ECS,Europe & Central Asia
ROU,Romania,2007,10.9464433382517,country,ECS,Europe & Central Asia
ROU,Romania,2008,11.0690313442946,country,ECS,Europe & Central Asia
ROU,Romania,2009,12.1160409556314,country,ECS,Europe & Central Asia
ROU,Romania,2010,11.5744764591089,country,ECS,Europe & Central Asia
ROU,Romania,2011,11.4775704389476,country,ECS,Europe & Central Asia
ROU,Romania,2012,11.9603692099246,country,ECS,Europe & Central Asia
ROU,Romania,2013,11.9226327944573,country,ECS,Europe & Central Asia
ROU,Romania,2014,10.8060783238931,country,ECS,Europe & Central Asia
ROU,Romania,2015,10.8015566550018,country,ECS,Europe & Central Asia
ROU,Romania,2016,10.9441961199945,country,ECS,Europe & Central Asia
ROU,Romania,2017,10.8762597984323,country,ECS,Europe & Central Asia
ROU,Romania,2018,10.8761329305136,country,ECS,Europe & Central Asia
ROU,Romania,2019,10.9036932675858,country,ECS,Europe & Central Asia
ROU,Romania,2020,11.0880680802374,country,ECS,Europe & Central Asia
ROU,Romania,2021,10.4220615436354,country,ECS,Europe & Central Asia
ROU,Romania,2022,9.75143744866255,country,ECS,Europe & Central Asia
ROU,Romania,2023,9.80649166982857,country,ECS,Europe & Central Asia
RUS,Russian Federation,1990,7.7864292631719,country,ECS,Europe & Central Asia
RUS,Russian Federation,1991,7.85713416398059,country,ECS,Europe & Central Asia
RUS,Russian Federation,1992,8.33883682879667,country,ECS,Europe & Central Asia
RUS,Russian Federation,1993,9.16936985344773,country,ECS,Europe & Central Asia
RUS,Russian Federation,1994,9.75506727829445,country,ECS,Europe & Central Asia
RUS,Russian Federation,1995,9.70609062273626,country,ECS,Europe & Central Asia
RUS,Russian Federation,1996,9.9690385666379,country,ECS,Europe & Central Asia
RUS,Russian Federation,1997,10.1169838826469,country,ECS,Europe & Central Asia
RUS,Russian Federation,1998,11.2713653256089,country,ECS,Europe & Central Asia
RUS,Russian Federation,1999,11.3643400226417,country,ECS,Europe & Central Asia
RUS,Russian Federation,2000,11.5795098010176,country,ECS,Europe & Central Asia
RUS,Russian Federation,2001,11.8357336157723,country,ECS,Europe & Central Asia
RUS,Russian Federation,2002,12.0697644412281,country,ECS,Europe & Central Asia
RUS,Russian Federation,2003,12.0598808668909,country,ECS,Europe & Central Asia
RUS,Russian Federation,2004,12.0823295219801,country,ECS,Europe & Central Asia
RUS,Russian Federation,2005,11.812889917594,country,ECS,Europe & Central Asia
RUS,Russian Federation,2006,10.8043430669395,country,ECS,Europe & Central Asia
RUS,Russian Federation,2007,10.3271537515278,country,ECS,Europe & Central Asia
RUS,Russian Federation,2008,10.5000197043577,country,ECS,Europe & Central Asia
RUS,Russian Federation,2009,10.7655396278151,country,ECS,Europe & Central Asia
RUS,Russian Federation,2010,10.1088600522143,country,ECS,Europe & Central Asia
RUS,Russian Federation,2011,9.9550136760321,country,ECS,Europe & Central Asia
RUS,Russian Federation,2012,9.9620447281958,country,ECS,Europe & Central Asia
RUS,Russian Federation,2013,10.1024273623066,country,ECS,Europe & Central Asia
RUS,Russian Federation,2014,10.0137473254733,country,ECS,Europe & Central Asia
RUS,Russian Federation,2015,9.98113426706534,country,ECS,Europe & Central Asia
RUS,Russian Federation,2016,9.83039910245258,country,ECS,Europe & Central Asia
RUS,Russian Federation,2017,9.61903996022985,country,ECS,Europe & Central Asia
RUS,Russian Federation,2018,9.24756948523576,country,ECS,Europe & Central Asia
RUS,Russian Federation,2019,8.83439204202972,country,ECS,Europe & Central Asia
RUS,Russian Federation,2020,8.77066112858332,country,ECS,Europe & Central Asia
RUS,Russian Federation,2021,8.43778246979514,country,ECS,Europe & Central Asia
RUS,Russian Federation,2022,8.55705047795434,country,ECS,Europe & Central Asia
RUS,Russian Federation,2023,8.38828346435005,country,ECS,Europe & Central Asia
RWA,Rwanda,1990,21.5568862275449,country,SSF,Sub-Saharan Africa
RWA,Rwanda,1991,22.4242424242424,country,SSF,Sub-Saharan Africa
RWA,Rwanda,1992,22.6744186046512,country,SSF,Sub-Saharan Africa
RWA,Rwanda,1993,23.8709677419355,country,SSF,Sub-Saharan Africa
RWA,Rwanda,1994,24.6835443037975,country,SSF,Sub-Saharan Africa
RWA,Rwanda,1995,25.0,country,SSF,Sub-Saharan Africa
RWA,Rwanda,1996,26.0,country,SSF,Sub-Saharan Africa
RWA,Rwanda,1997,27.1428571428571,country,SSF,Sub-Saharan Africa
RWA,Rwanda,1998,28.5714285714286,country,SSF,Sub-Saharan Africa
RWA,Rwanda,1999,30.46875,country,SSF,Sub-Saharan Africa
RWA,Rwanda,2000,31.1377245508982,country,SSF,Sub-Saharan Africa
RWA,Rwanda,2001,36.0,country,SSF,Sub-Saharan Africa
RWA,Rwanda,2002,35.0877192982456,country,SSF,Sub-Saharan Africa
RWA,Rwanda,2003,33.3333333333333,country,SSF,Sub-Saharan Africa
RWA,Rwanda,2004,35.6164383561644,country,SSF,Sub-Saharan Africa
RWA,Rwanda,2005,29.3193717277487,country,SSF,Sub-Saharan Africa
RWA,Rwanda,2006,24.812030075188,country,SSF,Sub-Saharan Africa
RWA,Rwanda,2007,26.1904761904762,country,SSF,Sub-Saharan Africa
RWA,Rwanda,2008,25.9649122807018,country,SSF,Sub-Saharan Africa
RWA,Rwanda,2009,24.0384615384615,country,SSF,Sub-Saharan Africa
RWA,Rwanda,2010,25.7839721254355,country,SSF,Sub-Saharan Africa
RWA,Rwanda,2011,24.7126436781609,country,SSF,Sub-Saharan Africa
RWA,Rwanda,2012,24.9363867684478,country,SSF,Sub-Saharan Africa
RWA,Rwanda,2013,25.4742547425474,country,SSF,Sub-Saharan Africa
RWA,Rwanda,2014,24.4655581947743,country,SSF,Sub-Saharan Africa
RWA,Rwanda,2015,23.5294117647059,country,SSF,Sub-Saharan Africa
RWA,Rwanda,2016,23.5294117647059,country,SSF,Sub-Saharan Africa
RWA,Rwanda,2017,19.634703196347,country,SSF,Sub-Saharan Africa
RWA,Rwanda,2018,19.4871794871795,country,SSF,Sub-Saharan Africa
RWA,Rwanda,2019,19.4865810968495,country,SSF,Sub-Saharan Africa
RWA,Rwanda,2020,19.6610169491525,country,SSF,Sub-Saharan Africa
RWA,Rwanda,2021,18.9134808853119,country,SSF,Sub-Saharan Africa
RWA,Rwanda,2022,17.3059768064228,country,SSF,Sub-Saharan Africa
RWA,Rwanda,2023,18.2659932659933,country,SSF,Sub-Saharan Africa
SAU,Saudi Arabia,1990,5.75800485493007,country,MEA,"Middle East, North Africa, Afghanistan & Pakistan"
SAU,Saudi Arabia,1991,6.58550755968707,country,MEA,"Middle East, North Africa, Afghanistan & Pakistan"
SAU,Saudi Arabia,1992,7.53132984547999,country,MEA,"Middle East, North Africa, Afghanistan & Pakistan"
SAU,Saudi Arabia,1993,7.41542179261863,country,MEA,"Middle East, North Africa, Afghanistan & Pakistan"
SAU,Saudi Arabia,1994,6.23496092502289,country,MEA,"Middle East, North Africa, Afghanistan & Pakistan"
SAU,Saudi Arabia,1995,6.08813850336243,country,MEA,"Middle East, North Africa, Afghanistan & Pakistan"
SAU,Saudi Arabia,1996,6.49069367248848,country,MEA,"Middle East, North Africa, Afghanistan & Pakistan"
SAU,Saudi Arabia,1997,7.46192327004259,country,MEA,"Middle East, North Africa, Afghanistan & Pakistan"
SAU,Saudi Arabia,1998,5.56520070142991,country,MEA,"Middle East, North Africa, Afghanistan & Pakistan"
SAU,Saudi Arabia,1999,4.76326513464689,country,MEA,"Middle East, North Africa, Afghanistan & Pakistan"
SAU,Saudi Arabia,2000,7.23585675682101,country,MEA,"Middle East, North Africa, Afghanistan & Pakistan"
SAU,Saudi Arabia,2001,5.66681379186522,country,MEA,"Middle East, North Africa, Afghanistan & Pakistan"
SAU,Saudi Arabia,2002,6.93401817463453,country,MEA,"Middle East, North Africa, Afghanistan & Pakistan"
SAU,Saudi Arabia,2003,4.57647058823529,country,MEA,"Middle East, North Africa, Afghanistan & Pakistan"
SAU,Saudi Arabia,2004,8.08569194683346,country,MEA,"Middle East, North Africa, Afghanistan & Pakistan"
SAU,Saudi Arabia,2005,10.548817878313,country,MEA,"Middle East, North Africa, Afghanistan & Pakistan"
SAU,Saudi Arabia,2006,7.60496930013118,country,MEA,"Middle East, North Africa, Afghanistan & Pakistan"
SAU,Saudi Arabia,2007,8.23470753404886,country,MEA,"Middle East, North Africa, Afghanistan & Pakistan"
SAU,Saudi Arabia,2008,8.67384916748286,country,MEA,"Middle East, North Africa, Afghanistan & Pakistan"
SAU,Saudi Arabia,2009,8.27567462986337,country,MEA,"Middle East, North Africa, Afghanistan & Pakistan"
SAU,Saudi Arabia,2010,8.909031078306,country,MEA,"Middle East, North Africa, Afghanistan & Pakistan"
SAU,Saudi Arabia,2011,9.40011676170216,country,MEA,"Middle East, North Africa, Afghanistan & Pakistan"
SAU,Saudi Arabia,2012,8.21887507171643,country,MEA,"Middle East, North Africa, Afghanistan & Pakistan"
SAU,Saudi Arabia,2013,6.60489733157792,country,MEA,"Middle East, North Africa, Afghanistan & Pakistan"
SAU,Saudi Arabia,2014,6.27200645473233,country,MEA,"Middle East, North Africa, Afghanistan & Pakistan"
SAU,Saudi Arabia,2015,7.01535745709599,country,MEA,"Middle East, North Africa, Afghanistan & Pakistan"
SAU,Saudi Arabia,2016,7.09674621801369,country,MEA,"Middle East, North Africa, Afghanistan & Pakistan"
SAU,Saudi Arabia,2017,8.54500603524159,country,MEA,"Middle East, North Africa, Afghanistan & Pakistan"
SAU,Saudi Arabia,2018,8.5077894909975,country,MEA,"Middle East, North Africa, Afghanistan & Pakistan"
SAU,Saudi Arabia,2019,8.00805576113276,country,MEA,"Middle East, North Africa, Afghanistan & Pakistan"
SAU,Saudi Arabia,2020,9.06681195595707,country,MEA,"Middle East, North Africa, Afghanistan & Pakistan"
SAU,Saudi Arabia,2021,9.066648402586,country,MEA,"Middle East, North Africa, Afghanistan & Pakistan"
SAU,Saudi Arabia,2022,9.0683887966092,country,MEA,"Middle East, North Africa, Afghanistan & Pakistan"
SAU,Saudi Arabia,2023,9.06819720995971,country,MEA,"Middle East, North Africa, Afghanistan & Pakistan"
SDN,Sudan,1990,13.0693069306931,country,SSF,Sub-Saharan Africa
SDN,Sudan,1991,21.312462372065,country,SSF,Sub-Saharan Africa
SDN,Sudan,1992,18.1762545899633,country,SSF,Sub-Saharan Africa
SDN,Sudan,1993,22.0047449584816,country,SSF,Sub-Saharan Africa
SDN,Sudan,1994,24.7578040904198,country,SSF,Sub-Saharan Africa
SDN,Sudan,1995,24.087982832618,country,SSF,Sub-Saharan Africa
SDN,Sudan,1996,28.4537081919535,country,SSF,Sub-Saharan Africa
SDN,Sudan,1997,33.6279069767442,country,SSF,Sub-Saharan Africa
SDN,Sudan,1998,28.0773143438454,country,SSF,Sub-Saharan Africa
SDN,Sudan,1999,12.0511762278168,country,SSF,Sub-Saharan Africa
SDN,Sudan,2000,12.2615803814714,country,SSF,Sub-Saharan Africa
SDN,Sudan,2001,30.9507042253521,country,SSF,Sub-Saharan Africa
SDN,Sudan,2002,24.118978338183,country,SSF,Sub-Saharan Africa
SDN,Sudan,2003,24.1204531902206,country,SSF,Sub-Saharan Africa
SDN,Sudan,2004,24.1130660513412,country,SSF,Sub-Saharan Africa
SDN,Sudan,2005,17.067433350758,country,SSF,Sub-Saharan Africa
SDN,Sudan,2006,19.6195531961955,country,SSF,Sub-Saharan Africa
SDN,Sudan,2007,19.9163513244374,country,SSF,Sub-Saharan Africa
SDN,Sudan,2008,18.3617871413004,country,SSF,Sub-Saharan Africa
SDN,Sudan,2009,18.3638884609459,country,SSF,Sub-Saharan Africa
SDN,Sudan,2010,15.7621016135485,country,SSF,Sub-Saharan Africa
SDN,Sudan,2011,16.9958604376109,country,SSF,Sub-Saharan Africa
SDN,Sudan,2012,15.4726579058923,country,SSF,Sub-Saharan Africa
SDN,Sudan,2013,17.3625946785784,country,SSF,Sub-Saharan Africa
SDN,Sudan,2014,23.0026338893766,country,SSF,Sub-Saharan Africa
SDN,Sudan,2015,24.0027562973739,country,SSF,Sub-Saharan Africa
SDN,Sudan,2016,20.999446290144,country,SSF,Sub-Saharan Africa
SDN,Sudan,2017,20.2030587328107,country,SSF,Sub-Saharan Africa
SDN,Sudan,2018,22.001720324404,country,SSF,Sub-Saharan Africa
SDN,Sudan,2019,21.2330042838517,country,SSF,Sub-Saharan Africa
SDN,Sudan,2020,21.8541495961606,country,SSF,Sub-Saharan Africa
SDN,Sudan,2021,22.0750426378624,country,SSF,Sub-Saharan Africa
SDN,Sudan,2022,22.0754263752102,country,SSF,Sub-Saharan Africa
SDN,Sudan,2023,27.0730520608883,country,SSF,Sub-Saharan Africa
SEN,Senegal,1990,17.4603174603175,country,SSF,Sub-Saharan Africa
SEN,Senegal,1991,17.8534571723426,country,SSF,Sub-Saharan Africa
SEN,Senegal,1992,17.0152091254753,country,SSF,Sub-Saharan Africa
SEN,Senegal,1993,17.1648987463838,country,SSF,Sub-Saharan Africa
SEN,Senegal,1994,12.9906542056075,country,SSF,Sub-Saharan Africa
SEN,Senegal,1995,16.0777385159011,country,SSF,Sub-Saharan Africa
SEN,Senegal,1996,18.4538653366584,country,SSF,Sub-Saharan Africa
SEN,Senegal,1997,16.8861347792409,country,SSF,Sub-Saharan Africa
SEN,Senegal,1998,15.6573116691285,country,SSF,Sub-Saharan Africa
SEN,Senegal,1999,19.0271816881259,country,SSF,Sub-Saharan Africa
SEN,Senegal,2000,37.3441396508728,country,SSF,Sub-Saharan Africa
SEN,Senegal,2001,33.9323467230444,country,SSF,Sub-Saharan Africa
SEN,Senegal,2002,25.880626223092,country,SSF,Sub-Saharan Africa
SEN,Senegal,2003,37.4301675977654,country,SSF,Sub-Saharan Africa
SEN,Senegal,2004,32.9946996466431,country,SSF,Sub-Saharan Africa
SEN,Senegal,2005,30.1493710691824,country,SSF,Sub-Saharan Africa
SEN,Senegal,2006,25.5432554325543,country,SSF,Sub-Saharan Africa
SEN,Senegal,2007,19.0135542168675,country,SSF,Sub-Saharan Africa
SEN,Senegal,2008,30.5535585909418,country,SSF,Sub-Saharan Africa
SEN,Senegal,2009,16.9699090272918,country,SSF,Sub-Saharan Africa
SEN,Senegal,2010,16.3849154746424,country,SSF,Sub-Saharan Africa
SEN,Senegal,2011,15.7092986353539,country,SSF,Sub-Saharan Africa
SEN,Senegal,2012,16.2898550724638,country,SSF,Sub-Saharan Africa
SEN,Senegal,2013,16.6526256669475,country,SSF,Sub-Saharan Africa
SEN,Senegal,2014,15.3865913177498,country,SSF,Sub-Saharan Africa
SEN,Senegal,2015,15.201156347868,country,SSF,Sub-Saharan Africa
SEN,Senegal,2016,15.0325330940094,country,SSF,Sub-Saharan Africa
SEN,Senegal,2017,15.2188704921751,country,SSF,Sub-Saharan Africa
SEN,Senegal,2018,14.3590841001498,country,SSF,Sub-Saharan Africa
SEN,Senegal,2019,14.6166277608188,country,SSF,Sub-Saharan Africa
SEN,Senegal,2020,15.8166781529979,country,SSF,Sub-Saharan Africa
SEN,Senegal,2021,15.987460815047,country,SSF,Sub-Saharan Africa
SEN,Senegal,2022,13.021592263876,country,SSF,Sub-Saharan Africa
SEN,Senegal,2023,13.0627212948912,country,SSF,Sub-Saharan Africa
SGP,Singapore,1990,3.37278859615629,country,EAS,East Asia & Pacific
SGP,Singapore,1991,5.4193014597246,country,EAS,East Asia & Pacific
SGP,Singapore,1992,4.27746972954623,country,EAS,East Asia & Pacific
SGP,Singapore,1993,3.61776183946841,country,EAS,East Asia & Pacific
SGP,Singapore,1994,4.18725118710729,country,EAS,East Asia & Pacific
SGP,Singapore,1995,3.83474195288617,country,EAS,East Asia & Pacific
SGP,Singapore,1996,3.850622406639,country,EAS,East Asia & Pacific
SGP,Singapore,1997,3.62108706967061,country,EAS,East Asia & Pacific
SGP,Singapore,1998,3.59118942731278,country,EAS,East Asia & Pacific
SGP,Singapore,1999,3.61111111111111,country,EAS,East Asia & Pacific
SGP,Singapore,2000,3.63808621506395,country,EAS,East Asia & Pacific
SGP,Singapore,2001,6.00501677294569,country,EAS,East Asia & Pacific
SGP,Singapore,2002,6.56012000923148,country,EAS,East Asia & Pacific
SGP,Singapore,2003,5.50775500962301,country,EAS,East Asia & Pacific
SGP,Singapore,2004,5.88954388633832,country,EAS,East Asia & Pacific
SGP,Singapore,2005,3.1245911077382,country,EAS,East Asia & Pacific
SGP,Singapore,2006,2.6925612291466,country,EAS,East Asia & Pacific
SGP,Singapore,2007,2.87360513456349,country,EAS,East Asia & Pacific
SGP,Singapore,2008,2.54326669543123,country,EAS,East Asia & Pacific
SGP,Singapore,2009,3.17289529684623,country,EAS,East Asia & Pacific
SGP,Singapore,2010,4.91312033803303,country,EAS,East Asia & Pacific
SGP,Singapore,2011,2.53824756606398,country,EAS,East Asia & Pacific
SGP,Singapore,2012,1.83007371426137,country,EAS,East Asia & Pacific
SGP,Singapore,2013,2.29930583060599,country,EAS,East Asia & Pacific
SGP,Singapore,2014,2.03511329809854,country,EAS,East Asia & Pacific
SGP,Singapore,2015,1.7631892106307,country,EAS,East Asia & Pacific
SGP,Singapore,2016,1.90994059252666,country,EAS,East Asia & Pacific
SGP,Singapore,2017,1.25591693388304,country,EAS,East Asia & Pacific
SGP,Singapore,2018,1.0611277304284,country,EAS,East Asia & Pacific
SGP,Singapore,2019,1.02810773100296,country,EAS,East Asia & Pacific
SGP,Singapore,2020,0.904528259485374,country,EAS,East Asia & Pacific
SGP,Singapore,2021,1.10888348739421,country,EAS,East Asia & Pacific
SGP,Singapore,2022,0.284259356143839,country,EAS,East Asia & Pacific
SGP,Singapore,2023,0.22997250704615,country,EAS,East Asia & Pacific
SLV,El Salvador,1990,16.3660955816051,country,LCN,Latin America & Caribbean
SLV,El Salvador,1991,13.9747496734872,country,LCN,Latin America & Caribbean
SLV,El Salvador,1992,14.6515533165407,country,LCN,Latin America & Caribbean
SLV,El Salvador,1993,16.4929931728351,country,LCN,Latin America & Caribbean
SLV,El Salvador,1994,15.9517000317763,country,LCN,Latin America & Caribbean
SLV,El Salvador,1995,12.9909365558912,country,LCN,Latin America & Caribbean
SLV,El Salvador,1996,13.6767317939609,country,LCN,Latin America & Caribbean
SLV,El Salvador,1997,13.3853876185165,country,LCN,Latin America & Caribbean
SLV,El Salvador,1998,13.3774834437086,country,LCN,Latin America & Caribbean
SLV,El Salvador,1999,13.3821932681868,country,LCN,Latin America & Caribbean
SLV,El Salvador,2000,13.3846609416642,country,LCN,Latin America & Caribbean
SLV,El Salvador,2001,13.3772485431974,country,LCN,Latin America & Caribbean
SLV,El Salvador,2002,13.3733493397359,country,LCN,Latin America & Caribbean
SLV,El Salvador,2003,13.3815551537071,country,LCN,Latin America & Caribbean
SLV,El Salvador,2004,16.1483784984451,country,LCN,Latin America & Caribbean
SLV,El Salvador,2005,11.0926809040017,country,LCN,Latin America & Caribbean
SLV,El Salvador,2006,12.2015915119363,country,LCN,Latin America & Caribbean
SLV,El Salvador,2007,7.84583620096352,country,LCN,Latin America & Caribbean
SLV,El Salvador,2008,11.980563002681,country,LCN,Latin America & Caribbean
SLV,El Salvador,2009,12.2755524861878,country,LCN,Latin America & Caribbean
SLV,El Salvador,2010,12.850935828877,country,LCN,Latin America & Caribbean
SLV,El Salvador,2011,11.9677790563867,country,LCN,Latin America & Caribbean
SLV,El Salvador,2012,9.78034311367645,country,LCN,Latin America & Caribbean
SLV,El Salvador,2013,7.25446428571429,country,LCN,Latin America & Caribbean
SLV,El Salvador,2014,10.3908484270734,country,LCN,Latin America & Caribbean
SLV,El Salvador,2015,10.8268691203169,country,LCN,Latin America & Caribbean
SLV,El Salvador,2016,13.4824071029267,country,LCN,Latin America & Caribbean
SLV,El Salvador,2017,14.643823264202,country,LCN,Latin America & Caribbean
SLV,El Salvador,2018,15.3204890700259,country,LCN,Latin America & Caribbean
SLV,El Salvador,2019,12.8787878787879,country,LCN,Latin America & Caribbean
SLV,El Salvador,2020,12.5474683544304,country,LCN,Latin America & Caribbean
SLV,El Salvador,2021,14.6414499605989,country,LCN,Latin America & Caribbean
SLV,El Salvador,2022,10.6132394747529,country,LCN,Latin America & Caribbean
SLV,El Salvador,2023,9.76860687022901,country,LCN,Latin America & Caribbean
SRB,Serbia,1990,9.60812918154837,country,ECS,Europe & Central Asia
SRB,Serbia,1991,9.72410555961197,country,ECS,Europe & Central Asia
SRB,Serbia,1992,9.72786004230747,country,ECS,Europe & Central Asia
SRB,Serbia,1993,14.999186595087,country,ECS,Europe & Central Asia
SRB,Serbia,1994,15.1551767997965,country,ECS,Europe & Central Asia
SRB,Serbia,1995,15.6968096408949,country,ECS,Europe & Central Asia
SRB,Serbia,1996,16.6923798287806,country,ECS,Europe & Central Asia
SRB,Serbia,1997,15.8042854356488,country,ECS,Europe & Central Asia
SRB,Serbia,1998,15.7929790481476,country,ECS,Europe & Central Asia
SRB,Serbia,1999,16.6819547683062,country,ECS,Europe & Central Asia
SRB,Serbia,2000,17.2152600301752,country,ECS,Europe & Central Asia
SRB,Serbia,2001,17.7076451864753,country,ECS,Europe & Central Asia
SRB,Serbia,2002,17.6353833392582,country,ECS,Europe & Central Asia
SRB,Serbia,2003,16.5882251032252,country,ECS,Europe & Central Asia
SRB,Serbia,2004,14.9471952449185,country,ECS,Europe & Central Asia
SRB,Serbia,2005,14.6652409935845,country,ECS,Europe & Central Asia
SRB,Serbia,2006,15.6931005180779,country,ECS,Europe & Central Asia
SRB,Serbia,2007,15.7674418604651,country,ECS,Europe & Central Asia
SRB,Serbia,2008,15.7935573630137,country,ECS,Europe & Central Asia
SRB,Serbia,2009,15.5811283335943,country,ECS,Europe & Central Asia
SRB,Serbia,2010,15.8097787575781,country,ECS,Europe & Central Asia
SRB,Serbia,2011,15.139896373057,country,ECS,Europe & Central Asia
SRB,Serbia,2012,15.2422620179896,country,ECS,Europe & Central Asia
SRB,Serbia,2013,13.7949193770845,country,ECS,Europe & Central Asia
SRB,Serbia,2014,15.15854374633,country,ECS,Europe & Central Asia
SRB,Serbia,2015,13.4967883440389,country,ECS,Europe & Central Asia
SRB,Serbia,2016,12.2210360429058,country,ECS,Europe & Central Asia
SRB,Serbia,2017,12.9734107166959,country,ECS,Europe & Central Asia
SRB,Serbia,2018,12.1095524382098,country,ECS,Europe & Central Asia
SRB,Serbia,2019,11.5212765957447,country,ECS,Europe & Central Asia
SRB,Serbia,2020,11.5502160396248,country,ECS,Europe & Central Asia
SRB,Serbia,2021,11.7196286125278,country,ECS,Europe & Central Asia
SRB,Serbia,2022,11.7741481272881,country,ECS,Europe & Central Asia
SRB,Serbia,2023,10.3155370125166,country,ECS,Europe & Central Asia
SSD,South Sudan,2012,5.84269662921348,country,SSF,Sub-Saharan Africa
SSD,South Sudan,2013,5.72033898305085,country,SSF,Sub-Saharan Africa
SSD,South Sudan,2014,5.625,country,SSF,Sub-Saharan Africa
SSD,South Sudan,2015,4.67128027681661,country,SSF,Sub-Saharan Africa
SSD,South Sudan,2016,4.58167330677291,country,SSF,Sub-Saharan Africa
SSD,South Sudan,2017,4.24354243542435,country,SSF,Sub-Saharan Africa
SSD,South Sudan,2018,4.0590405904059,country,SSF,Sub-Saharan Africa
SSD,South Sudan,2019,4.0,country,SSF,Sub-Saharan Africa
SSD,South Sudan,2020,3.97830018083183,country,SSF,Sub-Saharan Africa
SSD,South Sudan,2021,4.02097902097902,country,SSF,Sub-Saharan Africa
SSD,South Sudan,2022,3.92156862745098,country,SSF,Sub-Saharan Africa
SSD,South Sudan,2023,4.01396160558464,country,SSF,Sub-Saharan Africa
SUR,Suriname,2000,8.95904436860068,country,LCN,Latin America & Caribbean
SUR,Suriname,2001,8.98785425101214,country,LCN,Latin America & Caribbean
SUR,Suriname,2002,8.97626112759644,country,LCN,Latin America & Caribbean
SUR,Suriname,2003,9.0293453724605,country,LCN,Latin America & Caribbean
SUR,Suriname,2004,9.02629708599858,country,LCN,Latin America & Caribbean
SUR,Suriname,2005,9.02503293807642,country,LCN,Latin America & Caribbean
SUR,Suriname,2006,8.99608865710561,country,LCN,Latin America & Caribbean
SUR,Suriname,2007,9.0032154340836,country,LCN,Latin America & Caribbean
SUR,Suriname,2008,8.9959373186303,country,LCN,Latin America & Caribbean
SUR,Suriname,2009,9.02298850574713,country,LCN,Latin America & Caribbean
SUR,Suriname,2010,8.52668213457077,country,LCN,Latin America & Caribbean
SUR,Suriname,2011,9.02101486417222,country,LCN,Latin America & Caribbean
SUR,Suriname,2012,9.026369168357,country,LCN,Latin America & Caribbean
SUR,Suriname,2013,11.328320802005,country,LCN,Latin America & Caribbean
SUR,Suriname,2014,9.35180603661554,country,LCN,Latin America & Caribbean
SUR,Suriname,2015,11.6027531956736,country,LCN,Latin America & Caribbean
SUR,Suriname,2016,11.6102978293791,country,LCN,Latin America & Caribbean
SUR,Suriname,2017,11.5834218916047,country,LCN,Latin America & Caribbean
SUR,Suriname,2018,11.5711252653928,country,LCN,Latin America & Caribbean
SUR,Suriname,2019,11.5805168986083,country,LCN,Latin America & Caribbean
SUR,Suriname,2020,11.576354679803,country,LCN,Latin America & Caribbean
SUR,Suriname,2021,11.5738498789346,country,LCN,Latin America & Caribbean
SUR,Suriname,2022,11.6122840690979,country,LCN,Latin America & Caribbean
SUR,Suriname,2023,11.5963124696749,country,LCN,Latin America & Caribbean
SVK,Slovak Republic,1990,7.49655594673198,country,ECS,Europe & Central Asia
SVK,Slovak Republic,1991,7.91207014991716,country,ECS,Europe & Central Asia
SVK,Slovak Republic,1992,9.16747788547001,country,ECS,Europe & Central Asia
SVK,Slovak Republic,1993,6.21880369855167,country,ECS,Europe & Central Asia
SVK,Slovak Republic,1994,6.37834474175482,country,ECS,Europe & Central Asia
SVK,Slovak Republic,1995,6.51378202733996,country,ECS,Europe & Central Asia
SVK,Slovak Republic,1996,6.23835403726708,country,ECS,Europe & Central Asia
SVK,Slovak Republic,1997,8.35996370379138,country,ECS,Europe & Central Asia
SVK,Slovak Republic,1998,7.99784880147511,country,ECS,Europe & Central Asia
SVK,Slovak Republic,1999,6.44207413665646,country,ECS,Europe & Central Asia
SVK,Slovak Republic,2000,5.63579177097375,country,ECS,Europe & Central Asia
SVK,Slovak Republic,2001,4.13780190975473,country,ECS,Europe & Central Asia
SVK,Slovak Republic,2002,3.41690566503223,country,ECS,Europe & Central Asia
SVK,Slovak Republic,2003,6.21912887292322,country,ECS,Europe & Central Asia
SVK,Slovak Republic,2004,4.31183956554454,country,ECS,Europe & Central Asia
SVK,Slovak Republic,2005,5.36321729454777,country,ECS,Europe & Central Asia
SVK,Slovak Republic,2006,4.45286141702209,country,ECS,Europe & Central Asia
SVK,Slovak Republic,2007,5.14684915882521,country,ECS,Europe & Central Asia
SVK,Slovak Republic,2008,3.46315862164215,country,ECS,Europe & Central Asia
SVK,Slovak Republic,2009,2.98986809405467,country,ECS,Europe & Central Asia
SVK,Slovak Republic,2010,3.07272596740613,country,ECS,Europe & Central Asia
SVK,Slovak Republic,2011,1.79718034617532,country,ECS,Europe & Central Asia
SVK,Slovak Republic,2012,4.44459949762769,country,ECS,Europe & Central Asia
SVK,Slovak Republic,2013,2.63596004439512,country,ECS,Europe & Central Asia
SVK,Slovak Republic,2014,2.43421772927995,country,ECS,Europe & Central Asia
SVK,Slovak Republic,2015,5.06634947775341,country,ECS,Europe & Central Asia
SVK,Slovak Republic,2016,4.92166715932604,country,ECS,Europe & Central Asia
SVK,Slovak Republic,2017,4.553320354748,country,ECS,Europe & Central Asia
SVK,Slovak Republic,2018,4.57899225093619,country,ECS,Europe & Central Asia
SVK,Slovak Republic,2019,5.97524090877119,country,ECS,Europe & Central Asia
SVK,Slovak Republic,2020,5.5100908523476,country,ECS,Europe & Central Asia
SVK,Slovak Republic,2021,4.4976012793177,country,ECS,Europe & Central Asia
SVK,Slovak Republic,2022,4.92212534466056,country,ECS,Europe & Central Asia
SVK,Slovak Republic,2023,3.73541116275959,country,ECS,Europe & Central Asia
SVK,Slovak Republic,2024,3.66916269571137,country,ECS,Europe & Central Asia
SVN,Slovenia,1990,6.39665702346512,country,ECS,Europe & Central Asia
SVN,Slovenia,1991,4.33929692404269,country,ECS,Europe & Central Asia
SVN,Slovenia,1992,5.36292935839274,country,ECS,Europe & Central Asia
SVN,Slovenia,1993,5.58345889837603,country,ECS,Europe & Central Asia
SVN,Slovenia,1994,4.15664986428848,country,ECS,Europe & Central Asia
SVN,Slovenia,1995,5.33570820103771,country,ECS,Europe & Central Asia
SVN,Slovenia,1996,5.56023588879528,country,ECS,Europe & Central Asia
SVN,Slovenia,1997,5.21402550091075,country,ECS,Europe & Central Asia
SVN,Slovenia,1998,5.5506993006993,country,ECS,Europe & Central Asia
SVN,Slovenia,1999,5.04448801085809,country,ECS,Europe & Central Asia
SVN,Slovenia,2000,5.95273047563124,country,ECS,Europe & Central Asia
SVN,Slovenia,2001,5.03940273745334,country,ECS,Europe & Central Asia
SVN,Slovenia,2002,5.04863679956158,country,ECS,Europe & Central Asia
SVN,Slovenia,2003,6.19392185238784,country,ECS,Europe & Central Asia
SVN,Slovenia,2004,5.72326632178639,country,ECS,Europe & Central Asia
SVN,Slovenia,2005,6.30416087848118,country,ECS,Europe & Central Asia
SVN,Slovenia,2006,5.70956003969567,country,ECS,Europe & Central Asia
SVN,Slovenia,2007,5.76347802964834,country,ECS,Europe & Central Asia
SVN,Slovenia,2008,4.95152143423379,country,ECS,Europe & Central Asia
SVN,Slovenia,2009,5.44412607449857,country,ECS,Europe & Central Asia
SVN,Slovenia,2010,5.97323600973236,country,ECS,Europe & Central Asia
SVN,Slovenia,2011,5.13107914565041,country,ECS,Europe & Central Asia
SVN,Slovenia,2012,5.56014488148948,country,ECS,Europe & Central Asia
SVN,Slovenia,2013,5.26609948456809,country,ECS,Europe & Central Asia
SVN,Slovenia,2014,4.70837873487412,country,ECS,Europe & Central Asia
SVN,Slovenia,2015,5.72185430463576,country,ECS,Europe & Central Asia
SVN,Slovenia,2016,5.30909090909091,country,ECS,Europe & Central Asia
SVN,Slovenia,2017,5.46980276858998,country,ECS,Europe & Central Asia
SVN,Slovenia,2018,5.3840499816244,country,ECS,Europe & Central Asia
SVN,Slovenia,2019,5.32952357289273,country,ECS,Europe & Central Asia
SVN,Slovenia,2020,4.93310063990692,country,ECS,Europe & Central Asia
SVN,Slovenia,2021,5.26581002771479,country,ECS,Europe & Central Asia
SVN,Slovenia,2022,6.20593419506463,country,ECS,Europe & Central Asia
SVN,Slovenia,2023,4.79909308477138,country,ECS,Europe & Central Asia
SVN,Slovenia,2024,5.09063088512241,country,ECS,Europe & Central Asia
SWE,Sweden,1990,6.28472364415687,country,ECS,Europe & Central Asia
SWE,Sweden,1991,5.97166815924448,country,ECS,Europe & Central Asia
SWE,Sweden,1992,6.53330147134128,country,ECS,Europe & Central Asia
SWE,Sweden,1993,6.87666310043069,country,ECS,Europe & Central Asia
SWE,Sweden,1994,6.32842373106471,country,ECS,Europe & Central Asia
SWE,Sweden,1995,6.78997782286604,country,ECS,Europe & Central Asia
SWE,Sweden,1996,7.35522031536591,country,ECS,Europe & Central Asia
SWE,Sweden,1997,6.84560700574208,country,ECS,Europe & Central Asia
SWE,Sweden,1998,6.76694096240658,country,ECS,Europe & Central Asia
SWE,Sweden,1999,6.67635283481855,country,ECS,Europe & Central Asia
SWE,Sweden,2000,7.44496303333196,country,ECS,Europe & Central Asia
SWE,Sweden,2001,7.30430585891336,country,ECS,Europe & Central Asia
SWE,Sweden,2002,8.09963539714451,country,ECS,Europe & Central Asia
SWE,Sweden,2003,7.87598662108582,country,ECS,Europe & Central Asia
SWE,Sweden,2004,7.21309098577812,country,ECS,Europe & Central Asia
SWE,Sweden,2005,7.38978129832423,country,ECS,Europe & Central Asia
SWE,Sweden,2006,7.57516595080047,country,ECS,Europe & Central Asia
SWE,Sweden,2007,7.15609513705161,country,ECS,Europe & Central Asia
SWE,Sweden,2008,7.32281155440622,country,ECS,Europe & Central Asia
SWE,Sweden,2009,7.2483270559842,country,ECS,Europe & Central Asia
SWE,Sweden,2010,7.10948649594744,country,ECS,Europe & Central Asia
SWE,Sweden,2011,7.04564342940727,country,ECS,Europe & Central Asia
SWE,Sweden,2012,6.58017182893955,country,ECS,Europe & Central Asia
SWE,Sweden,2013,6.53082276745492,country,ECS,Europe & Central Asia
SWE,Sweden,2014,4.77343277171473,country,ECS,Europe & Central Asia
SWE,Sweden,2015,4.31060007895776,country,ECS,Europe & Central Asia
SWE,Sweden,2016,5.49259662842126,country,ECS,Europe & Central Asia
SWE,Sweden,2017,5.78082191780822,country,ECS,Europe & Central Asia
SWE,Sweden,2018,6.44859241126071,country,ECS,Europe & Central Asia
SWE,Sweden,2019,6.28714252637453,country,ECS,Europe & Central Asia
SWE,Sweden,2020,5.06918630556725,country,ECS,Europe & Central Asia
SWE,Sweden,2021,6.19157382507363,country,ECS,Europe & Central Asia
SWE,Sweden,2022,5.60698548732668,country,ECS,Europe & Central Asia
SWE,Sweden,2023,5.77146538385122,country,ECS,Europe & Central Asia
SWE,Sweden,2024,5.47849684178719,country,ECS,Europe & Central Asia
SWZ,Eswatini,1990,30.0751879699248,country,SSF,Sub-Saharan Africa
SWZ,Eswatini,1991,21.4285714285714,country,SSF,Sub-Saharan Africa
SWZ,Eswatini,1992,21.0884353741497,country,SSF,Sub-Saharan Africa
SWZ,Eswatini,1993,23.4375,country,SSF,Sub-Saharan Africa
SWZ,Eswatini,1994,29.5275590551181,country,SSF,Sub-Saharan Africa
SWZ,Eswatini,1995,33.0578512396694,country,SSF,Sub-Saharan Africa
SWZ,Eswatini,1996,37.344398340249,country,SSF,Sub-Saharan Africa
SWZ,Eswatini,1997,42.0168067226891,country,SSF,Sub-Saharan Africa
SWZ,Eswatini,1998,45.8333333333333,country,SSF,Sub-Saharan Africa
SWZ,Eswatini,1999,60.2678571428571,country,SSF,Sub-Saharan Africa
SWZ,Eswatini,2000,65.4255319148936,country,SSF,Sub-Saharan Africa
SWZ,Eswatini,2001,66.1458333333333,country,SSF,Sub-Saharan Africa
SWZ,Eswatini,2002,75.7425742574257,country,SSF,Sub-Saharan Africa
SWZ,Eswatini,2003,71.4285714285714,country,SSF,Sub-Saharan Africa
SWZ,Eswatini,2004,64.9532710280374,country,SSF,Sub-Saharan Africa
SWZ,Eswatini,2005,69.8347107438017,country,SSF,Sub-Saharan Africa
SWZ,Eswatini,2006,63.1178707224335,country,SSF,Sub-Saharan Africa
SWZ,Eswatini,2007,65.3543307086614,country,SSF,Sub-Saharan Africa
SWZ,Eswatini,2008,50.1466275659824,country,SSF,Sub-Saharan Africa
SWZ,Eswatini,2009,21.026282853567,country,SSF,Sub-Saharan Africa
SWZ,Eswatini,2010,19.0984578884935,country,SSF,Sub-Saharan Africa
SWZ,Eswatini,2011,30.6479859894921,country,SSF,Sub-Saharan Africa
SWZ,Eswatini,2012,33.8677354709419,country,SSF,Sub-Saharan Africa
SWZ,Eswatini,2013,30.0527240773286,country,SSF,Sub-Saharan Africa
SWZ,Eswatini,2014,37.319587628866,country,SSF,Sub-Saharan Africa
SWZ,Eswatini,2015,45.2631578947368,country,SSF,Sub-Saharan Africa
SWZ,Eswatini,2016,56.1253561253561,country,SSF,Sub-Saharan Africa
SWZ,Eswatini,2017,28.4382284382284,country,SSF,Sub-Saharan Africa
SWZ,Eswatini,2018,37.5,country,SSF,Sub-Saharan Africa
SWZ,Eswatini,2019,39.7119341563786,country,SSF,Sub-Saharan Africa
SWZ,Eswatini,2020,27.1535580524345,country,SSF,Sub-Saharan Africa
SWZ,Eswatini,2021,27.0758122743682,country,SSF,Sub-Saharan Africa
SWZ,Eswatini,2022,22.9299363057325,country,SSF,Sub-Saharan Africa
SWZ,Eswatini,2023,28.1198003327787,country,SSF,Sub-Saharan Africa
SYR,Syrian Arab Republic,1990,26.1648436827147,country,MEA,"Middle East, North Africa, Afghanistan & Pakistan"
SYR,Syrian Arab Republic,1991,26.2829460546843,country,MEA,"Middle East, North Africa, Afghanistan & Pakistan"
SYR,Syrian Arab Republic,1992,26.2697022767075,country,MEA,"Middle East, North Africa, Afghanistan & Pakistan"
SYR,Syrian Arab Republic,1993,26.2304162050957,country,MEA,"Middle East, North Africa, Afghanistan & Pakistan"
SYR,Syrian Arab Republic,1994,30.9511263338164,country,MEA,"Middle East, North Africa, Afghanistan & Pakistan"
SYR,Syrian Arab Republic,1995,28.1528279181709,country,MEA,"Middle East, North Africa, Afghanistan & Pakistan"
SYR,Syrian Arab Republic,1996,28.150046344256,country,MEA,"Middle East, North Africa, Afghanistan & Pakistan"
SYR,Syrian Arab Republic,1997,28.90016400164,country,MEA,"Middle East, North Africa, Afghanistan & Pakistan"
SYR,Syrian Arab Republic,1998,29.3492131008082,country,MEA,"Middle East, North Africa, Afghanistan & Pakistan"
SYR,Syrian Arab Republic,1999,28.9057364476971,country,MEA,"Middle East, North Africa, Afghanistan & Pakistan"
SYR,Syrian Arab Republic,2000,30.6975453067375,country,MEA,"Middle East, North Africa, Afghanistan & Pakistan"
SYR,Syrian Arab Republic,2001,28.1820904462414,country,MEA,"Middle East, North Africa, Afghanistan & Pakistan"
SYR,Syrian Arab Republic,2002,24.7670724306572,country,MEA,"Middle East, North Africa, Afghanistan & Pakistan"
SYR,Syrian Arab Republic,2003,22.8388582263908,country,MEA,"Middle East, North Africa, Afghanistan & Pakistan"
SYR,Syrian Arab Republic,2004,20.6160177073916,country,MEA,"Middle East, North Africa, Afghanistan & Pakistan"
SYR,Syrian Arab Republic,2005,19.3702590525261,country,MEA,"Middle East, North Africa, Afghanistan & Pakistan"
SYR,Syrian Arab Republic,2006,19.2849287879194,country,MEA,"Middle East, North Africa, Afghanistan & Pakistan"
SYR,Syrian Arab Republic,2007,21.8104652968273,country,MEA,"Middle East, North Africa, Afghanistan & Pakistan"
SYR,Syrian Arab Republic,2008,21.3685005972259,country,MEA,"Middle East, North Africa, Afghanistan & Pakistan"
SYR,Syrian Arab Republic,2009,21.3540223515286,country,MEA,"Middle East, North Africa, Afghanistan & Pakistan"
SYR,Syrian Arab Republic,2010,21.2268114536875,country,MEA,"Middle East, North Africa, Afghanistan & Pakistan"
SYR,Syrian Arab Republic,2011,21.2476697130905,country,MEA,"Middle East, North Africa, Afghanistan & Pakistan"
SYR,Syrian Arab Republic,2012,21.3880979089366,country,MEA,"Middle East, North Africa, Afghanistan & Pakistan"
SYR,Syrian Arab Republic,2013,21.0093068575076,country,MEA,"Middle East, North Africa, Afghanistan & Pakistan"
SYR,Syrian Arab Republic,2014,21.2657914292792,country,MEA,"Middle East, North Africa, Afghanistan & Pakistan"
SYR,Syrian Arab Republic,2015,21.1079802757371,country,MEA,"Middle East, North Africa, Afghanistan & Pakistan"
SYR,Syrian Arab Republic,2016,21.3123359580052,country,MEA,"Middle East, North Africa, Afghanistan & Pakistan"
SYR,Syrian Arab Republic,2017,20.8485633646417,country,MEA,"Middle East, North Africa, Afghanistan & Pakistan"
SYR,Syrian Arab Republic,2018,20.9474240024138,country,MEA,"Middle East, North Africa, Afghanistan & Pakistan"
SYR,Syrian Arab Republic,2019,21.3866566996823,country,MEA,"Middle East, North Africa, Afghanistan & Pakistan"
SYR,Syrian Arab Republic,2020,21.4294001624318,country,MEA,"Middle East, North Africa, Afghanistan & Pakistan"
SYR,Syrian Arab Republic,2021,21.643495332345,country,MEA,"Middle East, North Africa, Afghanistan & Pakistan"
SYR,Syrian Arab Republic,2022,21.8917210870023,country,MEA,"Middle East, North Africa, Afghanistan & Pakistan"
SYR,Syrian Arab Republic,2023,21.9292630231256,country,MEA,"Middle East, North Africa, Afghanistan & Pakistan"
TCD,Chad,1990,7.5,country,SSF,Sub-Saharan Africa
TCD,Chad,1991,7.79220779220779,country,SSF,Sub-Saharan Africa
TCD,Chad,1992,8.10810810810811,country,SSF,Sub-Saharan Africa
TCD,Chad,1993,8.10810810810811,country,SSF,Sub-Saharan Africa
TCD,Chad,1994,8.10810810810811,country,SSF,Sub-Saharan Africa
TCD,Chad,1995,7.79220779220779,country,SSF,Sub-Saharan Africa
TCD,Chad,1996,7.79220779220779,country,SSF,Sub-Saharan Africa
TCD,Chad,1997,7.79220779220779,country,SSF,Sub-Saharan Africa
TCD,Chad,1998,7.79220779220779,country,SSF,Sub-Saharan Africa
TCD,Chad,1999,7.79220779220779,country,SSF,Sub-Saharan Africa
TCD,Chad,2000,9.09090909090909,country,SSF,Sub-Saharan Africa
TCD,Chad,2001,33.3333333333333,country,SSF,Sub-Saharan Africa
TCD,Chad,2002,33.3333333333333,country,SSF,Sub-Saharan Africa
TCD,Chad,2003,32.9545454545455,country,SSF,Sub-Saharan Africa
TCD,Chad,2004,32.967032967033,country,SSF,Sub-Saharan Africa
TCD,Chad,2005,33.0,country,SSF,Sub-Saharan Africa
TCD,Chad,2006,32.6923076923077,country,SSF,Sub-Saharan Africa
TCD,Chad,2007,33.3333333333333,country,SSF,Sub-Saharan Africa
TCD,Chad,2008,32.9896907216495,country,SSF,Sub-Saharan Africa
TCD,Chad,2009,32.9896907216495,country,SSF,Sub-Saharan Africa
TCD,Chad,2010,33.0,country,SSF,Sub-Saharan Africa
TCD,Chad,2011,33.0049261083744,country,SSF,Sub-Saharan Africa
TCD,Chad,2012,33.1914893617021,country,SSF,Sub-Saharan Africa
TCD,Chad,2013,33.0855018587361,country,SSF,Sub-Saharan Africa
TCD,Chad,2014,32.8671328671329,country,SSF,Sub-Saharan Africa
TCD,Chad,2015,33.1034482758621,country,SSF,Sub-Saharan Africa
TCD,Chad,2016,32.9931972789116,country,SSF,Sub-Saharan Africa
TCD,Chad,2017,30.2013422818792,country,SSF,Sub-Saharan Africa
TCD,Chad,2018,28.3489096573209,country,SSF,Sub-Saharan Africa
TCD,Chad,2019,27.299703264095,country,SSF,Sub-Saharan Africa
TCD,Chad,2020,27.4336283185841,country,SSF,Sub-Saharan Africa
TCD,Chad,2021,27.511961722488,country,SSF,Sub-Saharan Africa
TCD,Chad,2022,23.4666666666667,country,SSF,Sub-Saharan Africa
TCD,Chad,2023,23.6311239193084,country,SSF,Sub-Saharan Africa
TGO,Togo,1990,20.8860759493671,country,SSF,Sub-Saharan Africa
TGO,Togo,1991,14.4876325088339,country,SSF,Sub-Saharan Africa
TGO,Togo,1992,17.3652694610778,country,SSF,Sub-Saharan Africa
TGO,Togo,1993,10.3806228373702,country,SSF,Sub-Saharan Africa
TGO,Togo,1994,15.7894736842105,country,SSF,Sub-Saharan Africa
TGO,Togo,1995,10.3559870550162,country,SSF,Sub-Saharan Africa
TGO,Togo,1996,13.4453781512605,country,SSF,Sub-Saharan Africa
TGO,Togo,1997,21.5277777777778,country,SSF,Sub-Saharan Africa
TGO,Togo,1998,9.96677740863787,country,SSF,Sub-Saharan Africa
TGO,Togo,1999,8.8785046728972,country,SSF,Sub-Saharan Africa
TGO,Togo,2000,47.4285714285714,country,SSF,Sub-Saharan Africa
TGO,Togo,2001,36.0655737704918,country,SSF,Sub-Saharan Africa
TGO,Togo,2002,50.9803921568627,country,SSF,Sub-Saharan Africa
TGO,Togo,2003,48.2954545454545,country,SSF,Sub-Saharan Africa
TGO,Togo,2004,47.3118279569892,country,SSF,Sub-Saharan Africa
TGO,Togo,2005,45.5026455026455,country,SSF,Sub-Saharan Africa
TGO,Togo,2006,45.4954954954955,country,SSF,Sub-Saharan Africa
TGO,Togo,2007,53.0612244897959,country,SSF,Sub-Saharan Africa
TGO,Togo,2009,66.4473684210526,country,SSF,Sub-Saharan Africa
TGO,Togo,2010,49.1620111731844,country,SSF,Sub-Saharan Africa
TGO,Togo,2011,71.3178294573643,country,SSF,Sub-Saharan Africa
TGO,Togo,2012,51.3966480446927,country,SSF,Sub-Saharan Africa
TGO,Togo,2015,56.3333333333333,country,SSF,Sub-Saharan Africa
TGO,Togo,2016,44.6428571428571,country,SSF,Sub-Saharan Africa
TGO,Togo,2017,15.9317211948791,country,SSF,Sub-Saharan Africa
TGO,Togo,2018,42.1585160202361,country,SSF,Sub-Saharan Africa
TGO,Togo,2019,44.6666666666667,country,SSF,Sub-Saharan Africa
TGO,Togo,2020,43.5351882160393,country,SSF,Sub-Saharan Africa
TGO,Togo,2021,40.8,country,SSF,Sub-Saharan Africa
TGO,Togo,2022,24.3667068757539,country,SSF,Sub-Saharan Africa
TGO,Togo,2023,32.4512534818941,country,SSF,Sub-Saharan Africa
THA,Thailand,1990,10.5622962694676,country,EAS,East Asia & Pacific
THA,Thailand,1991,10.7741356979177,country,EAS,East Asia & Pacific
THA,Thailand,1992,10.3173491190585,country,EAS,East Asia & Pacific
THA,Thailand,1993,8.15051965871276,country,EAS,East Asia & Pacific
THA,Thailand,1994,9.64777947932619,country,EAS,East Asia & Pacific
THA,Thailand,1995,8.12282257158198,country,EAS,East Asia & Pacific
THA,Thailand,1996,8.43146857817057,country,EAS,East Asia & Pacific
THA,Thailand,1997,8.65316542595413,country,EAS,East Asia & Pacific
THA,Thailand,1998,8.68720294940701,country,EAS,East Asia & Pacific
THA,Thailand,1999,8.3208387476538,country,EAS,East Asia & Pacific
THA,Thailand,2000,7.90814465965804,country,EAS,East Asia & Pacific
THA,Thailand,2001,9.20035149384886,country,EAS,East Asia & Pacific
THA,Thailand,2002,7.26151926834414,country,EAS,East Asia & Pacific
THA,Thailand,2003,7.31046391356009,country,EAS,East Asia & Pacific
THA,Thailand,2004,7.93862893411916,country,EAS,East Asia & Pacific
THA,Thailand,2005,8.10532765493922,country,EAS,East Asia & Pacific
THA,Thailand,2006,8.05812227011287,country,EAS,East Asia & Pacific
THA,Thailand,2007,6.4522866352453,country,EAS,East Asia & Pacific
THA,Thailand,2008,6.07693560647193,country,EAS,East Asia & Pacific
THA,Thailand,2009,5.91613860051234,country,EAS,East Asia & Pacific
THA,Thailand,2010,6.34696667544619,country,EAS,East Asia & Pacific
THA,Thailand,2011,6.95850462487153,country,EAS,East Asia & Pacific
THA,Thailand,2012,5.74402746880743,country,EAS,East Asia & Pacific
THA,Thailand,2013,6.15055170567766,country,EAS,East Asia & Pacific
THA,Thailand,2014,6.19645312555089,country,EAS,East Asia & Pacific
THA,Thailand,2015,6.72834218491234,country,EAS,East Asia & Pacific
THA,Thailand,2016,6.56760197914484,country,EAS,East Asia & Pacific
THA,Thailand,2017,6.62060385239164,country,EAS,East Asia & Pacific
THA,Thailand,2018,7.16665926156307,country,EAS,East Asia & Pacific
THA,Thailand,2019,7.02869990741965,country,EAS,East Asia & Pacific
THA,Thailand,2020,7.30700341327686,country,EAS,East Asia & Pacific
THA,Thailand,2021,7.92231656673391,country,EAS,East Asia & Pacific
THA,Thailand,2022,7.47323772975157,country,EAS,East Asia & Pacific
THA,Thailand,2023,7.16136006690191,country,EAS,East Asia & Pacific
TJK,Tajikistan,1990,8.81737021933208,country,ECS,Europe & Central Asia
TJK,Tajikistan,1991,10.2371608940454,country,ECS,Europe & Central Asia
TJK,Tajikistan,1992,7.13351563428843,country,ECS,Europe & Central Asia
TJK,Tajikistan,1993,12.3781072092892,country,ECS,Europe & Central Asia
TJK,Tajikistan,1994,12.6899069603109,country,ECS,Europe & Central Asia
TJK,Tajikistan,1995,10.9409780775717,country,ECS,Europe & Central Asia
TJK,Tajikistan,1996,11.7182313105829,country,ECS,Europe & Central Asia
TJK,Tajikistan,1997,13.9307390217779,country,ECS,Europe & Central Asia
TJK,Tajikistan,1998,14.5125502704202,country,ECS,Europe & Central Asia
TJK,Tajikistan,1999,14.0469709438501,country,ECS,Europe & Central Asia
TJK,Tajikistan,2000,15.041763178213,country,ECS,Europe & Central Asia
TJK,Tajikistan,2001,15.2204144068975,country,ECS,Europe & Central Asia
TJK,Tajikistan,2002,15.2333028362306,country,ECS,Europe & Central Asia
TJK,Tajikistan,2003,15.3068023502332,country,ECS,Europe & Central Asia
TJK,Tajikistan,2004,14.8869080104299,country,ECS,Europe & Central Asia
TJK,Tajikistan,2005,16.0678759508484,country,ECS,Europe & Central Asia
TJK,Tajikistan,2006,16.2090345438441,country,ECS,Europe & Central Asia
TJK,Tajikistan,2007,16.8857894135132,country,ECS,Europe & Central Asia
TJK,Tajikistan,2008,18.4864061435561,country,ECS,Europe & Central Asia
TJK,Tajikistan,2009,13.0235155425948,country,ECS,Europe & Central Asia
TJK,Tajikistan,2010,14.1770611499848,country,ECS,Europe & Central Asia
TJK,Tajikistan,2011,13.9857125261732,country,ECS,Europe & Central Asia
TJK,Tajikistan,2012,14.4043831742665,country,ECS,Europe & Central Asia
TJK,Tajikistan,2013,14.7706690037978,country,ECS,Europe & Central Asia
TJK,Tajikistan,2014,17.3514851485149,country,ECS,Europe & Central Asia
TJK,Tajikistan,2015,15.5576273161636,country,ECS,Europe & Central Asia
TJK,Tajikistan,2016,15.9354688950789,country,ECS,Europe & Central Asia
TJK,Tajikistan,2017,15.921386772662,country,ECS,Europe & Central Asia
TJK,Tajikistan,2018,14.5780569344545,country,ECS,Europe & Central Asia
TJK,Tajikistan,2019,11.5903993892256,country,ECS,Europe & Central Asia
TJK,Tajikistan,2020,12.681592039801,country,ECS,Europe & Central Asia
TJK,Tajikistan,2021,19.6486316907187,country,ECS,Europe & Central Asia
TJK,Tajikistan,2022,18.2401935694011,country,ECS,Europe & Central Asia
TJK,Tajikistan,2023,17.318512419377,country,ECS,Europe & Central Asia
TKM,Turkmenistan,1990,8.91252785164954,country,ECS,Europe & Central Asia
TKM,Turkmenistan,1991,9.8570724494825,country,ECS,Europe & Central Asia
TKM,Turkmenistan,1992,8.30678197542103,country,ECS,Europe & Central Asia
TKM,Turkmenistan,1993,9.31539374752671,country,ECS,Europe & Central Asia
TKM,Turkmenistan,1994,9.31872320152454,country,ECS,Europe & Central Asia
TKM,Turkmenistan,1995,12.3073783039086,country,ECS,Europe & Central Asia
TKM,Turkmenistan,1996,11.2002376708259,country,ECS,Europe & Central Asia
TKM,Turkmenistan,1997,9.84625105307498,country,ECS,Europe & Central Asia
TKM,Turkmenistan,1998,13.3538723042601,country,ECS,Europe & Central Asia
TKM,Turkmenistan,1999,13.0503499661323,country,ECS,Europe & Central Asia
TKM,Turkmenistan,2000,14.2305738953784,country,ECS,Europe & Central Asia
TKM,Turkmenistan,2001,14.052780395853,country,ECS,Europe & Central Asia
TKM,Turkmenistan,2002,14.0093457943925,country,ECS,Europe & Central Asia
TKM,Turkmenistan,2003,13.5925925925926,country,ECS,Europe & Central Asia
TKM,Turkmenistan,2004,13.6493288590604,country,ECS,Europe & Central Asia
TKM,Turkmenistan,2005,13.8221528861154,country,ECS,Europe & Central Asia
TKM,Turkmenistan,2006,13.3406593406593,country,ECS,Europe & Central Asia
TKM,Turkmenistan,2007,13.0913978494624,country,ECS,Europe & Central Asia
TKM,Turkmenistan,2008,13.7832446808511,country,ECS,Europe & Central Asia
TKM,Turkmenistan,2009,13.0851063829787,country,ECS,Europe & Central Asia
TKM,Turkmenistan,2010,12.7791116446579,country,ECS,Europe & Central Asia
TKM,Turkmenistan,2011,12.7003484320557,country,ECS,Europe & Central Asia
TKM,Turkmenistan,2012,12.5746478873239,country,ECS,Europe & Central Asia
TKM,Turkmenistan,2013,12.6232114467409,country,ECS,Europe & Central Asia
TKM,Turkmenistan,2014,12.4705882352941,country,ECS,Europe & Central Asia
TKM,Turkmenistan,2015,12.8339398242656,country,ECS,Europe & Central Asia
TKM,Turkmenistan,2016,12.8298222653776,country,ECS,Europe & Central Asia
TKM,Turkmenistan,2017,12.8264144626716,country,ECS,Europe & Central Asia
TKM,Turkmenistan,2018,12.8297125734337,country,ECS,Europe & Central Asia
TKM,Turkmenistan,2019,14.3733333333333,country,ECS,Europe & Central Asia
TKM,Turkmenistan,2020,12.1030975855912,country,ECS,Europe & Central Asia
TKM,Turkmenistan,2021,10.7816901408451,country,ECS,Europe & Central Asia
TKM,Turkmenistan,2022,9.6441717791411,country,ECS,Europe & Central Asia
TKM,Turkmenistan,2023,9.6441717791411,country,ECS,Europe & Central Asia
TTO,Trinidad and Tobago,1990,8.35896002236511,country,LCN,Latin America & Caribbean
TTO,Trinidad and Tobago,1991,12.4462365591398,country,LCN,Latin America & Caribbean
TTO,Trinidad and Tobago,1992,11.4185110663984,country,LCN,Latin America & Caribbean
TTO,Trinidad and Tobago,1993,8.25255436206445,country,LCN,Latin America & Caribbean
TTO,Trinidad and Tobago,1994,11.2558368149422,country,LCN,Latin America & Caribbean
TTO,Trinidad and Tobago,1995,9.63547713025308,country,LCN,Latin America & Caribbean
TTO,Trinidad and Tobago,1996,9.90971151728694,country,LCN,Latin America & Caribbean
TTO,Trinidad and Tobago,1997,8.0392943063352,country,LCN,Latin America & Caribbean
TTO,Trinidad and Tobago,1998,8.08667053588702,country,LCN,Latin America & Caribbean
TTO,Trinidad and Tobago,1999,8.15704211930627,country,LCN,Latin America & Caribbean
TTO,Trinidad and Tobago,2000,7.30903095805092,country,LCN,Latin America & Caribbean
TTO,Trinidad and Tobago,2001,7.58327427356485,country,LCN,Latin America & Caribbean
TTO,Trinidad and Tobago,2002,7.58327427356485,country,LCN,Latin America & Caribbean
TTO,Trinidad and Tobago,2003,4.84697840608979,country,LCN,Latin America & Caribbean
TTO,Trinidad and Tobago,2004,5.72317262830482,country,LCN,Latin America & Caribbean
TTO,Trinidad and Tobago,2005,5.51147633890621,country,LCN,Latin America & Caribbean
TTO,Trinidad and Tobago,2006,3.82094547482917,country,LCN,Latin America & Caribbean
TTO,Trinidad and Tobago,2007,3.30901511203752,country,LCN,Latin America & Caribbean
TTO,Trinidad and Tobago,2008,2.89742594748415,country,LCN,Latin America & Caribbean
TTO,Trinidad and Tobago,2009,3.71031493051128,country,LCN,Latin America & Caribbean
TTO,Trinidad and Tobago,2010,3.12315851502652,country,LCN,Latin America & Caribbean
TTO,Trinidad and Tobago,2011,2.77017783857729,country,LCN,Latin America & Caribbean
TTO,Trinidad and Tobago,2012,2.61717038983793,country,LCN,Latin America & Caribbean
TTO,Trinidad and Tobago,2013,2.46186217780116,country,LCN,Latin America & Caribbean
TTO,Trinidad and Tobago,2014,2.60029717682021,country,LCN,Latin America & Caribbean
TTO,Trinidad and Tobago,2015,2.5914315569488,country,LCN,Latin America & Caribbean
TTO,Trinidad and Tobago,2016,2.68606009130481,country,LCN,Latin America & Caribbean
TTO,Trinidad and Tobago,2017,2.93896814330151,country,LCN,Latin America & Caribbean
TTO,Trinidad and Tobago,2018,4.6070460704607,country,LCN,Latin America & Caribbean
TTO,Trinidad and Tobago,2019,4.61471484545059,country,LCN,Latin America & Caribbean
TTO,Trinidad and Tobago,2020,4.6070460704607,country,LCN,Latin America & Caribbean
TTO,Trinidad and Tobago,2021,4.61073318216175,country,LCN,Latin America & Caribbean
TTO,Trinidad and Tobago,2022,5.17223217107342,country,LCN,Latin America & Caribbean
TTO,Trinidad and Tobago,2023,4.1644757598065,country,LCN,Latin America & Caribbean
TUN,Tunisia,1990,10.342453966615,country,MEA,"Middle East, North Africa, Afghanistan & Pakistan"
TUN,Tunisia,1991,10.3648424543947,country,MEA,"Middle East, North Africa, Afghanistan & Pakistan"
TUN,Tunisia,1992,10.0015410695022,country,MEA,"Middle East, North Africa, Afghanistan & Pakistan"
TUN,Tunisia,1993,10.4301886792453,country,MEA,"Middle East, North Africa, Afghanistan & Pakistan"
TUN,Tunisia,1994,10.1305334846765,country,MEA,"Middle East, North Africa, Afghanistan & Pakistan"
TUN,Tunisia,1995,9.89698787325596,country,MEA,"Middle East, North Africa, Afghanistan & Pakistan"
TUN,Tunisia,1996,10.0668600983979,country,MEA,"Middle East, North Africa, Afghanistan & Pakistan"
TUN,Tunisia,1997,10.338323706236,country,MEA,"Middle East, North Africa, Afghanistan & Pakistan"
TUN,Tunisia,1998,10.5998899284535,country,MEA,"Middle East, North Africa, Afghanistan & Pakistan"
TUN,Tunisia,1999,10.4031209362809,country,MEA,"Middle East, North Africa, Afghanistan & Pakistan"
TUN,Tunisia,2000,10.5417138542846,country,MEA,"Middle East, North Africa, Afghanistan & Pakistan"
TUN,Tunisia,2001,11.0779494382022,country,MEA,"Middle East, North Africa, Afghanistan & Pakistan"
TUN,Tunisia,2002,10.6241026940292,country,MEA,"Middle East, North Africa, Afghanistan & Pakistan"
TUN,Tunisia,2003,12.3029229406554,country,MEA,"Middle East, North Africa, Afghanistan & Pakistan"
TUN,Tunisia,2004,12.9229480737018,country,MEA,"Middle East, North Africa, Afghanistan & Pakistan"
TUN,Tunisia,2005,13.4823473659269,country,MEA,"Middle East, North Africa, Afghanistan & Pakistan"
TUN,Tunisia,2006,13.5441390398897,country,MEA,"Middle East, North Africa, Afghanistan & Pakistan"
TUN,Tunisia,2007,13.6108887109688,country,MEA,"Middle East, North Africa, Afghanistan & Pakistan"
TUN,Tunisia,2008,13.743646870431,country,MEA,"Middle East, North Africa, Afghanistan & Pakistan"
TUN,Tunisia,2009,12.3393653291372,country,MEA,"Middle East, North Africa, Afghanistan & Pakistan"
TUN,Tunisia,2010,11.4463718543855,country,MEA,"Middle East, North Africa, Afghanistan & Pakistan"
TUN,Tunisia,2011,13.6699806013579,country,MEA,"Middle East, North Africa, Afghanistan & Pakistan"
TUN,Tunisia,2012,15.1550387596899,country,MEA,"Middle East, North Africa, Afghanistan & Pakistan"
TUN,Tunisia,2013,14.7287665270145,country,MEA,"Middle East, North Africa, Afghanistan & Pakistan"
TUN,Tunisia,2014,14.8036253776435,country,MEA,"Middle East, North Africa, Afghanistan & Pakistan"
TUN,Tunisia,2015,16.0955770208439,country,MEA,"Middle East, North Africa, Afghanistan & Pakistan"
TUN,Tunisia,2016,15.4156985554096,country,MEA,"Middle East, North Africa, Afghanistan & Pakistan"
TUN,Tunisia,2017,17.0889776824871,country,MEA,"Middle East, North Africa, Afghanistan & Pakistan"
TUN,Tunisia,2018,17.131931166348,country,MEA,"Middle East, North Africa, Afghanistan & Pakistan"
TUN,Tunisia,2019,16.5394748796221,country,MEA,"Middle East, North Africa, Afghanistan & Pakistan"
TUN,Tunisia,2020,17.4334253755792,country,MEA,"Middle East, North Africa, Afghanistan & Pakistan"
TUN,Tunisia,2021,21.0598446779351,country,MEA,"Middle East, North Africa, Afghanistan & Pakistan"
TUN,Tunisia,2022,21.7440014937914,country,MEA,"Middle East, North Africa, Afghanistan & Pakistan"
TUN,Tunisia,2023,18.3407755581669,country,MEA,"Middle East, North Africa, Afghanistan & Pakistan"
TUR,Turkiye,1990,11.6104478390074,country,ECS,Europe & Central Asia
TUR,Turkiye,1991,12.5502108023769,country,ECS,Europe & Central Asia
TUR,Turkiye,1992,13.3571916485997,country,ECS,Europe & Central Asia
TUR,Turkiye,1993,13.8900932148277,country,ECS,Europe & Central Asia
TUR,Turkiye,1994,15.1198273770764,country,ECS,Europe & Central Asia
TUR,Turkiye,1995,15.9646132619106,country,ECS,Europe & Central Asia
TUR,Turkiye,1996,16.7126984461639,country,ECS,Europe & Central Asia
TUR,Turkiye,1997,17.9890799256506,country,ECS,Europe & Central Asia
TUR,Turkiye,1998,18.7305218785466,country,ECS,Europe & Central Asia
TUR,Turkiye,1999,18.5030917210581,country,ECS,Europe & Central Asia
TUR,Turkiye,2000,19.0166663998335,country,ECS,Europe & Central Asia
TUR,Turkiye,2001,19.0091668364229,country,ECS,Europe & Central Asia
TUR,Turkiye,2002,18.4945904173107,country,ECS,Europe & Central Asia
TUR,Turkiye,2003,17.1089976597122,country,ECS,Europe & Central Asia
TUR,Turkiye,2004,15.4235623565011,country,ECS,Europe & Central Asia
TUR,Turkiye,2005,14.8460075576082,country,ECS,Europe & Central Asia
TUR,Turkiye,2006,14.0726833391001,country,ECS,Europe & Central Asia
TUR,Turkiye,2007,13.9106693534073,country,ECS,Europe & Central Asia
TUR,Turkiye,2008,13.8500539265591,country,ECS,Europe & Central Asia
TUR,Turkiye,2009,14.8815268053303,country,ECS,Europe & Central Asia
TUR,Turkiye,2010,14.3091170788985,country,ECS,Europe & Central Asia
TUR,Turkiye,2011,14.1107182869573,country,ECS,Europe & Central Asia
TUR,Turkiye,2012,14.8883488659518,country,ECS,Europe & Central Asia
TUR,Turkiye,2013,15.4625781790018,country,ECS,Europe & Central Asia
TUR,Turkiye,2014,14.8160642634038,country,ECS,Europe & Central Asia
TUR,Turkiye,2015,13.9535416738291,country,ECS,Europe & Central Asia
TUR,Turkiye,2016,12.9773913296988,country,ECS,Europe & Central Asia
TUR,Turkiye,2017,11.6588232523875,country,ECS,Europe & Central Asia
TUR,Turkiye,2018,10.378574873442,country,ECS,Europe & Central Asia
TUR,Turkiye,2019,10.2946063962461,country,ECS,Europe & Central Asia
TUR,Turkiye,2020,9.57506121557337,country,ECS,Europe & Central Asia
TUR,Turkiye,2021,9.26019425017104,country,ECS,Europe & Central Asia
TUR,Turkiye,2022,8.8516622561126,country,ECS,Europe & Central Asia
TUR,Turkiye,2023,8.93648761278945,country,ECS,Europe & Central Asia
TUR,Turkiye,2024,8.27302560869004,country,ECS,Europe & Central Asia
TZA,Tanzania,1990,19.963144963145,country,SSF,Sub-Saharan Africa
TZA,Tanzania,1991,21.6245883644347,country,SSF,Sub-Saharan Africa
TZA,Tanzania,1992,20.6497797356828,country,SSF,Sub-Saharan Africa
TZA,Tanzania,1993,28.848167539267,country,SSF,Sub-Saharan Africa
TZA,Tanzania,1994,19.7080291970803,country,SSF,Sub-Saharan Africa
TZA,Tanzania,1995,12.7858627858628,country,SSF,Sub-Saharan Africa
TZA,Tanzania,1996,9.52615992102665,country,SSF,Sub-Saharan Africa
TZA,Tanzania,1997,11.56852527358,country,SSF,Sub-Saharan Africa
TZA,Tanzania,1998,11.7674418604651,country,SSF,Sub-Saharan Africa
TZA,Tanzania,1999,22.3667100130039,country,SSF,Sub-Saharan Africa
TZA,Tanzania,2000,21.8537754694367,country,SSF,Sub-Saharan Africa
TZA,Tanzania,2001,23.936170212766,country,SSF,Sub-Saharan Africa
TZA,Tanzania,2002,16.1898115840893,country,SSF,Sub-Saharan Africa
TZA,Tanzania,2003,8.57670979667283,country,SSF,Sub-Saharan Africa
TZA,Tanzania,2004,11.8203309692671,country,SSF,Sub-Saharan Africa
TZA,Tanzania,2005,15.0776053215078,country,SSF,Sub-Saharan Africa
TZA,Tanzania,2006,26.3698630136986,country,SSF,Sub-Saharan Africa
TZA,Tanzania,2007,21.6375648890986,country,SSF,Sub-Saharan Africa
TZA,Tanzania,2008,18.6135494035562,country,SSF,Sub-Saharan Africa
TZA,Tanzania,2009,35.1396415172989,country,SSF,Sub-Saharan Africa
TZA,Tanzania,2010,19.6690485144791,country,SSF,Sub-Saharan Africa
TZA,Tanzania,2011,22.4612403100775,country,SSF,Sub-Saharan Africa
TZA,Tanzania,2012,18.509360649947,country,SSF,Sub-Saharan Africa
TZA,Tanzania,2013,19.060357799699,country,SSF,Sub-Saharan Africa
TZA,Tanzania,2014,18.122305604343,country,SSF,Sub-Saharan Africa
TZA,Tanzania,2015,17.1306209850107,country,SSF,Sub-Saharan Africa
TZA,Tanzania,2016,17.9347826086957,country,SSF,Sub-Saharan Africa
TZA,Tanzania,2017,16.4117813650524,country,SSF,Sub-Saharan Africa
TZA,Tanzania,2018,14.5355191256831,country,SSF,Sub-Saharan Africa
TZA,Tanzania,2019,13.2721712538226,country,SSF,Sub-Saharan Africa
TZA,Tanzania,2020,13.4187620889749,country,SSF,Sub-Saharan Africa
TZA,Tanzania,2021,12.8930131004367,country,SSF,Sub-Saharan Africa
TZA,Tanzania,2022,17.5989757730943,country,SSF,Sub-Saharan Africa
TZA,Tanzania,2023,16.7832829046899,country,SSF,Sub-Saharan Africa
UGA,Uganda,1990,39.1857506361323,country,SSF,Sub-Saharan Africa
UGA,Uganda,1991,39.2479435957697,country,SSF,Sub-Saharan Africa
UGA,Uganda,1992,39.2778993435449,country,SSF,Sub-Saharan Africa
UGA,Uganda,1993,39.2478302796528,country,SSF,Sub-Saharan Africa
UGA,Uganda,1994,39.2193308550186,country,SSF,Sub-Saharan Africa
UGA,Uganda,1995,39.1964285714286,country,SSF,Sub-Saharan Africa
UGA,Uganda,1996,39.1993327773144,country,SSF,Sub-Saharan Africa
UGA,Uganda,1997,39.1944229279628,country,SSF,Sub-Saharan Africa
UGA,Uganda,1998,39.2036753445636,country,SSF,Sub-Saharan Africa
UGA,Uganda,1999,39.2351274787535,country,SSF,Sub-Saharan Africa
UGA,Uganda,2000,39.2564587271582,country,SSF,Sub-Saharan Africa
UGA,Uganda,2001,39.2293114339861,country,SSF,Sub-Saharan Africa
UGA,Uganda,2002,39.1583869082408,country,SSF,Sub-Saharan Africa
UGA,Uganda,2003,39.0338700721821,country,SSF,Sub-Saharan Africa
UGA,Uganda,2004,38.6680433660299,country,SSF,Sub-Saharan Africa
UGA,Uganda,2005,39.0481064483112,country,SSF,Sub-Saharan Africa
UGA,Uganda,2006,40.2646502835539,country,SSF,Sub-Saharan Africa
UGA,Uganda,2007,39.9798590130916,country,SSF,Sub-Saharan Africa
UGA,Uganda,2008,30.0215053763441,country,SSF,Sub-Saharan Africa
UGA,Uganda,2009,33.6502687060769,country,SSF,Sub-Saharan Africa
UGA,Uganda,2010,28.1592403214025,country,SSF,Sub-Saharan Africa
UGA,Uganda,2011,28.6621823617339,country,SSF,Sub-Saharan Africa
UGA,Uganda,2012,28.2474226804124,country,SSF,Sub-Saharan Africa
UGA,Uganda,2013,27.9092382495948,country,SSF,Sub-Saharan Africa
UGA,Uganda,2014,23.9864864864865,country,SSF,Sub-Saharan Africa
UGA,Uganda,2015,20.1732327465773,country,SSF,Sub-Saharan Africa
UGA,Uganda,2016,19.8633736205991,country,SSF,Sub-Saharan Africa
UGA,Uganda,2017,19.5326857442898,country,SSF,Sub-Saharan Africa
UGA,Uganda,2018,22.7082363890182,country,SSF,Sub-Saharan Africa
UGA,Uganda,2019,17.8196147110333,country,SSF,Sub-Saharan Africa
UGA,Uganda,2020,19.1721132897603,country,SSF,Sub-Saharan Africa
UGA,Uganda,2021,19.6171341925701,country,SSF,Sub-Saharan Africa
UGA,Uganda,2022,19.3280221683408,country,SSF,Sub-Saharan Africa
UGA,Uganda,2023,18.933588761175,country,SSF,Sub-Saharan Africa
UKR,Ukraine,1990,7.33916709890073,country,ECS,Europe & Central Asia
UKR,Ukraine,1991,8.04713599322528,country,ECS,Europe & Central Asia
UKR,Ukraine,1992,8.904896168285,country,ECS,Europe & Central Asia
UKR,Ukraine,1993,9.60566492392543,country,ECS,Europe & Central Asia
UKR,Ukraine,1994,10.5685928583397,country,ECS,Europe & Central Asia
UKR,Ukraine,1995,9.56354565040357,country,ECS,Europe & Central Asia
UKR,Ukraine,1996,13.5064977648563,country,ECS,Europe & Central Asia
UKR,Ukraine,1997,15.820608757205,country,ECS,Europe & Central Asia
UKR,Ukraine,1998,17.2240802675585,country,ECS,Europe & Central Asia
UKR,Ukraine,1999,17.4204043690449,country,ECS,Europe & Central Asia
UKR,Ukraine,2000,18.0606025255913,country,ECS,Europe & Central Asia
UKR,Ukraine,2001,19.6904701338945,country,ECS,Europe & Central Asia
UKR,Ukraine,2002,19.2777464399599,country,ECS,Europe & Central Asia
UKR,Ukraine,2003,17.7860944777112,country,ECS,Europe & Central Asia
UKR,Ukraine,2004,14.993000850877,country,ECS,Europe & Central Asia
UKR,Ukraine,2005,13.327779420064,country,ECS,Europe & Central Asia
UKR,Ukraine,2006,12.3528164607692,country,ECS,Europe & Central Asia
UKR,Ukraine,2007,11.6952270306903,country,ECS,Europe & Central Asia
UKR,Ukraine,2008,11.6119551784657,country,ECS,Europe & Central Asia
UKR,Ukraine,2009,11.9180504437878,country,ECS,Europe & Central Asia
UKR,Ukraine,2010,11.4892918423115,country,ECS,Europe & Central Asia
UKR,Ukraine,2011,10.9059851857931,country,ECS,Europe & Central Asia
UKR,Ukraine,2012,10.7709248886252,country,ECS,Europe & Central Asia
UKR,Ukraine,2013,10.656610607222,country,ECS,Europe & Central Asia
UKR,Ukraine,2014,10.7292498550471,country,ECS,Europe & Central Asia
UKR,Ukraine,2015,10.6560281521487,country,ECS,Europe & Central Asia
UKR,Ukraine,2016,10.1025077017494,country,ECS,Europe & Central Asia
UKR,Ukraine,2017,10.7584836735348,country,ECS,Europe & Central Asia
UKR,Ukraine,2018,10.6329731657417,country,ECS,Europe & Central Asia
UKR,Ukraine,2019,10.6616669153567,country,ECS,Europe & Central Asia
UKR,Ukraine,2020,10.4071910354633,country,ECS,Europe & Central Asia
UKR,Ukraine,2021,9.91805666375369,country,ECS,Europe & Central Asia
UKR,Ukraine,2022,9.99073859689743,country,ECS,Europe & Central Asia
UKR,Ukraine,2023,10.1703292525283,country,ECS,Europe & Central Asia
URY,Uruguay,1990,13.919118634959,country,LCN,Latin America & Caribbean
URY,Uruguay,1991,14.4628099173554,country,LCN,Latin America & Caribbean
URY,Uruguay,1992,13.5423690717015,country,LCN,Latin America & Caribbean
URY,Uruguay,1993,13.9651498056914,country,LCN,Latin America & Caribbean
URY,Uruguay,1994,15.7411054220822,country,LCN,Latin America & Caribbean
URY,Uruguay,1995,18.6042823156225,country,LCN,Latin America & Caribbean
URY,Uruguay,1996,19.8230619283251,country,LCN,Latin America & Caribbean
URY,Uruguay,1997,18.7517492303387,country,LCN,Latin America & Caribbean
URY,Uruguay,1998,15.3042023834414,country,LCN,Latin America & Caribbean
URY,Uruguay,1999,18.7265396913666,country,LCN,Latin America & Caribbean
URY,Uruguay,2000,18.5292567211386,country,LCN,Latin America & Caribbean
URY,Uruguay,2001,15.9783783783784,country,LCN,Latin America & Caribbean
URY,Uruguay,2002,16.730869338886,country,LCN,Latin America & Caribbean
URY,Uruguay,2003,20.8882154097214,country,LCN,Latin America & Caribbean
URY,Uruguay,2004,30.6271186440678,country,LCN,Latin America & Caribbean
URY,Uruguay,2005,23.3242223089939,country,LCN,Latin America & Caribbean
URY,Uruguay,2006,19.1271551724138,country,LCN,Latin America & Caribbean
URY,Uruguay,2007,12.5826402217957,country,LCN,Latin America & Caribbean
URY,Uruguay,2008,12.2805017103763,country,LCN,Latin America & Caribbean
URY,Uruguay,2009,13.1071881850698,country,LCN,Latin America & Caribbean
URY,Uruguay,2010,11.2859670360369,country,LCN,Latin America & Caribbean
URY,Uruguay,2011,12.4419953596288,country,LCN,Latin America & Caribbean
URY,Uruguay,2012,12.1909794300811,country,LCN,Latin America & Caribbean
URY,Uruguay,2013,10.9948542024014,country,LCN,Latin America & Caribbean
URY,Uruguay,2014,9.64439655172414,country,LCN,Latin America & Caribbean
URY,Uruguay,2015,10.8529390341613,country,LCN,Latin America & Caribbean
URY,Uruguay,2016,11.5833453392883,country,LCN,Latin America & Caribbean
URY,Uruguay,2017,11.7958359445721,country,LCN,Latin America & Caribbean
URY,Uruguay,2018,10.6483381206401,country,LCN,Latin America & Caribbean
URY,Uruguay,2019,8.21016022854304,country,LCN,Latin America & Caribbean
URY,Uruguay,2020,8.30757910228109,country,LCN,Latin America & Caribbean
URY,Uruguay,2021,7.70865895592373,country,LCN,Latin America & Caribbean
URY,Uruguay,2022,8.82333085803011,country,LCN,Latin America & Caribbean
URY,Uruguay,2023,9.69088098918083,country,LCN,Latin America & Caribbean
USA,United States,1990,9.21773641568858,country,NAC,North America
USA,United States,1991,6.97216591774934,country,NAC,North America
USA,United States,1992,7.21498437152948,country,NAC,North America
USA,United States,1993,7.40789381112075,country,NAC,North America
USA,United States,1994,6.93250341520714,country,NAC,North America
USA,United States,1995,6.94430718843677,country,NAC,North America
USA,United States,1996,6.85772345120589,country,NAC,North America
USA,United States,1997,5.87612176990844,country,NAC,North America
USA,United States,1998,5.96472147550874,country,NAC,North America
USA,United States,1999,5.65331577686107,country,NAC,North America
USA,United States,2000,5.65365967645504,country,NAC,North America
USA,United States,2001,4.38397260553948,country,NAC,North America
USA,United States,2002,6.16162937656747,country,NAC,North America
USA,United States,2003,5.57535908494465,country,NAC,North America
USA,United States,2004,6.36951310416455,country,NAC,North America
USA,United States,2005,6.2677907435972,country,NAC,North America
USA,United States,2006,6.19129186894347,country,NAC,North America
USA,United States,2007,6.1391439365255,country,NAC,North America
USA,United States,2008,5.63418715136298,country,NAC,North America
USA,United States,2009,6.22479982522387,country,NAC,North America
USA,United States,2010,5.9610179904669,country,NAC,North America
USA,United States,2011,5.96689752275166,country,NAC,North America
USA,United States,2012,6.26367505232295,country,NAC,North America
USA,United States,2013,5.9289364525258,country,NAC,North America
USA,United States,2014,5.88249253347237,country,NAC,North America
USA,United States,2015,5.9141208373377,country,NAC,North America
USA,United States,2016,5.43278425594592,country,NAC,North America
USA,United States,2017,5.2751148508735,country,NAC,North America
USA,United States,2018,4.73883824665499,country,NAC,North America
USA,United States,2019,5.55840938484799,country,NAC,North America
USA,United States,2020,4.64711271693736,country,NAC,North America
USA,United States,2021,5.58011610459837,country,NAC,North America
USA,United States,2022,4.56000487613028,country,NAC,North America
USA,United States,2023,5.48253479643862,country,NAC,North America
USA,United States,2024,5.3117248222259,country,NAC,North America
UZB,Uzbekistan,1990,9.38837106080781,country,ECS,Europe & Central Asia
UZB,Uzbekistan,1991,9.36398043016708,country,ECS,Europe & Central Asia
UZB,Uzbekistan,1992,9.36929150871128,country,ECS,Europe & Central Asia
UZB,Uzbekistan,1993,9.07037783067814,country,ECS,Europe & Central Asia
UZB,Uzbekistan,1994,9.07112970711297,country,ECS,Europe & Central Asia
UZB,Uzbekistan,1995,8.73074410469306,country,ECS,Europe & Central Asia
UZB,Uzbekistan,1996,8.9411920121535,country,ECS,Europe & Central Asia
UZB,Uzbekistan,1997,8.70282711599427,country,ECS,Europe & Central Asia
UZB,Uzbekistan,1998,9.03885925764668,country,ECS,Europe & Central Asia
UZB,Uzbekistan,1999,9.24158603513257,country,ECS,Europe & Central Asia
UZB,Uzbekistan,2000,9.2505654901626,country,ECS,Europe & Central Asia
UZB,Uzbekistan,2001,15.3443566379616,country,ECS,Europe & Central Asia
UZB,Uzbekistan,2002,16.4159766787457,country,ECS,Europe & Central Asia
UZB,Uzbekistan,2003,17.6254564851668,country,ECS,Europe & Central Asia
UZB,Uzbekistan,2004,18.3202881345701,country,ECS,Europe & Central Asia
UZB,Uzbekistan,2005,16.8928983530893,country,ECS,Europe & Central Asia
UZB,Uzbekistan,2006,13.4182650436473,country,ECS,Europe & Central Asia
UZB,Uzbekistan,2007,13.3827100038767,country,ECS,Europe & Central Asia
UZB,Uzbekistan,2008,14.7337608028994,country,ECS,Europe & Central Asia
UZB,Uzbekistan,2009,15.3044727860607,country,ECS,Europe & Central Asia
UZB,Uzbekistan,2010,17.2833092833093,country,ECS,Europe & Central Asia
UZB,Uzbekistan,2011,16.6900234830695,country,ECS,Europe & Central Asia
UZB,Uzbekistan,2012,16.3377626990859,country,ECS,Europe & Central Asia
UZB,Uzbekistan,2013,16.7739575713241,country,ECS,Europe & Central Asia
UZB,Uzbekistan,2014,16.4912217778814,country,ECS,Europe & Central Asia
UZB,Uzbekistan,2015,15.707517592141,country,ECS,Europe & Central Asia
UZB,Uzbekistan,2016,15.5014731679071,country,ECS,Europe & Central Asia
UZB,Uzbekistan,2017,16.1624465636304,country,ECS,Europe & Central Asia
UZB,Uzbekistan,2018,7.67298397354363,country,ECS,Europe & Central Asia
UZB,Uzbekistan,2019,7.40268530323779,country,ECS,Europe & Central Asia
UZB,Uzbekistan,2020,15.0,country,ECS,Europe & Central Asia
UZB,Uzbekistan,2021,3.35187702310721,country,ECS,Europe & Central Asia
UZB,Uzbekistan,2022,4.54967752359666,country,ECS,Europe & Central Asia
UZB,Uzbekistan,2023,4.92546550425143,country,ECS,Europe & Central Asia
VEN,"Venezuela, RB",1990,18.0003708636065,country,LCN,Latin America & Caribbean
VEN,"Venezuela, RB",1991,19.1057359837062,country,LCN,Latin America & Caribbean
VEN,"Venezuela, RB",1992,18.0219454329775,country,LCN,Latin America & Caribbean
VEN,"Venezuela, RB",1993,18.2828399296648,country,LCN,Latin America & Caribbean
VEN,"Venezuela, RB",1994,19.6220215947544,country,LCN,Latin America & Caribbean
VEN,"Venezuela, RB",1995,20.8234621354464,country,LCN,Latin America & Caribbean
VEN,"Venezuela, RB",1996,20.8419325818913,country,LCN,Latin America & Caribbean
VEN,"Venezuela, RB",1997,21.0042912957151,country,LCN,Latin America & Caribbean
VEN,"Venezuela, RB",1998,23.2243949469729,country,LCN,Latin America & Caribbean
VEN,"Venezuela, RB",1999,23.3357726703298,country,LCN,Latin America & Caribbean
VEN,"Venezuela, RB",2000,24.2638177105933,country,LCN,Latin America & Caribbean
VEN,"Venezuela, RB",2001,25.2399604966766,country,LCN,Latin America & Caribbean
VEN,"Venezuela, RB",2002,24.7637503810478,country,LCN,Latin America & Caribbean
VEN,"Venezuela, RB",2003,25.494866440442,country,LCN,Latin America & Caribbean
VEN,"Venezuela, RB",2004,26.5542271130503,country,LCN,Latin America & Caribbean
VEN,"Venezuela, RB",2005,27.0468002732863,country,LCN,Latin America & Caribbean
VEN,"Venezuela, RB",2006,26.5716976689428,country,LCN,Latin America & Caribbean
VEN,"Venezuela, RB",2007,27.5001313324111,country,LCN,Latin America & Caribbean
VEN,"Venezuela, RB",2008,27.2102399892705,country,LCN,Latin America & Caribbean
VEN,"Venezuela, RB",2009,27.2371854185944,country,LCN,Latin America & Caribbean
VEN,"Venezuela, RB",2010,28.4242976248861,country,LCN,Latin America & Caribbean
VEN,"Venezuela, RB",2011,30.5776884014499,country,LCN,Latin America & Caribbean
VEN,"Venezuela, RB",2012,32.3837356844061,country,LCN,Latin America & Caribbean
VEN,"Venezuela, RB",2013,34.2387569826757,country,LCN,Latin America & Caribbean
VEN,"Venezuela, RB",2014,41.1879776049647,country,LCN,Latin America & Caribbean
VEN,"Venezuela, RB",2015,38.2447524337173,country,LCN,Latin America & Caribbean
VEN,"Venezuela, RB",2016,34.2123209820414,country,LCN,Latin America & Caribbean
VEN,"Venezuela, RB",2017,27.4125600910496,country,LCN,Latin America & Caribbean
VEN,"Venezuela, RB",2018,16.6715579178487,country,LCN,Latin America & Caribbean
VEN,"Venezuela, RB",2019,22.7419119693576,country,LCN,Latin America & Caribbean
VEN,"Venezuela, RB",2020,22.6915918103099,country,LCN,Latin America & Caribbean
VEN,"Venezuela, RB",2021,21.5562922550837,country,LCN,Latin America & Caribbean
VEN,"Venezuela, RB",2022,20.5609691861996,country,LCN,Latin America & Caribbean
VEN,"Venezuela, RB",2023,21.4223764093669,country,LCN,Latin America & Caribbean
VNM,Viet Nam,1990,25.4002995046654,country,EAS,East Asia & Pacific
VNM,Viet Nam,1991,25.5266015200869,country,EAS,East Asia & Pacific
VNM,Viet Nam,1992,25.6156620298815,country,EAS,East Asia & Pacific
VNM,Viet Nam,1993,24.0105045957606,country,EAS,East Asia & Pacific
VNM,Viet Nam,1994,22.4934895833333,country,EAS,East Asia & Pacific
VNM,Viet Nam,1995,21.702621518296,country,EAS,East Asia & Pacific
VNM,Viet Nam,1996,19.2634560906516,country,EAS,East Asia & Pacific
VNM,Viet Nam,1997,18.1998745557182,country,EAS,East Asia & Pacific
VNM,Viet Nam,1998,16.0918480265585,country,EAS,East Asia & Pacific
VNM,Viet Nam,1999,15.0218600110361,country,EAS,East Asia & Pacific
VNM,Viet Nam,2000,13.7683069161553,country,EAS,East Asia & Pacific
VNM,Viet Nam,2001,13.86238891793,country,EAS,East Asia & Pacific
VNM,Viet Nam,2002,14.0015644206057,country,EAS,East Asia & Pacific
VNM,Viet Nam,2003,12.8821014050092,country,EAS,East Asia & Pacific
VNM,Viet Nam,2004,13.0061243480707,country,EAS,East Asia & Pacific
VNM,Viet Nam,2005,11.6631877143283,country,EAS,East Asia & Pacific
VNM,Viet Nam,2006,11.3451143107467,country,EAS,East Asia & Pacific
VNM,Viet Nam,2007,11.1106136580707,country,EAS,East Asia & Pacific
VNM,Viet Nam,2008,10.0836557850564,country,EAS,East Asia & Pacific
VNM,Viet Nam,2009,9.60024045686805,country,EAS,East Asia & Pacific
VNM,Viet Nam,2010,10.1124305870204,country,EAS,East Asia & Pacific
VNM,Viet Nam,2011,9.54819740179876,country,EAS,East Asia & Pacific
VNM,Viet Nam,2012,9.11201442274985,country,EAS,East Asia & Pacific
VNM,Viet Nam,2013,9.5390535586923,country,EAS,East Asia & Pacific
VNM,Viet Nam,2014,9.30640976533422,country,EAS,East Asia & Pacific
VNM,Viet Nam,2015,7.98828993527348,country,EAS,East Asia & Pacific
VNM,Viet Nam,2016,7.56285291558841,country,EAS,East Asia & Pacific
VNM,Viet Nam,2017,7.20634758648842,country,EAS,East Asia & Pacific
VNM,Viet Nam,2018,7.08627003551646,country,EAS,East Asia & Pacific
VNM,Viet Nam,2019,6.53718156632205,country,EAS,East Asia & Pacific
VNM,Viet Nam,2020,6.53295630119815,country,EAS,East Asia & Pacific
VNM,Viet Nam,2021,6.48890958380851,country,EAS,East Asia & Pacific
VNM,Viet Nam,2022,6.19935170178282,country,EAS,East Asia & Pacific
VNM,Viet Nam,2023,6.58319222235198,country,EAS,East Asia & Pacific
XKX,Kosovo,2000,23.0300980723706,country,ECS,Europe & Central Asia
XKX,Kosovo,2001,23.0213903743316,country,ECS,Europe & Central Asia
XKX,Kosovo,2002,23.0148048452221,country,ECS,Europe & Central Asia
XKX,Kosovo,2003,23.0027548209366,country,ECS,Europe & Central Asia
XKX,Kosovo,2004,23.0034296913278,country,ECS,Europe & Central Asia
XKX,Kosovo,2005,22.9475100942126,country,ECS,Europe & Central Asia
XKX,Kosovo,2006,20.1398285972034,country,ECS,Europe & Central Asia
XKX,Kosovo,2007,18.6763185108583,country,ECS,Europe & Central Asia
XKX,Kosovo,2008,18.4618364974816,country,ECS,Europe & Central Asia
XKX,Kosovo,2009,19.3729903536978,country,ECS,Europe & Central Asia
XKX,Kosovo,2010,17.9760061919505,country,ECS,Europe & Central Asia
XKX,Kosovo,2011,16.2215928190577,country,ECS,Europe & Central Asia
XKX,Kosovo,2012,15.6329405746326,country,ECS,Europe & Central Asia
XKX,Kosovo,2013,13.4706450278148,country,ECS,Europe & Central Asia
XKX,Kosovo,2014,15.0468051291579,country,ECS,Europe & Central Asia
YEM,"Yemen, Rep.",1990,11.5453998797354,country,MEA,"Middle East, North Africa, Afghanistan & Pakistan"
YEM,"Yemen, Rep.",1991,16.751269035533,country,MEA,"Middle East, North Africa, Afghanistan & Pakistan"
YEM,"Yemen, Rep.",1992,19.3413729128015,country,MEA,"Middle East, North Africa, Afghanistan & Pakistan"
YEM,"Yemen, Rep.",1993,20.7659574468085,country,MEA,"Middle East, North Africa, Afghanistan & Pakistan"
YEM,"Yemen, Rep.",1994,18.9351851851852,country,MEA,"Middle East, North Africa, Afghanistan & Pakistan"
YEM,"Yemen, Rep.",1995,21.1808422791082,country,MEA,"Middle East, North Africa, Afghanistan & Pakistan"
YEM,"Yemen, Rep.",1996,22.3036223036223,country,MEA,"Middle East, North Africa, Afghanistan & Pakistan"
YEM,"Yemen, Rep.",1997,23.2737469330529,country,MEA,"Middle East, North Africa, Afghanistan & Pakistan"
YEM,"Yemen, Rep.",1998,24.3818681318681,country,MEA,"Middle East, North Africa, Afghanistan & Pakistan"
YEM,"Yemen, Rep.",1999,28.6033163265306,country,MEA,"Middle East, North Africa, Afghanistan & Pakistan"
YEM,"Yemen, Rep.",2000,27.614331488494,country,MEA,"Middle East, North Africa, Afghanistan & Pakistan"
YEM,"Yemen, Rep.",2001,28.0577499318987,country,MEA,"Middle East, North Africa, Afghanistan & Pakistan"
YEM,"Yemen, Rep.",2002,24.5918904686677,country,MEA,"Middle East, North Africa, Afghanistan & Pakistan"
YEM,"Yemen, Rep.",2003,23.7205918020859,country,MEA,"Middle East, North Africa, Afghanistan & Pakistan"
YEM,"Yemen, Rep.",2004,22.3825887743414,country,MEA,"Middle East, North Africa, Afghanistan & Pakistan"
YEM,"Yemen, Rep.",2005,22.5461409395973,country,MEA,"Middle East, North Africa, Afghanistan & Pakistan"
YEM,"Yemen, Rep.",2006,25.5429738258771,country,MEA,"Middle East, North Africa, Afghanistan & Pakistan"
YEM,"Yemen, Rep.",2007,25.4189480670317,country,MEA,"Middle East, North Africa, Afghanistan & Pakistan"
YEM,"Yemen, Rep.",2008,23.0299328039096,country,MEA,"Middle East, North Africa, Afghanistan & Pakistan"
YEM,"Yemen, Rep.",2009,24.2742890995261,country,MEA,"Middle East, North Africa, Afghanistan & Pakistan"
YEM,"Yemen, Rep.",2010,23.9009926517984,country,MEA,"Middle East, North Africa, Afghanistan & Pakistan"
YEM,"Yemen, Rep.",2011,25.6203673864003,country,MEA,"Middle East, North Africa, Afghanistan & Pakistan"
YEM,"Yemen, Rep.",2012,32.928208027134,country,MEA,"Middle East, North Africa, Afghanistan & Pakistan"
YEM,"Yemen, Rep.",2013,25.7465318598636,country,MEA,"Middle East, North Africa, Afghanistan & Pakistan"
YEM,"Yemen, Rep.",2014,25.1306165099269,country,MEA,"Middle East, North Africa, Afghanistan & Pakistan"
YEM,"Yemen, Rep.",2015,24.6832147196667,country,MEA,"Middle East, North Africa, Afghanistan & Pakistan"
YEM,"Yemen, Rep.",2016,24.2443193662706,country,MEA,"Middle East, North Africa, Afghanistan & Pakistan"
YEM,"Yemen, Rep.",2017,31.4926878466969,country,MEA,"Middle East, North Africa, Afghanistan & Pakistan"
YEM,"Yemen, Rep.",2018,26.4144011756062,country,MEA,"Middle East, North Africa, Afghanistan & Pakistan"
YEM,"Yemen, Rep.",2019,30.8253968253968,country,MEA,"Middle East, North Africa, Afghanistan & Pakistan"
YEM,"Yemen, Rep.",2020,30.7048008171604,country,MEA,"Middle East, North Africa, Afghanistan & Pakistan"
YEM,"Yemen, Rep.",2021,31.1830216432024,country,MEA,"Middle East, North Africa, Afghanistan & Pakistan"
YEM,"Yemen, Rep.",2022,31.3172043010753,country,MEA,"Middle East, North Africa, Afghanistan & Pakistan"
YEM,"Yemen, Rep.",2023,31.1855168386218,country,MEA,"Middle East, North Africa, Afghanistan & Pakistan"
ZAF,South Africa,1990,5.96498152201213,country,SSF,Sub-Saharan Africa
ZAF,South Africa,1991,6.52047339528031,country,SSF,Sub-Saharan Africa
ZAF,South Africa,1992,7.15866500089238,country,SSF,Sub-Saharan Africa
ZAF,South Africa,1993,7.30312639520108,country,SSF,Sub-Saharan Africa
ZAF,South Africa,1994,7.72249435852276,country,SSF,Sub-Saharan Africa
ZAF,South Africa,1995,6.17824328306233,country,SSF,Sub-Saharan Africa
ZAF,South Africa,1996,7.58194689563545,country,SSF,Sub-Saharan Africa
ZAF,South Africa,1997,7.6506213099324,country,SSF,Sub-Saharan Africa
ZAF,South Africa,1998,8.05067827475727,country,SSF,Sub-Saharan Africa
ZAF,South Africa,1999,8.2812838649932,country,SSF,Sub-Saharan Africa
ZAF,South Africa,2000,8.09465040110125,country,SSF,Sub-Saharan Africa
ZAF,South Africa,2001,7.73488814850071,country,SSF,Sub-Saharan Africa
ZAF,South Africa,2002,6.26544259322226,country,SSF,Sub-Saharan Africa
ZAF,South Africa,2003,8.16764790013192,country,SSF,Sub-Saharan Africa
ZAF,South Africa,2004,9.854663641381,country,SSF,Sub-Saharan Africa
ZAF,South Africa,2005,8.39450927233976,country,SSF,Sub-Saharan Africa
ZAF,South Africa,2006,8.61669516702259,country,SSF,Sub-Saharan Africa
ZAF,South Africa,2007,8.35626368704906,country,SSF,Sub-Saharan Africa
ZAF,South Africa,2008,8.69755430889965,country,SSF,Sub-Saharan Africa
ZAF,South Africa,2009,9.7292402136586,country,SSF,Sub-Saharan Africa
ZAF,South Africa,2010,9.42523333885463,country,SSF,Sub-Saharan Africa
ZAF,South Africa,2011,8.3789775194448,country,SSF,Sub-Saharan Africa
ZAF,South Africa,2012,8.61549556256034,country,SSF,Sub-Saharan Africa
ZAF,South Africa,2013,8.39135715206211,country,SSF,Sub-Saharan Africa
ZAF,South Africa,2014,8.29050827863076,country,SSF,Sub-Saharan Africa
ZAF,South Africa,2015,7.9689972161583,country,SSF,Sub-Saharan Africa
ZAF,South Africa,2016,8.46656933613455,country,SSF,Sub-Saharan Africa
ZAF,South Africa,2017,8.39911575877774,country,SSF,Sub-Saharan Africa
ZAF,South Africa,2018,8.86788846983389,country,SSF,Sub-Saharan Africa
ZAF,South Africa,2019,9.06575681891048,country,SSF,Sub-Saharan Africa
ZAF,South Africa,2020,10.4700631677389,country,SSF,Sub-Saharan Africa
ZAF,South Africa,2021,10.1363303959179,country,SSF,Sub-Saharan Africa
ZAF,South Africa,2022,10.0431942732889,country,SSF,Sub-Saharan Africa
ZAF,South Africa,2023,10.2490525884287,country,SSF,Sub-Saharan Africa
ZMB,Zambia,1990,3.23224759765381,country,SSF,Sub-Saharan Africa
ZMB,Zambia,1991,3.73604509782248,country,SSF,Sub-Saharan Africa
ZMB,Zambia,1992,3.83153413410369,country,SSF,Sub-Saharan Africa
ZMB,Zambia,1993,3.1837033422786,country,SSF,Sub-Saharan Africa
ZMB,Zambia,1994,3.43980343980344,country,SSF,Sub-Saharan Africa
ZMB,Zambia,1995,2.82685512367491,country,SSF,Sub-Saharan Africa
ZMB,Zambia,1996,1.92602930914166,country,SSF,Sub-Saharan Africa
ZMB,Zambia,1997,2.06523107920917,country,SSF,Sub-Saharan Africa
ZMB,Zambia,1998,2.23595948967513,country,SSF,Sub-Saharan Africa
ZMB,Zambia,1999,2.89799072642968,country,SSF,Sub-Saharan Africa
ZMB,Zambia,2000,3.17723618731658,country,SSF,Sub-Saharan Africa
ZMB,Zambia,2001,3.47030819343523,country,SSF,Sub-Saharan Africa
ZMB,Zambia,2002,3.7353515625,country,SSF,Sub-Saharan Africa
ZMB,Zambia,2003,4.00095831336847,country,SSF,Sub-Saharan Africa
ZMB,Zambia,2004,3.97800397800398,country,SSF,Sub-Saharan Africa
ZMB,Zambia,2005,5.05849582172702,country,SSF,Sub-Saharan Africa
ZMB,Zambia,2006,5.86359428042382,country,SSF,Sub-Saharan Africa
ZMB,Zambia,2007,12.7736472532012,country,SSF,Sub-Saharan Africa
ZMB,Zambia,2008,22.5752508361204,country,SSF,Sub-Saharan Africa
ZMB,Zambia,2009,18.6387855634865,country,SSF,Sub-Saharan Africa
ZMB,Zambia,2010,18.1697108066971,country,SSF,Sub-Saharan Africa
ZMB,Zambia,2011,24.1761093331027,country,SSF,Sub-Saharan Africa
ZMB,Zambia,2012,8.11419380780056,country,SSF,Sub-Saharan Africa
ZMB,Zambia,2013,8.9929672302858,country,SSF,Sub-Saharan Africa
ZMB,Zambia,2014,15.3549542105626,country,SSF,Sub-Saharan Africa
ZMB,Zambia,2015,9.90003702332469,country,SSF,Sub-Saharan Africa
ZMB,Zambia,2016,16.6950161592107,country,SSF,Sub-Saharan Africa
ZMB,Zambia,2017,11.5932063535722,country,SSF,Sub-Saharan Africa
ZMB,Zambia,2018,10.7035330261137,country,SSF,Sub-Saharan Africa
ZMB,Zambia,2019,5.37765166869342,country,SSF,Sub-Saharan Africa
ZMB,Zambia,2020,14.7251738160829,country,SSF,Sub-Saharan Africa
ZMB,Zambia,2021,13.312274368231,country,SSF,Sub-Saharan Africa
ZMB,Zambia,2022,11.460524290771,country,SSF,Sub-Saharan Africa
ZMB,Zambia,2023,5.34209985617423,country,SSF,Sub-Saharan Africa
ZWE,Zimbabwe,1990,7.11386455885495,country,SSF,Sub-Saharan Africa
ZWE,Zimbabwe,1991,10.3541012998655,country,SSF,Sub-Saharan Africa
ZWE,Zimbabwe,1992,20.4321961879325,country,SSF,Sub-Saharan Africa
ZWE,Zimbabwe,1993,6.74879485806106,country,SSF,Sub-Saharan Africa
ZWE,Zimbabwe,1994,10.4445919044459,country,SSF,Sub-Saharan Africa
ZWE,Zimbabwe,1995,9.44821405709896,country,SSF,Sub-Saharan Africa
ZWE,Zimbabwe,1996,6.34985661614093,country,SSF,Sub-Saharan Africa
ZWE,Zimbabwe,1997,11.0578240613867,country,SSF,Sub-Saharan Africa
ZWE,Zimbabwe,1998,18.4110587877867,country,SSF,Sub-Saharan Africa
ZWE,Zimbabwe,1999,19.8561556903117,country,SSF,Sub-Saharan Africa
ZWE,Zimbabwe,2000,20.3288062902073,country,SSF,Sub-Saharan Africa
ZWE,Zimbabwe,2001,19.908929926638,country,SSF,Sub-Saharan Africa
ZWE,Zimbabwe,2002,24.4206358448818,country,SSF,Sub-Saharan Africa
ZWE,Zimbabwe,2003,16.4109557904307,country,SSF,Sub-Saharan Africa
ZWE,Zimbabwe,2004,15.155880234592,country,SSF,Sub-Saharan Africa
ZWE,Zimbabwe,2005,16.8551312139962,country,SSF,Sub-Saharan Africa
ZWE,Zimbabwe,2006,15.9769250062704,country,SSF,Sub-Saharan Africa
ZWE,Zimbabwe,2007,16.0205020370614,country,SSF,Sub-Saharan Africa
ZWE,Zimbabwe,2008,12.6819672131148,country,SSF,Sub-Saharan Africa
ZWE,Zimbabwe,2009,16.9249759978055,country,SSF,Sub-Saharan Africa
ZWE,Zimbabwe,2010,19.7491080676718,country,SSF,Sub-Saharan Africa
ZWE,Zimbabwe,2011,17.7056277056277,country,SSF,Sub-Saharan Africa
ZWE,Zimbabwe,2012,19.2529047670757,country,SSF,Sub-Saharan Africa
ZWE,Zimbabwe,2013,17.7859007832898,country,SSF,Sub-Saharan Africa
ZWE,Zimbabwe,2014,16.4455968884013,country,SSF,Sub-Saharan Africa
ZWE,Zimbabwe,2015,17.0322314900628,country,SSF,Sub-Saharan Africa
ZWE,Zimbabwe,2016,22.4261661606404,country,SSF,Sub-Saharan Africa
ZWE,Zimbabwe,2017,22.9108727320885,country,SSF,Sub-Saharan Africa
ZWE,Zimbabwe,2018,20.7065855480841,country,SSF,Sub-Saharan Africa
ZWE,Zimbabwe,2019,18.2922636103152,country,SSF,Sub-Saharan Africa
ZWE,Zimbabwe,2020,21.3546160483175,country,SSF,Sub-Saharan Africa
ZWE,Zimbabwe,2021,21.4488636363636,country,SSF,Sub-Saharan Africa
ZWE,Zimbabwe,2022,22.3405435385469,country,SSF,Sub-Saharan Africa
ZWE,Zimbabwe,2023,22.9980227385072,country,SSF,Sub-Saharan Africa
EAS,East Asia & Pacific,1960,11.5600269581107,geographic_region,,
EAS,East Asia & Pacific,1961,10.8683094696737,geographic_region,,
EAS,East Asia & Pacific,1962,10.579628912683,geographic_region,,
EAS,East Asia & Pacific,1963,9.62743192146605,geographic_region,,
EAS,East Asia & Pacific,1964,9.34592626308603,geographic_region,,
EAS,East Asia & Pacific,1965,9.16216502489143,geographic_region,,
EAS,East Asia & Pacific,1966,8.67487145868192,geographic_region,,
EAS,East Asia & Pacific,1967,7.9690015146061,geographic_region,,
EAS,East Asia & Pacific,1968,7.80001349271087,geographic_region,,
EAS,East Asia & Pacific,1969,7.32103206383304,geographic_region,,
EAS,East Asia & Pacific,1970,7.11323786839613,geographic_region,,
EAS,East Asia & Pacific,1971,7.33275504431454,geographic_region,,
EAS,East Asia & Pacific,1972,7.30192789545577,geographic_region,,
EAS,East Asia & Pacific,1973,7.46230532593445,geographic_region,,
EAS,East Asia & Pacific,1974,6.52901538869857,geographic_region,,
EAS,East Asia & Pacific,1975,6.95445922474731,geographic_region,,
EAS,East Asia & Pacific,1976,6.83258938151852,geographic_region,,
EAS,East Asia & Pacific,1977,6.77855193443527,geographic_region,,
EAS,East Asia & Pacific,1978,6.61945367827721,geographic_region,,
EAS,East Asia & Pacific,1979,6.49139900991397,geographic_region,,
EAS,East Asia & Pacific,1980,6.43158700195452,geographic_region,,
EAS,East Asia & Pacific,1981,6.63807240653898,geographic_region,,
EAS,East Asia & Pacific,1982,6.50528591046862,geographic_region,,
EAS,East Asia & Pacific,1983,6.53013960332236,geographic_region,,
EAS,East Asia & Pacific,1984,6.23604773566993,geographic_region,,
EAS,East Asia & Pacific,1985,6.42423676404604,geographic_region,,
EAS,East Asia & Pacific,1986,6.44898633347055,geographic_region,,
EAS,East Asia & Pacific,1987,6.4079160888855,geographic_region,,
EAS,East Asia & Pacific,1988,6.06077924066731,geographic_region,,
EAS,East Asia & Pacific,1989,6.20729303973337,geographic_region,,
EAS,East Asia & Pacific,1990,6.14154445892679,geographic_region,,
EAS,East Asia & Pacific,1991,6.2584940794435,geographic_region,,
EAS,East Asia & Pacific,1992,6.2984714909805,geographic_region,,
EAS,East Asia & Pacific,1993,6.53072221682195,geographic_region,,
EAS,East Asia & Pacific,1994,6.09645570272581,geographic_region,,
EAS,East Asia & Pacific,1995,6.54853872951504,geographic_region,,
EAS,East Asia & Pacific,1996,6.35269561462173,geographic_region,,
EAS,East Asia & Pacific,1997,6.25567338633594,geographic_region,,
EAS,East Asia & Pacific,1998,6.27536740129689,geographic_region,,
EAS,East Asia & Pacific,1999,6.18210413671592,geographic_region,,
EAS,East Asia & Pacific,2000,6.19416219264815,geographic_region,,
EAS,East Asia & Pacific,2001,6.33537093755771,geographic_region,,
EAS,East Asia & Pacific,2002,6.5054789961388,geographic_region,,
EAS,East Asia & Pacific,2003,6.20778696022356,geographic_region,,
EAS,East Asia & Pacific,2004,6.08752978063771,geographic_region,,
EAS,East Asia & Pacific,2005,6.25446306678357,geographic_region,,
EAS,East Asia & Pacific,2006,6.06577292819973,geographic_region,,
EAS,East Asia & Pacific,2007,5.95049482139584,geographic_region,,
EAS,East Asia & Pacific,2008,5.87331006266239,geographic_region,,
EAS,East Asia & Pacific,2009,5.76760043617473,geographic_region,,
EAS,East Asia & Pacific,2010,5.76472277976656,geographic_region,,
EAS,East Asia & Pacific,2011,5.57384023465297,geographic_region,,
EAS,East Asia & Pacific,2012,5.50431101771914,geographic_region,,
EAS,East Asia & Pacific,2013,5.50577919208822,geographic_region,,
EAS,East Asia & Pacific,2014,5.28052275544362,geographic_region,,
EAS,East Asia & Pacific,2015,5.06873972497879,geographic_region,,
EAS,East Asia & Pacific,2016,4.99708597259396,geographic_region,,
EAS,East Asia & Pacific,2017,4.8040850032319,geographic_region,,
EAS,East Asia & Pacific,2018,4.77950775247537,geographic_region,,
EAS,East Asia & Pacific,2019,4.63702465446515,geographic_region,,
EAS,East Asia & Pacific,2020,4.45509431122727,geographic_region,,
EAS,East Asia & Pacific,2021,4.18670155694238,geographic_region,,
EAS,East Asia & Pacific,2022,3.88979669837163,geographic_region,,
EAS,East Asia & Pacific,2023,3.93557992921669,geographic_region,,
EAS,East Asia & Pacific,2024,4.42103063703085,geographic_region,,
ECS,Europe & Central Asia,1960,9.46262974270977,geographic_region,,
ECS,Europe & Central Asia,1961,9.22701591391945,geographic_region,,
ECS,Europe & Central Asia,1962,8.94705761491301,geographic_region,,
ECS,Europe & Central Asia,1963,8.65853168490563,geographic_region,,
ECS,Europe & Central Asia,1964,8.45055235163103,geographic_region,,
ECS,Europe & Central Asia,1965,8.28587855226414,geographic_region,,
ECS,Europe & Central Asia,1966,7.96859316820463,geographic_region,,
ECS,Europe & Central Asia,1967,7.98437319240814,geographic_region,,
ECS,Europe & Central Asia,1968,7.79238471493767,geographic_region,,
ECS,Europe & Central Asia,1969,7.63773865196076,geographic_region,,
ECS,Europe & Central Asia,1970,7.50511325341292,geographic_region,,
ECS,Europe & Central Asia,1971,7.31916102017718,geographic_region,,
ECS,Europe & Central Asia,1972,7.27733771313571,geographic_region,,
ECS,Europe & Central Asia,1973,7.19279554427023,geographic_region,,
ECS,Europe & Central Asia,1974,7.0293678108214,geographic_region,,
ECS,Europe & Central Asia,1975,7.29225667120626,geographic_region,,
ECS,Europe & Central Asia,1976,7.18295773406786,geographic_region,,
ECS,Europe & Central Asia,1977,7.1346131938384,geographic_region,,
ECS,Europe & Central Asia,1978,6.99832087094497,geographic_region,,
ECS,Europe & Central Asia,1979,6.94566968350075,geographic_region,,
ECS,Europe & Central Asia,1980,7.08861405311138,geographic_region,,
ECS,Europe & Central Asia,1981,7.0363684707835,geographic_region,,
ECS,Europe & Central Asia,1982,6.98562093417033,geographic_region,,
ECS,Europe & Central Asia,1983,7.25876501015745,geographic_region,,
ECS,Europe & Central Asia,1984,7.22678655261048,geographic_region,,
ECS,Europe & Central Asia,1985,7.31429277661144,geographic_region,,
ECS,Europe & Central Asia,1986,7.02841096795507,geographic_region,,
ECS,Europe & Central Asia,1987,7.06485776093028,geographic_region,,
ECS,Europe & Central Asia,1988,6.88969884883069,geographic_region,,
ECS,Europe & Central Asia,1989,6.76084925652657,geographic_region,,
ECS,Europe & Central Asia,1990,7.38810044145668,geographic_region,,
ECS,Europe & Central Asia,1991,7.39993865585387,geographic_region,,
ECS,Europe & Central Asia,1992,7.50203128253731,geographic_region,,
ECS,Europe & Central Asia,1993,8.15403935659958,geographic_region,,
ECS,Europe & Central Asia,1994,8.48728097529607,geographic_region,,
ECS,Europe & Central Asia,1995,8.5799058684782,geographic_region,,
ECS,Europe & Central Asia,1996,8.8414256262956,geographic_region,,
ECS,Europe & Central Asia,1997,8.61008520760873,geographic_region,,
ECS,Europe & Central Asia,1998,9.04807920565238,geographic_region,,
ECS,Europe & Central Asia,1999,8.91521517155562,geographic_region,,
ECS,Europe & Central Asia,2000,9.15462142111271,geographic_region,,
ECS,Europe & Central Asia,2001,9.21539894309964,geographic_region,,
ECS,Europe & Central Asia,2002,9.03283488018998,geographic_region,,
ECS,Europe & Central Asia,2003,8.99457521007765,geographic_region,,
ECS,Europe & Central Asia,2004,8.82840531123824,geographic_region,,
ECS,Europe & Central Asia,2005,8.63980175200883,geographic_region,,
ECS,Europe & Central Asia,2006,8.24979071419687,geographic_region,,
ECS,Europe & Central Asia,2007,8.15056377677752,geographic_region,,
ECS,Europe & Central Asia,2008,8.17425848425082,geographic_region,,
ECS,Europe & Central Asia,2009,8.23776215025288,geographic_region,,
ECS,Europe & Central Asia,2010,8.00756747779915,geographic_region,,
ECS,Europe & Central Asia,2011,7.97484347248317,geographic_region,,
ECS,Europe & Central Asia,2012,8.04771132593586,geographic_region,,
ECS,Europe & Central Asia,2013,8.17463329647193,geographic_region,,
ECS,Europe & Central Asia,2014,7.99781865006978,geographic_region,,
ECS,Europe & Central Asia,2015,7.90512786836455,geographic_region,,
ECS,Europe & Central Asia,2016,7.7582384802633,geographic_region,,
ECS,Europe & Central Asia,2017,7.62802447314652,geographic_region,,
ECS,Europe & Central Asia,2018,7.4670627594072,geographic_region,,
ECS,Europe & Central Asia,2019,7.39479906134289,geographic_region,,
ECS,Europe & Central Asia,2020,7.45423793700368,geographic_region,,
ECS,Europe & Central Asia,2021,7.29526409711474,geographic_region,,
ECS,Europe & Central Asia,2022,7.26016917143987,geographic_region,,
ECS,Europe & Central Asia,2023,7.37076246754013,geographic_region,,
ECS,Europe & Central Asia,2024,6.58797756069521,geographic_region,,
LCN,Latin America & Caribbean,1971,11.8374439803665,geographic_region,,
LCN,Latin America & Caribbean,1972,11.9368625056713,geographic_region,,
LCN,Latin America & Caribbean,1973,11.9887794296381,geographic_region,,
LCN,Latin America & Caribbean,1974,11.7526308338446,geographic_region,,
LCN,Latin America & Caribbean,1975,12.0236294854112,geographic_region,,
LCN,Latin America & Caribbean,1976,12.0657364542204,geographic_region,,
LCN,Latin America & Caribbean,1977,12.161173776734,geographic_region,,
LCN,Latin America & Caribbean,1978,11.9436780835745,geographic_region,,
LCN,Latin America & Caribbean,1979,12.0566134532396,geographic_region,,
LCN,Latin America & Caribbean,1980,12.4947502210433,geographic_region,,
LCN,Latin America & Caribbean,1981,11.6574710504274,geographic_region,,
LCN,Latin America & Caribbean,1982,12.8648507767528,geographic_region,,
LCN,Latin America & Caribbean,1983,12.4848174902512,geographic_region,,
LCN,Latin America & Caribbean,1984,11.7872698366561,geographic_region,,
LCN,Latin America & Caribbean,1985,12.5693559251775,geographic_region,,
LCN,Latin America & Caribbean,1986,13.3166116049569,geographic_region,,
LCN,Latin America & Caribbean,1987,14.0185184845578,geographic_region,,
LCN,Latin America & Caribbean,1988,13.9635220874951,geographic_region,,
LCN,Latin America & Caribbean,1989,14.8286752068005,geographic_region,,
LCN,Latin America & Caribbean,1990,14.5037710902484,geographic_region,,
LCN,Latin America & Caribbean,1991,15.0181164543915,geographic_region,,
LCN,Latin America & Caribbean,1992,14.8148939091173,geographic_region,,
LCN,Latin America & Caribbean,1993,15.4125576280874,geographic_region,,
LCN,Latin America & Caribbean,1994,15.7712116881404,geographic_region,,
LCN,Latin America & Caribbean,1995,15.9264135436352,geographic_region,,
LCN,Latin America & Caribbean,1996,16.0604200814815,geographic_region,,
LCN,Latin America & Caribbean,1997,16.1671105334172,geographic_region,,
LCN,Latin America & Caribbean,1998,15.7390772588087,geographic_region,,
LCN,Latin America & Caribbean,1999,15.8777270338999,geographic_region,,
LCN,Latin America & Caribbean,2000,15.7741470584623,geographic_region,,
LCN,Latin America & Caribbean,2001,15.7100547813076,geographic_region,,
LCN,Latin America & Caribbean,2002,15.5845973862352,geographic_region,,
LCN,Latin America & Caribbean,2003,15.0339181131349,geographic_region,,
LCN,Latin America & Caribbean,2004,16.0969909170897,geographic_region,,
LCN,Latin America & Caribbean,2005,16.1139032837687,geographic_region,,
LCN,Latin America & Caribbean,2006,16.1161103723791,geographic_region,,
LCN,Latin America & Caribbean,2007,16.0063740859339,geographic_region,,
LCN,Latin America & Caribbean,2008,16.1247037273544,geographic_region,,
LCN,Latin America & Caribbean,2009,16.4114954046156,geographic_region,,
LCN,Latin America & Caribbean,2010,16.2199782774991,geographic_region,,
LCN,Latin America & Caribbean,2011,15.6762406803557,geographic_region,,
LCN,Latin America & Caribbean,2012,15.8808219095401,geographic_region,,
LCN,Latin America & Caribbean,2013,15.7178964618601,geographic_region,,
LCN,Latin America & Caribbean,2014,15.1662391910434,geographic_region,,
LCN,Latin America & Caribbean,2015,14.9039363667878,geographic_region,,
LCN,Latin America & Caribbean,2016,14.7938012472608,geographic_region,,
LCN,Latin America & Caribbean,2017,14.714279008173,geographic_region,,
LCN,Latin America & Caribbean,2018,13.5959827934847,geographic_region,,
LCN,Latin America & Caribbean,2019,13.9159887127859,geographic_region,,
LCN,Latin America & Caribbean,2020,13.9185339816251,geographic_region,,
LCN,Latin America & Caribbean,2021,14.0175041010421,geographic_region,,
LCN,Latin America & Caribbean,2022,13.8393411390136,geographic_region,,
LCN,Latin America & Caribbean,2023,14.1067491161725,geographic_region,,
LCN,Latin America & Caribbean,2024,13.6196329716526,geographic_region,,
MEA,"Middle East, North Africa, Afghanistan & Pakistan",1971,9.95589161940769,geographic_region,,
MEA,"Middle East, North Africa, Afghanistan & Pakistan",1972,9.48334780279661,geographic_region,,
MEA,"Middle East, North Africa, Afghanistan & Pakistan",1973,9.06566027871718,geographic_region,,
MEA,"Middle East, North Africa, Afghanistan & Pakistan",1974,9.57724692456988,geographic_region,,
MEA,"Middle East, North Africa, Afghanistan & Pakistan",1975,10.1093995354089,geographic_region,,
MEA,"Middle East, North Africa, Afghanistan & Pakistan",1976,10.9423596449409,geographic_region,,
MEA,"Middle East, North Africa, Afghanistan & Pakistan",1977,11.0037271823105,geographic_region,,
MEA,"Middle East, North Africa, Afghanistan & Pakistan",1978,10.9024379491249,geographic_region,,
MEA,"Middle East, North Africa, Afghanistan & Pakistan",1979,10.5607165328102,geographic_region,,
MEA,"Middle East, North Africa, Afghanistan & Pakistan",1980,10.8926173151322,geographic_region,,
MEA,"Middle East, North Africa, Afghanistan & Pakistan",1981,12.4600088010371,geographic_region,,
MEA,"Middle East, North Africa, Afghanistan & Pakistan",1982,11.4876311358632,geographic_region,,
MEA,"Middle East, North Africa, Afghanistan & Pakistan",1983,11.1171169491999,geographic_region,,
MEA,"Middle East, North Africa, Afghanistan & Pakistan",1984,11.2271885744512,geographic_region,,
MEA,"Middle East, North Africa, Afghanistan & Pakistan",1985,12.2078933207134,geographic_region,,
MEA,"Middle East, North Africa, Afghanistan & Pakistan",1986,9.47223710051776,geographic_region,,
MEA,"Middle East, North Africa, Afghanistan & Pakistan",1987,10.5589171143915,geographic_region,,
MEA,"Middle East, North Africa, Afghanistan & Pakistan",1988,11.1691497093023,geographic_region,,
MEA,"Middle East, North Africa, Afghanistan & Pakistan",1989,10.637777771387,geographic_region,,
MEA,"Middle East, North Africa, Afghanistan & Pakistan",1990,10.3822945310113,geographic_region,,
MEA,"Middle East, North Africa, Afghanistan & Pakistan",1991,10.6203555927389,geographic_region,,
MEA,"Middle East, North Africa, Afghanistan & Pakistan",1992,10.3830530081053,geographic_region,,
MEA,"Middle East, North Africa, Afghanistan & Pakistan",1993,11.0809540749329,geographic_region,,
MEA,"Middle East, North Africa, Afghanistan & Pakistan",1994,11.4989091886638,geographic_region,,
MEA,"Middle East, North Africa, Afghanistan & Pakistan",1995,11.3962138981686,geographic_region,,
MEA,"Middle East, North Africa, Afghanistan & Pakistan",1996,11.120424647359,geographic_region,,
MEA,"Middle East, North Africa, Afghanistan & Pakistan",1997,11.9920512969446,geographic_region,,
MEA,"Middle East, North Africa, Afghanistan & Pakistan",1998,12.1681600657499,geographic_region,,
MEA,"Middle East, North Africa, Afghanistan & Pakistan",1999,11.999434670245,geographic_region,,
MEA,"Middle East, North Africa, Afghanistan & Pakistan",2000,13.1212326037352,geographic_region,,
MEA,"Middle East, North Africa, Afghanistan & Pakistan",2001,12.7988361065728,geographic_region,,
MEA,"Middle East, North Africa, Afghanistan & Pakistan",2002,12.720313852996,geographic_region,,
MEA,"Middle East, North Africa, Afghanistan & Pakistan",2003,11.8717290291025,geographic_region,,
MEA,"Middle East, North Africa, Afghanistan & Pakistan",2004,12.8602667379443,geographic_region,,
MEA,"Middle East, North Africa, Afghanistan & Pakistan",2005,14.0700429060201,geographic_region,,
MEA,"Middle East, North Africa, Afghanistan & Pakistan",2006,13.3934808498714,geographic_region,,
MEA,"Middle East, North Africa, Afghanistan & Pakistan",2007,13.787360123451,geographic_region,,
MEA,"Middle East, North Africa, Afghanistan & Pakistan",2008,14.4719577674503,geographic_region,,
MEA,"Middle East, North Africa, Afghanistan & Pakistan",2009,14.0943653885621,geographic_region,,
MEA,"Middle East, North Africa, Afghanistan & Pakistan",2010,13.0428999107654,geographic_region,,
MEA,"Middle East, North Africa, Afghanistan & Pakistan",2011,13.0982270253029,geographic_region,,
MEA,"Middle East, North Africa, Afghanistan & Pakistan",2012,12.7569591518119,geographic_region,,
MEA,"Middle East, North Africa, Afghanistan & Pakistan",2013,12.8199593649344,geographic_region,,
MEA,"Middle East, North Africa, Afghanistan & Pakistan",2014,12.3006324242755,geographic_region,,
MEA,"Middle East, North Africa, Afghanistan & Pakistan",2015,13.6852951987207,geographic_region,,
MEA,"Middle East, North Africa, Afghanistan & Pakistan",2016,13.9277395300875,geographic_region,,
MEA,"Middle East, North Africa, Afghanistan & Pakistan",2017,13.7285287095204,geographic_region,,
MEA,"Middle East, North Africa, Afghanistan & Pakistan",2018,13.720878384013,geographic_region,,
MEA,"Middle East, North Africa, Afghanistan & Pakistan",2019,14.3035345768823,geographic_region,,
MEA,"Middle East, North Africa, Afghanistan & Pakistan",2020,14.6591600713878,geographic_region,,
MEA,"Middle East, North Africa, Afghanistan & Pakistan",2021,14.1310477283331,geographic_region,,
MEA,"Middle East, North Africa, Afghanistan & Pakistan",2022,14.2799775565845,geographic_region,,
MEA,"Middle East, North Africa, Afghanistan & Pakistan",2023,14.4178796292978,geographic_region,,
MEA,"Middle East, North Africa, Afghanistan & Pakistan",2024,3.92262752221513,geographic_region,,
NAC,North America,1960,9.02718848462013,geographic_region,,
NAC,North America,1961,8.84531298566335,geographic_region,,
NAC,North America,1962,8.58501960201844,geographic_region,,
NAC,North America,1963,8.6481880534324,geographic_region,,
NAC,North America,1964,8.61038231996974,geographic_region,,
NAC,North America,1965,8.86132972106617,geographic_region,,
NAC,North America,1966,9.2492081406779,geographic_region,,
NAC,North America,1967,8.82933212853643,geographic_region,,
NAC,North America,1968,8.80767809140843,geographic_region,,
NAC,North America,1969,8.33409272291954,geographic_region,,
NAC,North America,1970,8.62412682863506,geographic_region,,
NAC,North America,1971,8.46218054833413,geographic_region,,
NAC,North America,1972,8.74360348573074,geographic_region,,
NAC,North America,1973,8.44752391986008,geographic_region,,
NAC,North America,1974,8.35432983019836,geographic_region,,
NAC,North America,1975,8.92603048631262,geographic_region,,
NAC,North America,1976,9.07331445949945,geographic_region,,
NAC,North America,1977,8.54056402868686,geographic_region,,
NAC,North America,1978,8.92876414490915,geographic_region,,
NAC,North America,1979,8.63341661845252,geographic_region,,
NAC,North America,1980,8.75887935362376,geographic_region,,
NAC,North America,1981,7.37726544164352,geographic_region,,
NAC,North America,1982,8.13506879924052,geographic_region,,
NAC,North America,1983,8.30366800029403,geographic_region,,
NAC,North America,1984,6.94356891815175,geographic_region,,
NAC,North America,1985,7.13400286999929,geographic_region,,
NAC,North America,1986,6.62588853620196,geographic_region,,
NAC,North America,1987,5.46664239357572,geographic_region,,
NAC,North America,1988,5.44457590639381,geographic_region,,
NAC,North America,1989,9.6808529408197,geographic_region,,
NAC,North America,1990,8.93695093692446,geographic_region,,
NAC,North America,1991,6.99711081310427,geographic_region,,
NAC,North America,1992,7.1921617982621,geographic_region,,
NAC,North America,1993,7.33659138135084,geographic_region,,
NAC,North America,1994,6.88334456177442,geographic_region,,
NAC,North America,1995,6.96122269975048,geographic_region,,
NAC,North America,1996,6.95808181528637,geographic_region,,
NAC,North America,1997,6.02083119253041,geographic_region,,
NAC,North America,1998,6.08435864614774,geographic_region,,
NAC,North America,1999,5.88426061797534,geographic_region,,
NAC,North America,2000,6.07367090759392,geographic_region,,
NAC,North America,2001,4.9629589732196,geographic_region,,
NAC,North America,2002,6.47233813190838,geographic_region,,
NAC,North America,2003,5.89899274422244,geographic_region,,
NAC,North America,2004,6.66614175602712,geographic_region,,
NAC,North America,2005,5.92588403377722,geographic_region,,
NAC,North America,2006,5.89462479088988,geographic_region,,
NAC,North America,2007,5.78940528066688,geographic_region,,
NAC,North America,2008,5.39038280758618,geographic_region,,
NAC,North America,2009,5.98341643460223,geographic_region,,
NAC,North America,2010,5.75885900720347,geographic_region,,
NAC,North America,2011,5.74278887928775,geographic_region,,
NAC,North America,2012,5.98727690454916,geographic_region,,
NAC,North America,2013,5.66738041378532,geographic_region,,
NAC,North America,2014,5.69293661975775,geographic_region,,
NAC,North America,2015,5.80008678474188,geographic_region,,
NAC,North America,2016,5.36031616850798,geographic_region,,
NAC,North America,2017,5.28368909673547,geographic_region,,
NAC,North America,2018,4.78379265649963,geographic_region,,
NAC,North America,2019,5.50438709523942,geographic_region,,
NAC,North America,2020,4.69990325764411,geographic_region,,
NAC,North America,2021,5.3793463796158,geographic_region,,
NAC,North America,2022,4.48939511589761,geographic_region,,
NAC,North America,2023,5.29798108008568,geographic_region,,
NAC,North America,2024,5.17390338994555,geographic_region,,
SAS,South Asia,1971,16.6081871345029,geographic_region,,
SAS,South Asia,1972,17.5200969056271,geographic_region,,
SAS,South Asia,1973,17.8854450122785,geographic_region,,
SAS,South Asia,1974,17.5413634188723,geographic_region,,
SAS,South Asia,1975,17.0604797837594,geographic_region,,
SAS,South Asia,1976,17.3991431089143,geographic_region,,
SAS,South Asia,1977,16.9726115770336,geographic_region,,
SAS,South Asia,1978,17.720596627073,geographic_region,,
SAS,South Asia,1979,18.0278944082914,geographic_region,,
SAS,South Asia,1980,18.0068513482073,geographic_region,,
SAS,South Asia,1981,18.0685108338135,geographic_region,,
SAS,South Asia,1982,18.3400495548234,geographic_region,,
SAS,South Asia,1983,18.3483158168146,geographic_region,,
SAS,South Asia,1984,18.359720774928,geographic_region,,
SAS,South Asia,1985,18.6891498025921,geographic_region,,
SAS,South Asia,1986,18.4309599743353,geographic_region,,
SAS,South Asia,1987,19.3257462815935,geographic_region,,
SAS,South Asia,1988,18.653340885134,geographic_region,,
SAS,South Asia,1989,19.7952617103293,geographic_region,,
SAS,South Asia,1990,19.8549281280085,geographic_region,,
SAS,South Asia,1991,19.8555978674791,geographic_region,,
SAS,South Asia,1992,18.6970917432783,geographic_region,,
SAS,South Asia,1993,18.272175999266,geographic_region,,
SAS,South Asia,1994,18.0460920093711,geographic_region,,
SAS,South Asia,1995,18.9135747969218,geographic_region,,
SAS,South Asia,1996,20.6965209194147,geographic_region,,
SAS,South Asia,1997,20.8376712441955,geographic_region,,
SAS,South Asia,1998,22.2127850577226,geographic_region,,
SAS,South Asia,1999,25.782669318074,geographic_region,,
SAS,South Asia,2000,27.2095017199151,geographic_region,,
SAS,South Asia,2001,28.1010798137569,geographic_region,,
SAS,South Asia,2002,26.4777284281064,geographic_region,,
SAS,South Asia,2003,26.5941141090945,geographic_region,,
SAS,South Asia,2004,25.2641855544802,geographic_region,,
SAS,South Asia,2005,24.6799284325332,geographic_region,,
SAS,South Asia,2006,23.136876842359,geographic_region,,
SAS,South Asia,2007,22.2424944167589,geographic_region,,
SAS,South Asia,2008,20.9607686866887,geographic_region,,
SAS,South Asia,2009,20.8905308428975,geographic_region,,
SAS,South Asia,2010,19.6132628959426,geographic_region,,
SAS,South Asia,2011,19.2601949593775,geographic_region,,
SAS,South Asia,2012,18.6890213898118,geographic_region,,
SAS,South Asia,2013,18.5366594464116,geographic_region,,
SAS,South Asia,2014,17.477232353834,geographic_region,,
SAS,South Asia,2015,17.4547478800494,geographic_region,,
SAS,South Asia,2016,16.9929424952832,geographic_region,,
SAS,South Asia,2017,16.7207285883601,geographic_region,,
SAS,South Asia,2018,16.3360160459271,geographic_region,,
SAS,South Asia,2019,15.9752206172493,geographic_region,,
SAS,South Asia,2020,17.1635157335876,geographic_region,,
SAS,South Asia,2021,16.0982951127627,geographic_region,,
SAS,South Asia,2022,14.4607270147117,geographic_region,,
SAS,South Asia,2023,13.8277184928606,geographic_region,,
SSF,Sub-Saharan Africa,1971,7.94214084278987,geographic_region,,
SSF,Sub-Saharan Africa,1972,7.3340226513093,geographic_region,,
SSF,Sub-Saharan Africa,1973,7.54616947954405,geographic_region,,
SSF,Sub-Saharan Africa,1974,7.39533287577213,geographic_region,,
SSF,Sub-Saharan Africa,1975,7.69367348845902,geographic_region,,
SSF,Sub-Saharan Africa,1976,7.70534859411646,geographic_region,,
SSF,Sub-Saharan Africa,1977,7.61548913043478,geographic_region,,
SSF,Sub-Saharan Africa,1978,8.12520178481254,geographic_region,,
SSF,Sub-Saharan Africa,1979,9.09779440453513,geographic_region,,
SSF,Sub-Saharan Africa,1980,9.16376281688932,geographic_region,,
SSF,Sub-Saharan Africa,1981,9.7340564516643,geographic_region,,
SSF,Sub-Saharan Africa,1982,8.58856692123784,geographic_region,,
SSF,Sub-Saharan Africa,1983,9.140569210393,geographic_region,,
SSF,Sub-Saharan Africa,1984,8.65320662405447,geographic_region,,
SSF,Sub-Saharan Africa,1985,8.417933235436,geographic_region,,
SSF,Sub-Saharan Africa,1986,6.59869797366425,geographic_region,,
SSF,Sub-Saharan Africa,1987,7.5314883891203,geographic_region,,
SSF,Sub-Saharan Africa,1988,7.39699576908879,geographic_region,,
SSF,Sub-Saharan Africa,1989,7.6592522307173,geographic_region,,
SSF,Sub-Saharan Africa,1990,7.84033404669854,geographic_region,,
SSF,Sub-Saharan Africa,1991,8.35800491295525,geographic_region,,
SSF,Sub-Saharan Africa,1992,9.18312133366543,geographic_region,,
SSF,Sub-Saharan Africa,1993,8.65045278998535,geographic_region,,
SSF,Sub-Saharan Africa,1994,9.24093873386274,geographic_region,,
SSF,Sub-Saharan Africa,1995,8.14794574021665,geographic_region,,
SSF,Sub-Saharan Africa,1996,9.06940469270783,geographic_region,,
SSF,Sub-Saharan Africa,1997,9.24757393346962,geographic_region,,
SSF,Sub-Saharan Africa,1998,9.74425911462513,geographic_region,,
SSF,Sub-Saharan Africa,1999,9.80988807415704,geographic_region,,
SSF,Sub-Saharan Africa,2000,10.3639551097213,geographic_region,,
SSF,Sub-Saharan Africa,2001,10.450359631117,geographic_region,,
SSF,Sub-Saharan Africa,2002,9.58245681933096,geographic_region,,
SSF,Sub-Saharan Africa,2003,10.6626894841928,geographic_region,,
SSF,Sub-Saharan Africa,2004,12.1925932658823,geographic_region,,
SSF,Sub-Saharan Africa,2005,11.1501351370275,geographic_region,,
SSF,Sub-Saharan Africa,2006,11.256809694958,geographic_region,,
SSF,Sub-Saharan Africa,2007,10.7693070055787,geographic_region,,
SSF,Sub-Saharan Africa,2008,11.4496515917475,geographic_region,,
SSF,Sub-Saharan Africa,2009,12.2317607959312,geographic_region,,
SSF,Sub-Saharan Africa,2010,12.0103181513146,geographic_region,,
SSF,Sub-Saharan Africa,2011,11.7305340151686,geographic_region,,
SSF,Sub-Saharan Africa,2012,11.6581086095252,geographic_region,,
SSF,Sub-Saharan Africa,2013,11.614604500376,geographic_region,,
SSF,Sub-Saharan Africa,2014,12.2017057626996,geographic_region,,
SSF,Sub-Saharan Africa,2015,11.8842311394338,geographic_region,,
SSF,Sub-Saharan Africa,2016,12.3411443837165,geographic_region,,
SSF,Sub-Saharan Africa,2017,11.802784197563,geographic_region,,
SSF,Sub-Saharan Africa,2018,12.2846255972833,geographic_region,,
SSF,Sub-Saharan Africa,2019,12.2436470757472,geographic_region,,
SSF,Sub-Saharan Africa,2020,13.322078314771,geographic_region,,
SSF,Sub-Saharan Africa,2021,13.3101856563099,geographic_region,,
SSF,Sub-Saharan Africa,2022,13.2802275729274,geographic_region,,
SSF,Sub-Saharan Africa,2023,13.3566969485682,geographic_region,,
SSF,Sub-Saharan Africa,2024,25.7594640909799,geographic_region,,
ABW,Aruba,,,iso3_region,LCN,Latin America & Caribbean
AFG,Afghanistan,,,iso3_region,MEA,"Middle East, North Africa, Afghanistan & Pakistan"
AGO,Angola,,,iso3_region,SSF,Sub-Saharan Africa
ALB,Albania,,,iso3_region,ECS,Europe & Central Asia
AND,Andorra,,,iso3_region,ECS,Europe & Central Asia
ARE,United Arab Emirates,,,iso3_region,MEA,"Middle East, North Africa, Afghanistan & Pakistan"
ARG,Argentina,,,iso3_region,LCN,Latin America & Caribbean
ARM,Armenia,,,iso3_region,ECS,Europe & Central Asia
ASM,American Samoa,,,iso3_region,EAS,East Asia & Pacific
ATG,Antigua and Barbuda,,,iso3_region,LCN,Latin America & Caribbean
AUS,Australia,,,iso3_region,EAS,East Asia & Pacific
AUT,Austria,,,iso3_region,ECS,Europe & Central Asia
AZE,Azerbaijan,,,iso3_region,ECS,Europe & Central Asia
BDI,Burundi,,,iso3_region,SSF,Sub-Saharan Africa
BEL,Belgium,,,iso3_region,ECS,Europe & Central Asia
BEN,Benin,,,iso3_region,SSF,Sub-Saharan Africa
BFA,Burkina Faso,,,iso3_region,SSF,Sub-Saharan Africa
BGD,Bangladesh,,,iso3_region,SAS,South Asia
BGR,Bulgaria,,,iso3_region,ECS,Europe & Central Asia
BHR,Bahrain,,,iso3_region,MEA,"Middle East, North Africa, Afghanistan & Pakistan"
BHS,"Bahamas, The",,,iso3_region,LCN,Latin America & Caribbean
BIH,Bosnia and Herzegovina,,,iso3_region,ECS,Europe & Central Asia
BLR,Belarus,,,iso3_region,ECS,Europe & Central Asia
BLZ,Belize,,,iso3_region,LCN,Latin America & Caribbean
BMU,Bermuda,,,iso3_region,NAC,North America
BOL,Bolivia,,,iso3_region,LCN,Latin America & Caribbean
BRA,Brazil,,,iso3_region,LCN,Latin America & Caribbean
BRB,Barbados,,,iso3_region,LCN,Latin America & Caribbean
BRN,Brunei Darussalam,,,iso3_region,EAS,East Asia & Pacific
BTN,Bhutan,,,iso3_region,SAS,South Asia
BWA,Botswana,,,iso3_region,SSF,Sub-Saharan Africa
CAF,Central African Republic,,,iso3_region,SSF,Sub-Saharan Africa
CAN,Canada,,,iso3_region,NAC,North America
CHE,Switzerland,,,iso3_region,ECS,Europe & Central Asia
CHI,Channel Islands,,,iso3_region,ECS,Europe & Central Asia
CHL,Chile,,,iso3_region,LCN,Latin America & Caribbean
CHN,China,,,iso3_region,EAS,East Asia & Pacific
CIV,Cote d'Ivoire,,,iso3_region,SSF,Sub-Saharan Africa
CMR,Cameroon,,,iso3_region,SSF,Sub-Saharan Africa
COD,"Congo, Dem. Rep.",,,iso3_region,SSF,Sub-Saharan Africa
COG,"Congo, Rep.",,,iso3_region,SSF,Sub-Saharan Africa
COL,Colombia,,,iso3_region,LCN,Latin America & Caribbean
COM,Comoros,,,iso3_region,SSF,Sub-Saharan Africa
CPV,Cabo Verde,,,iso3_region,SSF,Sub-Saharan Africa
CRI,Costa Rica,,,iso3_region,LCN,Latin America & Caribbean
CUB,Cuba,,,iso3_region,LCN,Latin America & Caribbean
CUW,Curacao,,,iso3_region,LCN,Latin America & Caribbean
CYM,Cayman Islands,,,iso3_region,LCN,Latin America & Caribbean
CYP,Cyprus,,,iso3_region,ECS,Europe & Central Asia
CZE,Czechia,,,iso3_region,ECS,Europe & Central Asia
DEU,Germany,,,iso3_region,ECS,Europe & Central Asia
DJI,Djibouti,,,iso3_region,MEA,"Middle East, North Africa, Afghanistan & Pakistan"
DMA,Dominica,,,iso3_region,LCN,Latin America & Caribbean
DNK,Denmark,,,iso3_region,ECS,Europe & Central Asia
DOM,Dominican Republic,,,iso3_region,LCN,Latin America & Caribbean
DZA,Algeria,,,iso3_region,MEA,"Middle East, North Africa, Afghanistan & Pakistan"
ECU,Ecuador,,,iso3_region,LCN,Latin America & Caribbean
EGY,"Egypt, Arab Rep.",,,iso3_region,MEA,"Middle East, North Africa, Afghanistan & Pakistan"
ERI,Eritrea,,,iso3_region,SSF,Sub-Saharan Africa
ESP,Spain,,,iso3_region,ECS,Europe & Central Asia
EST,Estonia,,,iso3_region,ECS,Europe & Central Asia
ETH,Ethiopia,,,iso3_region,SSF,Sub-Saharan Africa
FIN,Finland,,,iso3_region,ECS,Europe & Central Asia
FJI,Fiji,,,iso3_region,EAS,East Asia & Pacific
FRA,France,,,iso3_region,ECS,Europe & Central Asia
FRO,Faroe Islands,,,iso3_region,ECS,Europe & Central Asia
FSM,"Micronesia, Fed. Sts.",,,iso3_region,EAS,East Asia & Pacific
GAB,Gabon,,,iso3_region,SSF,Sub-Saharan Africa
GBR,United Kingdom,,,iso3_region,ECS,Europe & Central Asia
GEO,Georgia,,,iso3_region,ECS,Europe & Central Asia
GHA,Ghana,,,iso3_region,SSF,Sub-Saharan Africa
GIB,Gibraltar,,,iso3_region,ECS,Europe & Central Asia
GIN,Guinea,,,iso3_region,SSF,Sub-Saharan Africa
GMB,"Gambia, The",,,iso3_region,SSF,Sub-Saharan Africa
GNB,Guinea-Bissau,,,iso3_region,SSF,Sub-Saharan Africa
GNQ,Equatorial Guinea,,,iso3_region,SSF,Sub-Saharan Africa
GRC,Greece,,,iso3_region,ECS,Europe & Central Asia
GRD,Grenada,,,iso3_region,LCN,Latin America & Caribbean
GRL,Greenland,,,iso3_region,ECS,Europe & Central Asia
GTM,Guatemala,,,iso3_region,LCN,Latin America & Caribbean
GUM,Guam,,,iso3_region,EAS,East Asia & Pacific
GUY,Guyana,,,iso3_region,LCN,Latin America & Caribbean
HKG,"Hong Kong SAR, China",,,iso3_region,EAS,East Asia & Pacific
HND,Honduras,,,iso3_region,LCN,Latin America & Caribbean
HRV,Croatia,,,iso3_region,ECS,Europe & Central Asia
HTI,Haiti,,,iso3_region,LCN,Latin America & Caribbean
HUN,Hungary,,,iso3_region,ECS,Europe & Central Asia
IDN,Indonesia,,,iso3_region,EAS,East Asia & Pacific
IMN,Isle of Man,,,iso3_region,ECS,Europe & Central Asia
IND,India,,,iso3_region,SAS,South Asia
IRL,Ireland,,,iso3_region,ECS,Europe & Central Asia
IRN,"Iran, Islamic Rep.",,,iso3_region,MEA,"Middle East, North Africa, Afghanistan & Pakistan"
IRQ,Iraq,,,iso3_region,MEA,"Middle East, North Africa, Afghanistan & Pakistan"
ISL,Iceland,,,iso3_region,ECS,Europe & Central Asia
ISR,Israel,,,iso3_region,MEA,"Middle East, North Africa, Afghanistan & Pakistan"
ITA,Italy,,,iso3_region,ECS,Europe & Central Asia
JAM,Jamaica,,,iso3_region,LCN,Latin America & Caribbean
JOR,Jordan,,,iso3_region,MEA,"Middle East, North Africa, Afghanistan & Pakistan"
JPN,Japan,,,iso3_region,EAS,East Asia & Pacific
KAZ,Kazakhstan,,,iso3_region,ECS,Europe & Central Asia
KEN,Kenya,,,iso3_region,SSF,Sub-Saharan Africa
KGZ,Kyrgyz Republic,,,iso3_region,ECS,Europe & Central Asia
KHM,Cambodia,,,iso3_region,EAS,East Asia & Pacific
KIR,Kiribati,,,iso3_region,EAS,East Asia & Pacific
KNA,St. Kitts and Nevis,,,iso3_region,LCN,Latin America & Caribbean
KOR,"Korea, Rep.",,,iso3_region,EAS,East Asia & Pacific
KWT,Kuwait,,,iso3_region,MEA,"Middle East, North Africa, Afghanistan & Pakistan"
LAO,Lao PDR,,,iso3_region,EAS,East Asia & Pacific
LBN,Lebanon,,,iso3_region,MEA,"Middle East, North Africa, Afghanistan & Pakistan"
LBR,Liberia,,,iso3_region,SSF,Sub-Saharan Africa
LBY,Libya,,,iso3_region,MEA,"Middle East, North Africa, Afghanistan & Pakistan"
LCA,St. Lucia,,,iso3_region,LCN,Latin America & Caribbean
LIE,Liechtenstein,,,iso3_region,ECS,Europe & Central Asia
LKA,Sri Lanka,,,iso3_region,SAS,South Asia
LSO,Lesotho,,,iso3_region,SSF,Sub-Saharan Africa
LTU,Lithuania,,,iso3_region,ECS,Europe & Central Asia
LUX,Luxembourg,,,iso3_region,ECS,Europe & Central Asia
LVA,Latvia,,,iso3_region,ECS,Europe & Central Asia
MAC,"Macao SAR, China",,,iso3_region,EAS,East Asia & Pacific
MAF,St. Martin (French part),,,iso3_region,LCN,Latin America & Caribbean
MAR,Morocco,,,iso3_region,MEA,"Middle East, North Africa, Afghanistan & Pakistan"
MCO,Monaco,,,iso3_region,ECS,Europe & Central Asia
MDA,Moldova,,,iso3_region,ECS,Europe & Central Asia
MDG,Madagascar,,,iso3_region,SSF,Sub-Saharan Africa
MDV,Maldives,,,iso3_region,SAS,South Asia
MEX,Mexico,,,iso3_region,LCN,Latin America & Caribbean
MHL,Marshall Islands,,,iso3_region,EAS,East Asia & Pacific
MKD,North Macedonia,,,iso3_region,ECS,Europe & Central Asia
MLI,Mali,,,iso3_region,SSF,Sub-Saharan Africa
MLT,Malta,,,iso3_region,MEA,"Middle East, North Africa, Afghanistan & Pakistan"
MMR,Myanmar,,,iso3_region,EAS,East Asia & Pacific
MNE,Montenegro,,,iso3_region,ECS,Europe & Central Asia
MNG,Mongolia,,,iso3_region,EAS,East Asia & Pacific
MNP,Northern Mariana Islands,,,iso3_region,EAS,East Asia & Pacific
MOZ,Mozambique,,,iso3_region,SSF,Sub-Saharan Africa
MRT,Mauritania,,,iso3_region,SSF,Sub-Saharan Africa
MUS,Mauritius,,,iso3_region,SSF,Sub-Saharan Africa
MWI,Malawi,,,iso3_region,SSF,Sub-Saharan Africa
MYS,Malaysia,,,iso3_region,EAS,East Asia & Pacific
NAM,Namibia,,,iso3_region,SSF,Sub-Saharan Africa
NCL,New Caledonia,,,iso3_region,EAS,East Asia & Pacific
NER,Niger,,,iso3_region,SSF,Sub-Saharan Africa
NGA,Nigeria,,,iso3_region,SSF,Sub-Saharan Africa
NIC,Nicaragua,,,iso3_region,LCN,Latin America & Caribbean
NLD,Netherlands,,,iso3_region,ECS,Europe & Central Asia
NOR,Norway,,,iso3_region,ECS,Europe & Central Asia
NPL,Nepal,,,iso3_region,SAS,South Asia
NRU,Naoero,,,iso3_region,EAS,East Asia & Pacific
NZL,New Zealand,,,iso3_region,EAS,East Asia & Pacific
OMN,Oman,,,iso3_region,MEA,"Middle East, North Africa, Afghanistan & Pakistan"
PAK,Pakistan,,,iso3_region,MEA,"Middle East, North Africa, Afghanistan & Pakistan"
PAN,Panama,,,iso3_region,LCN,Latin America & Caribbean
PER,Peru,,,iso3_region,LCN,Latin America & Caribbean
PHL,Philippines,,,iso3_region,EAS,East Asia & Pacific
PLW,Palau,,,iso3_region,EAS,East Asia & Pacific
PNG,Papua New Guinea,,,iso3_region,EAS,East Asia & Pacific
POL,Poland,,,iso3_region,ECS,Europe & Central Asia
PRI,Puerto Rico (US),,,iso3_region,LCN,Latin America & Caribbean
PRK,"Korea, Dem. People's Rep.",,,iso3_region,EAS,East Asia & Pacific
PRT,Portugal,,,iso3_region,ECS,Europe & Central Asia
PRY,Paraguay,,,iso3_region,LCN,Latin America & Caribbean
PSE,West Bank and Gaza,,,iso3_region,MEA,"Middle East, North Africa, Afghanistan & Pakistan"
PYF,French Polynesia,,,iso3_region,EAS,East Asia & Pacific
QAT,Qatar,,,iso3_region,MEA,"Middle East, North Africa, Afghanistan & Pakistan"
ROU,Romania,,,iso3_region,ECS,Europe & Central Asia
RUS,Russian Federation,,,iso3_region,ECS,Europe & Central Asia
RWA,Rwanda,,,iso3_region,SSF,Sub-Saharan Africa
SAU,Saudi Arabia,,,iso3_region,MEA,"Middle East, North Africa, Afghanistan & Pakistan"
SDN,Sudan,,,iso3_region,SSF,Sub-Saharan Africa
SEN,Senegal,,,iso3_region,SSF,Sub-Saharan Africa
SGP,Singapore,,,iso3_region,EAS,East Asia & Pacific
SLB,Solomon Islands,,,iso3_region,EAS,East Asia & Pacific
SLE,Sierra Leone,,,iso3_region,SSF,Sub-Saharan Africa
SLV,El Salvador,,,iso3_region,LCN,Latin America & Caribbean
SMR,San Marino,,,iso3_region,ECS,Europe & Central Asia
SOM,"Somalia, Fed. Rep.",,,iso3_region,SSF,Sub-Saharan Africa
SRB,Serbia,,,iso3_region,ECS,Europe & Central Asia
SSD,South Sudan,,,iso3_region,SSF,Sub-Saharan Africa
STP,Sao Tome and Principe,,,iso3_region,SSF,Sub-Saharan Africa
SUR,Suriname,,,iso3_region,LCN,Latin America & Caribbean
SVK,Slovak Republic,,,iso3_region,ECS,Europe & Central Asia
SVN,Slovenia,,,iso3_region,ECS,Europe & Central Asia
SWE,Sweden,,,iso3_region,ECS,Europe & Central Asia
SWZ,Eswatini,,,iso3_region,SSF,Sub-Saharan Africa
SXM,Sint Maarten (Dutch part),,,iso3_region,LCN,Latin America & Caribbean
SYC,Seychelles,,,iso3_region,SSF,Sub-Saharan Africa
SYR,Syrian Arab Republic,,,iso3_region,MEA,"Middle East, North Africa, Afghanistan & Pakistan"
TCA,Turks and Caicos Islands,,,iso3_region,LCN,Latin America & Caribbean
TCD,Chad,,,iso3_region,SSF,Sub-Saharan Africa
TGO,Togo,,,iso3_region,SSF,Sub-Saharan Africa
THA,Thailand,,,iso3_region,EAS,East Asia & Pacific
TJK,Tajikistan,,,iso3_region,ECS,Europe & Central Asia
TKM,Turkmenistan,,,iso3_region,ECS,Europe & Central Asia
TLS,Timor-Leste,,,iso3_region,EAS,East Asia & Pacific
TON,Tonga,,,iso3_region,EAS,East Asia & Pacific
TTO,Trinidad and Tobago,,,iso3_region,LCN,Latin America & Caribbean
TUN,Tunisia,,,iso3_region,MEA,"Middle East, North Africa, Afghanistan & Pakistan"
TUR,Turkiye,,,iso3_region,ECS,Europe & Central Asia
TUV,Tuvalu,,,iso3_region,EAS,East Asia & Pacific
TZA,Tanzania,,,iso3_region,SSF,Sub-Saharan Africa
UGA,Uganda,,,iso3_region,SSF,Sub-Saharan Africa
UKR,Ukraine,,,iso3_region,ECS,Europe & Central Asia
URY,Uruguay,,,iso3_region,LCN,Latin America & Caribbean
USA,United States,,,iso3_region,NAC,North America
UZB,Uzbekistan,,,iso3_region,ECS,Europe & Central Asia
VCT,St. Vincent and the Grenadines,,,iso3_region,LCN,Latin America & Caribbean
VEN,"Venezuela, RB",,,iso3_region,LCN,Latin America & Caribbean
VGB,British Virgin Islands,,,iso3_region,LCN,Latin America & Caribbean
VIR,Virgin Islands (U.S.),,,iso3_region,LCN,Latin America & Caribbean
VNM,Viet Nam,,,iso3_region,EAS,East Asia & Pacific
VUT,Vanuatu,,,iso3_region,EAS,East Asia & Pacific
WSM,Samoa,,,iso3_region,EAS,East Asia & Pacific
XKX,Kosovo,,,iso3_region,ECS,Europe & Central Asia
YEM,"Yemen, Rep.",,,iso3_region,MEA,"Middle East, North Africa, Afghanistan & Pakistan"
ZAF,South Africa,,,iso3_region,SSF,Sub-Saharan Africa
ZMB,Zambia,,,iso3_region,SSF,Sub-Saharan Africa
ZWE,Zimbabwe,,,iso3_region,SSF,Sub-Saharan Africa
